,Group,PD,SR,APWD,APWD_loess_prediction,APWD_residuals,APWD_highlight_high,APWD_highlight_low,R2
0,ABT,-0.7385007097709098,-0.7758306895441908,0.2368660402891352,-0.7670470501607911,1.0039130904499263,False,False,0.6793722641886856
1,AFG,0.3691825928408257,0.4611131282587262,0.9819945121609645,0.46810188395550545,0.513892628205459,False,False,0.6793722641886856
2,AGE,0.5465771888562153,0.4059955480378393,0.8241331344701999,0.6261395840235371,0.19799355044666278,False,False,0.6793722641886856
3,AGS,-0.9058457016297332,-1.3606375673589184,-2.1036915898807504,-0.9278337001254224,-1.175857889755328,False,True,0.6793722641886856
4,AGW,-0.1329690172554453,-0.4078260557832601,1.030828414667064,-0.08818902860599118,1.1190174432730553,False,False,0.6793722641886856
5,ALA,-0.1474256745288218,-0.2373600847840067,-0.5590211098209632,-0.10534132185772925,-0.45367978796323394,False,False,0.6793722641886856
6,ALB,-0.0345757146385128,0.433913264707048,0.3853186573956721,0.027018166786425345,0.3583004906092468,False,False,0.6793722641886856
7,ALD,-1.2513469347384405,-1.7447056892362882,0.5280628927168967,-1.180811555917664,1.7088744486345606,True,False,0.6793722641886856
8,ALG,-0.1942775305972008,0.1145389224482926,-0.1344322268673683,-0.16065429691471844,0.026222070047350138,False,False,0.6793722641886856
9,ALT,-0.14427155534903,0.220928367474343,-0.4535259887601952,-0.10159132601510115,-0.351934662745094,False,False,0.6793722641886856
10,ALU,-1.1829095744412936,-1.3606375673589184,-1.8351145831793036,-1.1390908546584566,-0.696023728520847,False,False,0.6793722641886856
11,AMU,-0.5173802077877031,-0.3478112764350301,0.0889810837621782,-0.5333566340215665,0.6223377177837447,False,False,0.6793722641886856
12,AND,1.2506958371546515,0.981757459988118,1.1786207476794166,1.072110908578709,0.10650983910070755,False,False,0.6793722641886856
13,ANG,1.1904967604162071,1.204599274217144,1.3151174733658284,1.0441083740359893,0.2710090993298391,False,False,0.6793722641886856
14,ARI,-0.0399348950649968,-0.0465899257343305,-0.2976886174276342,0.02090002461701811,-0.3185886420446523,False,False,0.6793722641886856
15,ARK,-0.2295782476755851,-0.4715702278899226,-0.5410341247627769,-0.2026910014579542,-0.3383431233048227,False,False,0.6793722641886856
16,ARU,-0.7446799850308468,-1.213130445937304,-0.08440509422108,-0.7731564869091515,0.6887513926880715,False,False,0.6793722641886856
17,ASK,-0.9019672955167786,-0.9708682891234034,-1.6682854552774842,-0.9242015222317213,-0.7440839330457629,False,False,0.6793722641886856
18,ASS,1.847171750854199,1.6504701239951474,1.1862729539896062,1.322875614788305,-0.13660266079869876,False,False,0.6793722641886856
19,AUT,0.0621139741541596,0.6341746128716227,0.1593499794818758,0.13960499156151487,0.019744987920360918,False,False,0.6793722641886856
20,AZO,-1.0606646912619926,-1.3606375673589184,0.4170639267482189,-1.0587038841351872,1.475767810883406,True,False,0.6793722641886856
21,BAH,-0.1302358631697786,-0.3478112764350301,-0.078967511709617,-0.08494982706219789,0.005982315352580897,False,False,0.6793722641886856
22,BAL,-0.5231611265605729,-0.3478112764350301,0.1378684240521973,-0.5396612158108433,0.6775296398630406,False,False,0.6793722641886856
23,BAN,1.801597551339997,1.7113299291882984,1.1620326789728843,1.3049616419437446,-0.14292896297086033,False,False,0.6793722641886856
24,BEN,1.0229664843569537,1.1495104228008612,1.488868361799507,0.9568922458279117,0.5319761159715954,False,False,0.6793722641886856
25,BER,-1.6792306604068477,-1.7447056892362882,-0.8126521612320124,-1.4020853449309356,0.5894331836989232,False,False,0.6793722641886856
26,BGM,-0.48912678370378,-0.0465899257343305,-0.1269353600606179,-0.5023582805894272,0.3754229205288093,False,False,0.6793722641886856
27,BIS,0.1417759728485544,-0.0465899257343305,0.7284130845583,0.22730208701261495,0.5011109975456851,False,False,0.6793722641886856
28,BKN,0.7352659049197241,0.6788568558602504,0.6388243306979974,0.7752568387817661,-0.13643250808376872,False,False,0.6793722641886856
29,BLR,-0.5127861878304757,-0.0910936706383567,-0.0401057006357972,-0.5283364415681013,0.4882307409323041,False,False,0.6793722641886856
30,BLT,-0.6727600580773268,-0.1862733238983291,-0.6818701891149934,-0.70048387462104,0.018613685506046584,False,False,0.6793722641886856
31,BLZ,0.940224459336712,0.8219889543502039,1.0172640834038256,0.9074988754354726,0.10976520796835298,False,False,0.6793722641886856
32,BOL,1.6523911644984683,1.685656484757793,1.360459130620656,1.2447773916445768,0.11568173897607914,False,False,0.6793722641886856
33,BOR,1.653523366173444,1.4765469632901145,0.9477603254850404,1.2452422912478494,-0.29748196576280894,False,False,0.6793722641886856
34,BOT,0.3050456994469861,0.0370833440830452,-0.4658803791946737,0.4042112212162722,-0.8700916004109458,False,False,0.6793722641886856
35,BRC,-0.4299535387756404,-0.6123776352883421,-0.5426001820394395,-0.435020806936064,-0.10757937510337551,False,False,0.6793722641886856
36,BRY,-0.2471081507580919,0.0370833440830452,-0.0994379720321378,-0.2240684151605824,0.1246304431284446,False,False,0.6793722641886856
37,BUL,0.1728491368733148,0.7425575116536355,0.4178438263346844,0.26049399009151014,0.15734983624317428,False,False,0.6793722641886856
38,BUR,0.7625868551740667,0.5634271192824869,0.7328253596060318,0.7934945143439218,-0.06066915473789003,False,False,0.6793722641886856
39,BZC,1.409874915967665,1.444682692005843,1.312325192018154,1.1425920489818329,0.16973314303632114,False,False,0.6793722641886856
40,BZE,1.484716403585402,1.4869659638476924,1.2190327235177991,1.174676693503829,0.04435603001397004,False,False,0.6793722641886856
41,BZL,1.5305017385344175,1.566940682918563,1.1624946941558545,1.194059123349779,-0.03156442919392455,False,False,0.6793722641886856
42,BZN,1.8494895487409813,1.8687789953376424,1.2669908189276695,1.3237804178453747,-0.056789598917705186,False,False,0.6793722641886856
43,BZS,0.7688385016925147,0.8596013411073246,1.191967323118797,0.7976074449389352,0.39435987817986184,False,False,0.6793722641886856
44,CAB,0.201255213047368,0.4611131282587262,1.263790149024218,0.29230663202515944,0.9714835169990585,False,False,0.6793722641886856
45,CAF,1.2902945074547207,1.4229133206964009,1.4548718711545223,1.0900268217900675,0.36484504936445483,False,False,0.6793722641886856
46,CAL,-0.0397668852614965,0.0370833440830452,-0.5121355529238565,0.02109087658006405,-0.5332264295039205,False,False,0.6793722641886856
47,CAY,-0.1840408559639587,-0.4715702278899226,-0.3352815594473055,-0.14858939818999137,-0.1866921612573141,False,False,0.6793722641886856
48,CBD,1.902878785959765,1.8238450678272684,1.1391379037025011,1.3444500566592628,-0.20531215295676164,False,False,0.6793722641886856
49,CHA,0.6119698841332201,0.4611131282587262,-0.1174014185376,0.682754385017606,-0.800155803555206,False,False,0.6793722641886856
50,CHC,2.571750269882863,2.345528929111655,1.0127414184062435,1.5721341348438607,-0.5593927164376171,False,False,0.6793722641886856
51,CHH,1.5678535907796654,1.2947602093750512,1.009748927413901,1.2097389252674564,-0.1999899978535553,False,False,0.6793722641886856
52,CHI,0.1697057670206973,0.5875361130708013,0.2840168529171973,0.25722423189994,0.026792621017257323,False,False,0.6793722641886856
53,CHM,-0.1583073156335223,0.220928367474343,-0.2149337725392222,-0.1181639746261362,-0.09676979791308599,False,False,0.6793722641886856
54,CHN,0.8470867279739338,1.0914737743627525,0.052077206793938,0.8496490661630359,-0.7975718593690979,False,False,0.6793722641886856
55,CHQ,0.0132368605440539,0.3478443658847058,0.3175137250617627,0.08243980785987234,0.23507391720189033,False,False,0.6793722641886856
56,CHS,2.267053046174749,2.0939710691392035,0.957053013289417,1.4758499120067319,-0.5187968987173148,False,False,0.6793722641886856
57,CHT,1.094321223322122,1.1495104228008612,0.2632318087292496,0.9964151228228041,-0.7331833140935544,False,False,0.6793722641886856
58,CHX,-0.0491812737650045,0.1866512807783093,-0.0674740392006169,0.010370235556256274,-0.07784427475687317,False,False,0.6793722641886856
59,CKI,-0.8841991460483198,-1.5340381556825426,-0.3589506964537016,-0.9072309420433448,0.5482802455896432,False,False,0.6793722641886856
60,CLC,-0.7715598349487119,-0.9708682891234034,-1.049909412678481,-0.7994982877818166,-0.2504111248966643,False,False,0.6793722641886856
61,CLM,1.8846344886448885,1.816176128021224,1.4689726796742688,1.3374241893349474,0.13154849033932137,False,False,0.6793722641886856
62,CLN,-0.8743459233620694,-1.213130445937304,0.3127189699006588,-0.8978673932201724,1.2105863631208311,True,False,0.6793722641886856
63,CLS,-1.16981538538618,-1.5340381556825426,-2.213452333430641,-1.130982921831153,-1.0824694115994882,False,False,0.6793722641886856
64,CMN,1.5211431950754806,1.7113299291882984,1.4565878695502477,1.1901118970518956,0.2664759724983521,False,False,0.6793722641886856
65,CNT,-0.5786479220544717,-0.7758306895441908,-1.408897201016369,-0.5997532817016339,-0.8091439193147351,False,False,0.6793722641886856
66,CNY,-0.8516857509688187,-0.9708682891234034,-0.2791990422334845,-0.8763882361954229,0.5971891939619385,False,False,0.6793722641886856
67,COL,-0.2441315092787649,-0.0910936706383567,-1.065972733918937,-0.2204299942067465,-0.8455427397121906,False,False,0.6793722641886856
68,COM,0.2005744948053958,-0.1375911635537256,0.2641756943468024,0.2915117305058284,-0.027336036159026023,False,False,0.6793722641886856
69,CON,1.3059815270387394,1.497286990686708,1.3415504424055775,1.0970396966088622,0.24451074579671528,False,False,0.6793722641886856
70,COO,-0.8636777676002957,-1.3606375673589184,-1.3799920882317267,-0.887764359645658,-0.49222772858606867,False,False,0.6793722641886856
71,COR,-0.3640957800078013,-0.0039131215192864,0.9526455085441116,-0.36022802499382633,1.312873533537938,True,False,0.6793722641886856
72,COS,1.3619356687419308,1.2947602093750512,1.5374145744675851,1.1217428869740331,0.415671687493552,False,False,0.6793722641886856
73,CPI,-2.900139546856515,-1.7447056892362882,-2.212961135722218,-1.9411891407733424,-0.2717719949488755,False,False,0.6793722641886856
74,CPP,0.5244243646117056,0.3478443658847058,0.3198255954531789,0.6071192826702917,-0.2872936872171128,False,False,0.6793722641886856
75,CPV,-0.0484653674682219,-0.4078260557832601,-0.6344240744251236,0.011187431912136569,-0.6456115063372602,False,False,0.6793722641886856
76,CRL,-0.1263393588527728,-0.4715702278899226,-0.4148146132436138,-0.08034388256305056,-0.3344707306805632,False,False,0.6793722641886856
77,CTA,-0.4139263340529477,-0.1375911635537256,-0.116947821421404,-0.41704056190853,0.300092740487126,False,False,0.6793722641886856
78,CTM,-3.53289647622703,-1.7447056892362882,-2.161657795808115,-2.2260349391898226,0.06437714338170775,False,False,0.6793722641886856
79,CUB,0.6664595587851398,0.656749766401354,0.5886909202664674,0.7248052522390263,-0.13611433197255884,False,False,0.6793722641886856
80,CVI,-1.1788400300551116,-1.5340381556825426,0.0019314453793926,-1.1365777478253296,1.1385091932047222,False,False,0.6793722641886856
81,CYP,-0.5860372579881165,-0.4715702278899226,0.194333753344351,-0.6079805167804582,0.8023142701248092,False,False,0.6793722641886856
82,CZE,-0.1374094235615766,0.433913264707048,-0.3531227989206558,-0.09346296955371476,-0.25965982936694104,False,False,0.6793722641886856
83,DEL,-1.0789276246140262,-0.8686427403087341,-1.1400222255092958,-1.0716658507095114,-0.0683563747997844,False,False,0.6793722641886856
84,DEN,-0.8535070539849265,-0.4715702278899226,-0.6245446675103212,-0.8781174664127468,0.25357279890242557,False,False,0.6793722641886856
85,DJI,-0.4866557336771762,-0.4715702278899226,-0.3526604872435734,-0.4995359589332303,0.14687547168965687,False,False,0.6793722641886856
86,DOM,0.3978280470231371,0.3773202831553167,0.5314254994996849,0.49441879801486543,0.03700670148481944,False,False,0.6793722641886856
87,EAI,-0.3753895894845951,-0.0465899257343305,0.2138466272324205,-0.3736221006216269,0.5874687278540474,False,False,0.6793722641886856
88,ECU,1.3505365438779209,1.3665171774227878,0.9350809628691046,1.1167455117933125,-0.1816645489242079,False,False,0.6793722641886856
89,EGY,-0.5396121911449238,-0.4078260557832601,0.0377729864135096,-0.5575229740473201,0.5952959604608297,False,False,0.6793722641886856
90,EHM,1.7834453921737297,1.6141250212300915,1.2609395955800935,1.2977624724010084,-0.036822876820914896,False,False,0.6793722641886856
91,ELS,0.7914396779477082,0.5875361130708013,1.019164825714634,0.8130423989318976,0.2061224267827364,False,False,0.6793722641886856
92,EQG,0.1038711315156461,0.2862986308019837,0.5540951905826228,0.18536109433528536,0.36873409624733744,False,False,0.6793722641886856
93,ERI,-0.0186693267924406,-0.0910936706383567,-0.7763891708282232,0.045566725978505404,-0.8219558968067286,False,False,0.6793722641886856
94,ETH,0.8089200919170635,0.700515240754854,1.7072231618830382,0.82429992988244,0.8829232320005982,False,False,0.6793722641886856
95,FIJ,-0.1381954598541714,-0.2373600847840067,0.9827925368198798,-0.09439503902443902,1.0771875758443188,False,False,0.6793722641886856
96,FIN,-0.6841179199811426,-0.4715702278899226,-1.0261938293883923,-0.7121245418481872,-0.31406928754020513,False,False,0.6793722641886856
97,FLA,0.2336274023696958,0.0765290130562803,-0.2166534055280547,0.3282310852247461,-0.5448844907528008,False,False,0.6793722641886856
98,FOR,-1.4498858831265256,-2.0137945668490214,-1.8081824605300925,-1.298196767940178,-0.5099856925899144,False,False,0.6793722641886856
99,FRA,0.216155748997503,0.7425575116536355,0.5063332324636735,0.30967013151551853,0.19666310094815492,False,False,0.6793722641886856
100,FRG,1.3343457765587403,1.3070521355377744,0.7873932083378673,1.1096180388586665,-0.3222248305207992,False,False,0.6793722641886856
101,GAB,1.2928285191133315,1.4660280750138088,1.3820597245077175,1.091162603266357,0.29089712124136047,False,False,0.6793722641886856
102,GAL,-1.4498858831265256,-2.0137945668490214,-1.5333048130661155,-1.298196767940178,-0.23510804512593753,False,False,0.6793722641886856
103,GAM,0.2808849784330062,0.220928367474343,0.638743166728651,0.37880581517972334,0.2599373515489276,False,False,0.6793722641886856
104,GEO,-0.2179050377587534,-0.3478112764350301,-0.3951564398303281,-0.18883494833868025,-0.20632149149164786,False,False,0.6793722641886856
105,GER,-0.0341579531521061,0.4876317759548556,0.1667117227371027,0.027491518750624607,0.13922020398647808,False,False,0.6793722641886856
106,GGI,0.3821707702610564,0.3478443658847058,0.8688122920462132,0.47953926344583375,0.3892730286003795,False,False,0.6793722641886856
107,GHA,1.2028093963679782,1.3070521355377744,1.515423010267156,1.049926936538405,0.465496073728751,False,False,0.6793722641886856
108,GIL,-0.7150932295904245,-1.0846843279216114,-0.1580658861483025,-0.7436753230305471,0.5856094368822445,False,False,0.6793722641886856
109,GNB,0.785635851848584,0.721743096981282,1.288553565862667,0.8092813164378325,0.4792722494248345,False,False,0.6793722641886856
110,GNL,-0.9823443133281768,-1.0846843279216114,-1.871807158140508,-0.9969172283620358,-0.8748899297784722,False,False,0.6793722641886856
111,GRB,-0.8175933747809684,-0.1862733238983291,-1.0060211922432327,-0.8438980485366935,-0.16212314370653924,False,False,0.6793722641886856
112,GRC,0.1211015489692543,0.6341746128716227,0.3990758607113788,0.20442699426308683,0.19464886644829196,False,False,0.6793722641886856
113,GST,-0.4540905243205775,-0.6908187644805573,-0.2938637600642593,-0.46209262723358274,0.16822886716932345,False,False,0.6793722641886856
114,GUA,1.2795617502156234,1.0612459368974017,1.043623558675242,1.085202892245146,-0.04157933356990395,False,False,0.6793722641886856
115,GUI,1.2062923168595912,1.354880366926274,1.5799973242710772,1.0515635003743167,0.5284338238967605,False,False,0.6793722641886856
116,GUY,1.306089590930998,1.2947602093750512,0.9603421490787162,1.097087859412786,-0.1367457103340698,False,False,0.6793722641886856
117,HAI,0.2741595527441054,0.2862986308019837,0.8208257514903681,0.371102416243441,0.4497233352469271,False,False,0.6793722641886856
118,HON,1.1418299071548492,0.9981301919424256,1.1396644905635462,1.0205289637220294,0.11913552684151685,False,False,0.6793722641886856
119,HUN,-0.4096144533246616,0.1145389224482926,0.0459488889202709,-0.41222714128740273,0.4581760302076736,False,False,0.6793722641886856
120,ICE,-0.965374096862864,-0.8686427403087341,-1.5826979580567373,-0.9822437725004566,-0.6004541855562807,False,False,0.6793722641886856
121,IDA,-0.3559014021731879,-0.4078260557832601,-1.401044098764525,-0.35103034361707774,-1.050013755147447,False,False,0.6793722641886856
122,ILL,-0.3024651526936323,-0.2911066102048046,-1.096361244035828,-0.28854414913369275,-0.8078170949021352,False,False,0.6793722641886856
123,IND,2.0613012041690264,1.8465391515831195,1.245758924746596,1.403746366799679,-0.1579874420530829,False,False,0.6793722641886856
124,INI,-0.435398374887247,-0.5395487887108873,-1.2917059579532064,-0.44128502805565345,-0.8504209298975529,False,False,0.6793722641886856
125,IOW,-1.1081376707160158,-0.7758306895441908,-1.525015564081853,-1.091518903024071,-0.43349666105778195,False,False,0.6793722641886856
126,IRE,-0.94922349189759,-0.5395487887108873,-0.8991753447961338,-0.9678857189859815,0.06871037418984771,False,False,0.6793722641886856
127,IRK,-0.3962815978849715,-0.1375911635537256,-0.8798955995243151,-0.3973410151349415,-0.48255458438937354,False,False,0.6793722641886856
128,IRN,0.2372713336422473,0.53875848842133,0.6659701443896373,0.3318865205067155,0.3340836238829218,False,False,0.6793722641886856
129,IRQ,-0.057504424754854,0.1145389224482926,0.592512892487356,0.0008442077151049183,0.591668684772251,False,False,0.6793722641886856
130,ITA,0.3155511240127948,0.8219889543502039,0.5669849869531213,0.4151208420732888,0.15186414487983246,False,False,0.6793722641886856
131,IVO,1.2769435601176833,1.400702438085161,1.5806559653545988,1.0840227300285796,0.4966332353260192,False,False,0.6793722641886856
132,JAM,0.2711787327538849,0.1145389224482926,0.7927648132301203,0.36768421955564534,0.4250805936744749,False,False,0.6793722641886856
133,JAP,1.032293092945288,1.0458092442334497,0.4383972026495389,0.9621082498465383,-0.5237110471969995,False,False,0.6793722641886856
134,JAW,1.7059785710309283,1.497286990686708,1.163840277040969,1.2666487027404305,-0.10280842569946147,False,False,0.6793722641886856
135,KAM,-0.8446231483659629,-0.7758306895441908,-1.4276122682364143,-0.8696772197416016,-0.5579350484948127,False,False,0.6793722641886856
136,KAN,-1.166837205767435,-0.7758306895441908,-1.854019516606928,-1.129129376498573,-0.724890140108355,False,False,0.6793722641886856
137,KAZ,0.12489810489125,0.4611131282587262,-0.393986513131203,0.20890896301069983,-0.6028954761419028,False,False,0.6793722641886856
138,KEN,1.324937504351327,1.3070521355377744,1.9886626206055031,1.1054594398316078,0.8832031807738954,False,False,0.6793722641886856
139,KGZ,-0.0142869141859617,0.1512156976782091,0.0201721946823218,0.0508335209794639,-0.0306613262971421,False,False,0.6793722641886856
140,KHA,-0.3590965185691552,-0.1375911635537256,0.0925703747003436,-0.3546166980661714,0.44718707276651504,False,False,0.6793722641886856
141,KOR,0.5357290798300853,0.656749766401354,0.5981510765302427,0.6162782874482888,-0.018127210918046144,False,False,0.6793722641886856
142,KRA,-0.2706564349073708,0.0370833440830452,-0.5735183506404252,-0.2516026379880394,-0.32191571265238583,False,False,0.6793722641886856
143,KRI,-0.5543515629821311,-0.3478112764350301,-0.1367720543938069,-0.5734264510508272,0.4366543966570203,False,False,0.6793722641886856
144,KRY,-0.2550136075142512,0.1866512807783093,0.2435087999231018,-0.23338412300467276,0.4768929229277745,False,False,0.6793722641886856
145,KTY,-0.316076465277092,-0.4715702278899226,-1.1285200516251352,-0.30480878902803404,-0.8237112625971013,False,False,0.6793722641886856
146,KUR,-0.7043448340749994,-0.8686427403087341,-1.2306606833193745,-0.7326717920849414,-0.49798889123443313,False,False,0.6793722641886856
148,KZN,-2.289487945482032,-2.0137945668490214,-0.4353361241445008,-1.6595009991148493,1.2241648749703484,True,False,0.6793722641886856
149,LAB,-1.1472098202811292,-1.213130445937304,-2.074094687335027,-1.1168066711681244,-0.9572880161669028,False,False,0.6793722641886856
150,LAO,1.7998782333000327,1.6682034251296716,0.9795752575258008,1.304281300796189,-0.3247060432703883,False,False,0.6793722641886856
151,LBR,0.9513961585247428,1.204599274217144,1.7081110674817297,0.9142147373146597,0.79389633016707,False,False,0.6793722641886856
152,LBS,-0.1995583022388139,0.0765290130562803,0.2137831186090045,-0.16701885010683684,0.3808019687158414,False,False,0.6793722641886856
153,LBY,-0.5163956959416253,-0.2373600847840067,-0.4985469405446169,-0.5322815286507352,0.03373458810611829,False,False,0.6793722641886856
154,LDV,-0.4103955426171011,-0.6123776352883421,0.8877208559224141,-0.4130991164264746,1.3008199723488887,True,False,0.6793722641886856
155,LEE,0.360152584295806,0.3175208796893813,0.5095644700783643,0.4600287620232773,0.04953570805508695,False,False,0.6793722641886856
156,LES,-0.6803996225191898,-0.9708682891234034,-0.4276369574694288,-0.708321573094467,0.28068461562503816,False,False,0.6793722641886856
157,LOU,-0.2075495706840561,-0.3478112764350301,-0.4652651766439732,-0.1765182626098335,-0.2887469140341397,False,False,0.6793722641886856
158,LSI,0.9976906283526756,0.762974568606399,1.01809895068905,0.9425075752285326,0.07559137546051753,False,False,0.6793722641886856
159,MAG,-1.3086737389980398,-0.7758306895441908,-1.5908775642024464,-1.215568608304327,-0.3753089558981195,False,False,0.6793722641886856
160,MAI,-0.4809653179802796,-0.6123776352883421,-1.2752037255424509,-0.49300236755108306,-0.7822013579913678,False,False,0.6793722641886856
161,MAN,-0.66961133933481,-0.5395487887108873,-1.058683080374996,-0.6972443715716923,-0.36143870880330375,False,False,0.6793722641886856
162,MAS,-0.5404369373855582,-0.6908187644805573,-1.3493905366716945,-0.5584153240223373,-0.7909752126493572,False,False,0.6793722641886856
163,MAU,-0.9940005198661872,-1.213130445937304,-0.1904435160146295,-1.0068260659883281,0.8163825499736986,False,False,0.6793722641886856
164,MCI,-1.2685440601244593,-1.7447056892362882,-0.2040311499971982,-1.191226586782151,0.9871954367849528,False,False,0.6793722641886856
165,MDG,0.9781801691062716,1.0301489093247012,1.0512510869038223,0.9311631024102162,0.12008798449360614,False,False,0.6793722641886856
166,MDR,-3.0945798514948133,-2.0137945668490214,-1.641857611764065,-2.029802926098542,0.3879453143344769,False,False,0.6793722641886856
167,MDV,-0.7094015441326795,-0.9708682891234034,-0.1101742540014834,-0.7377713134188738,0.6275970594173904,False,False,0.6793722641886856
168,MIC,-0.5720765914359263,-0.4715702278899226,-1.4749055290578887,-0.5924330668245495,-0.8824724622333392,False,False,0.6793722641886856
169,MIN,-0.5028182619198294,-0.5395487887108873,-1.3562599544500196,-0.517415027969747,-0.8388449264802725,False,False,0.6793722641886856
170,MLI,0.6619265743628597,0.5634271192824869,0.2266123373332519,0.7213393228205435,-0.49472698548729155,False,False,0.6793722641886856
171,MLW,1.2059390387077846,1.106276940078676,1.1062866690005535,1.0513976827318212,0.05488898626873229,False,False,0.6793722641886856
172,MLY,2.1609233842024707,1.9190054333660689,1.023170670191568,1.4393754842971895,-0.4162048141056216,False,False,0.6793722641886856
173,MNT,-0.3248631738209807,-0.3478112764350301,-1.0440037398510973,-0.3153096323250199,-0.7286941075260773,False,False,0.6793722641886856
174,MOL,0.8621709834605815,0.7425575116536355,0.8563645348189223,0.8591258190524763,-0.00276128423355404,False,False,0.6793722641886856
175,MON,-0.0753347481786902,0.220928367474343,0.0397887782857071,-0.019860568739469606,0.059649347025176706,False,False,0.6793722641886856
176,MOR,-0.080154327032154,0.0765290130562803,0.0072014845060587,-0.025662086188158365,0.03286357069421707,False,False,0.6793722641886856
177,MOZ,1.3226037308474576,1.269752601649205,1.139175980889202,1.1044258570648162,0.03475012382438569,False,False,0.6793722641886856
178,MRN,-0.5829021382217695,-1.0846843279216114,-0.3656715189988899,-0.6044930494652222,0.2388215304663323,False,False,0.6793722641886856
179,MRQ,-0.995162151666187,-1.5340381556825426,-1.0918123391821148,-1.0077950010118901,-0.08401733817022472,False,False,0.6793722641886856
180,MRS,-1.010767461190324,-1.5340381556825426,-0.8836335006524166,-1.0205936308579975,0.13696013020558084,False,False,0.6793722641886856
181,MRY,-0.4971522033657607,-0.6123776352883421,-0.9827580990930352,-0.5111909482091921,-0.47156715088384316,False,False,0.6793722641886856
182,MSI,-0.6679474595856733,-0.7758306895441908,0.1850858656205576,-0.6955304562816,0.8806163219021577,False,False,0.6793722641886856
183,MSO,-0.3760425069554514,-0.5395487887108873,-1.504136560715898,-0.3743968204076979,-1.1297397403082001,False,True,0.6793722641886856
184,MTN,-0.502154520371769,-0.4715702278899226,-1.3840222078897362,-0.5166864827901695,-0.8673357250995667,False,False,0.6793722641886856
185,MXC,0.7768010971342538,0.6341746128716227,1.1395252044729125,0.8028200144681255,0.33670519000478705,False,False,0.6793722641886856
186,MXE,0.9780504752335092,0.8596013411073246,0.7190445175146076,0.9310870412247576,-0.21204252371014998,False,False,0.6793722641886856
187,MXG,1.1969417183514002,0.965132346865476,1.2670113185308245,1.0471606213766593,0.21985069715416516,False,False,0.6793722641886856
189,MXN,0.5852583832485266,0.4611131282587262,0.930320991399803,0.6598278112890767,0.2704931801107262,False,False,0.6793722641886856
190,MXS,1.248807563307913,1.0612459368974017,1.111754501633455,1.0712479075579626,0.040506594075492286,False,False,0.6793722641886856
191,MXT,1.3008223652125086,1.1352899663565683,1.2276608539453115,1.094738027799671,0.13292282614564055,False,False,0.6793722641886856
192,MYA,2.31634791131532,2.06356860745182,1.2571249912785225,1.4922641719222627,-0.23513918064374018,False,False,0.6793722641886856
193,NAM,0.1533848758001277,-0.1375911635537256,-0.7026611662324226,0.23991576774087858,-0.9425769339733012,False,False,0.6793722641886856
194,NAT,0.6741487353994743,0.656749766401354,0.8592674803018284,0.7309031089103171,0.12836437139151136,False,False,0.6793722641886856
195,NBR,-0.6241662108297968,-0.8686427403087341,-1.0664407543029957,-0.6493584819510368,-0.4170822723519588,False,False,0.6793722641886856
196,NCA,-0.1599613700747242,-0.3478112764350301,-0.3777609842085359,-0.1201074459293417,-0.2576535382791942,False,False,0.6793722641886856
197,NCB,0.8501532614131411,0.6341746128716227,1.229310444005909,0.8515802740939934,0.37773016991191566,False,False,0.6793722641886856
198,NCS,-0.0853965133329883,0.3175208796893813,0.3328979300791148,-0.03189657173651363,0.3647945018156284,False,False,0.6793722641886856
199,NDA,-1.201021922890697,-0.8686427403087341,-1.3661798537033416,-1.150215077957323,-0.21596477574601858,False,False,0.6793722641886856
200,NEB,-0.7803204835596383,-0.6123776352883421,-1.5004061851336024,-0.8080093738856866,-0.6923968112479157,False,False,0.6793722641886856
201,NEP,1.6560597304958482,1.5572562346308276,1.3351031781488467,1.246283330816263,0.08881984733258363,False,False,0.6793722641886856
202,NET,-0.48912678370378,-0.0465899257343305,-0.1269353600606179,-0.5023582805894272,0.3754229205288093,False,False,0.6793722641886856
203,NEV,-0.4188256842497161,-0.1375911635537256,-0.8084635343474139,-0.42250921757756343,-0.3859543167698505,False,False,0.6793722641886856
204,NFK,-2.1235021938365857,-2.0137945668490214,-1.3859442482081987,-1.5846668581063093,0.19872260989811052,False,False,0.6793722641886856
205,NFL,-0.8841297636953138,-1.0846843279216114,-0.4162261853976707,-0.9071641821684043,0.49093799677073363,False,False,0.6793722641886856
206,NGA,1.4964621600742338,1.6324472564544497,1.4355276704792794,1.1796661901962344,0.255861480283045,False,False,0.6793722641886856
207,NGR,-0.2731072356650171,-0.3478112764350301,-1.0378535627781111,-0.2545877888895686,-0.7832657738885425,False,False,0.6793722641886856
208,NIC,1.2479395697347755,1.106276940078676,1.2795074566330742,1.070850915635848,0.20865654099722608,False,False,0.6793722641886856
209,NLA,-0.6877780655495506,-1.0846843279216114,-0.508692696305877,-0.7158603122315643,0.20716761592568733,False,False,0.6793722641886856
210,NNS,0.7143608773083021,0.700515240754854,0.0915609737872927,0.7609358698586479,-0.6693748960713553,False,False,0.6793722641886856
211,NOR,-0.5618226096281547,-0.1862733238983291,-1.0024209839507556,-0.5814528468321484,-0.42096813711860726,False,False,0.6793722641886856
212,NRU,-0.9992542342584176,-1.5340381556825426,-0.5578346796529126,-1.0111907773804787,0.45335609772756613,False,False,0.6793722641886856
213,NSC,-0.8308643319415635,-0.9708682891234034,-1.4082922573496168,-0.8565756395585693,-0.5517166177910475,False,False,0.6793722641886856
214,NSW,-0.133742418478339,-0.2373600847840067,0.9630987054480782,-0.0891071646123814,1.0522058700604595,False,False,0.6793722641886856
215,NTA,0.4720901400797102,0.1512156976782091,0.8813171732017758,0.5628840281596678,0.31843314504210807,False,False,0.6793722641886856
216,NUE,-0.7621917823031715,-1.3606375673589184,-0.119091499554835,-0.7903587360682514,0.6712672365134164,False,False,0.6793722641886856
217,NUN,-1.1134390664821303,-1.3606375673589184,-1.907565317940956,-1.0950241798863505,-0.8125411380546055,False,False,0.6793722641886856
218,NWC,0.345642286431532,0.7425575116536355,0.509577564249162,0.4451172243358802,0.06446033991328182,False,False,0.6793722641886856
219,NWG,1.1498333899807414,1.0914737743627525,0.9332450912145424,1.0244775367200507,-0.09123244550550835,False,False,0.6793722641886856
220,NWH,-0.5175832519500445,-0.6123776352883421,-1.3326489395880126,-0.5335783114947074,-0.7990706280933052,False,False,0.6793722641886856
221,NWJ,-0.6179218027073942,-0.6908187644805573,-1.585882160779844,-0.6428018729113021,-0.9430802878685418,False,False,0.6793722641886856
222,NWM,0.0702458220704505,0.0370833440830452,-0.7667824938842391,0.14847044501112594,-0.9152529388953651,False,False,0.6793722641886856
223,NWT,-1.6783077373150332,-1.213130445937304,-1.9773551454767688,-1.4017118775943909,-0.575643267882378,False,False,0.6793722641886856
224,NWY,-0.411609163748422,-0.4715702278899226,-1.3107874229014709,-0.4144539233856872,-0.8963334995157837,False,False,0.6793722641886856
225,NZN,-1.0631595424876008,-0.5395487887108873,-2.05722321470754,-1.0605027555712159,-0.9967204591363243,False,False,0.6793722641886856
226,NZS,-1.0625806749819375,-0.6123776352883421,-1.4487752688248936,-1.0600861986706804,-0.38868907015421317,False,False,0.6793722641886856
227,OFS,-0.4093914925531765,-0.6123776352883421,-0.1918779969712164,-0.4119782346853048,0.2201002377140884,False,False,0.6793722641886856
228,OGA,-1.1590590916384884,-1.5340381556825426,-0.5870406613404272,-1.124269570168996,0.5372289088285688,False,False,0.6793722641886856
229,OHI,-0.63543017758971,-0.6123776352883421,-1.5503048434444022,-0.6611469047700758,-0.8891579386743265,False,False,0.6793722641886856
230,OKL,-0.6174764099192638,-0.5395487887108873,-1.3527605833406002,-0.6423336136326381,-0.7104269697079622,False,False,0.6793722641886856
231,OMA,-0.0352769838609279,-0.1375911635537256,-0.2376467434533978,0.026223363393748523,-0.26387010684714635,False,False,0.6793722641886856
232,ONT,-0.202052412826854,-0.1375911635537256,-1.0628402852206091,-0.1700330969435076,-0.8928071882771016,False,False,0.6793722641886856
233,ORE,-0.4011617829370851,-0.5395487887108873,-0.2436774717997332,-0.4027901008959549,0.1591126290962217,False,False,0.6793722641886856
234,PAK,0.8469182976567861,0.965132346865476,1.3352112241304828,0.8495429262285737,0.485668297901909,False,False,0.6793722641886856
235,PAL,-0.0604079990674312,0.1866512807783093,0.149489329727853,-0.0024902892934015658,0.15197961902125456,False,False,0.6793722641886856
236,PAN,1.455317510930172,1.354880366926274,1.469460492194498,1.162135201140728,0.30732529105377004,False,False,0.6793722641886856
237,PAR,0.7147619640076209,0.7830094256513634,0.8816279803627309,0.7612141102971991,0.12041387006553184,False,False,0.6793722641886856
238,PEI,-1.2489387444590836,-1.3606375673589184,-1.9600776506794355,-1.1793526394348142,-0.7807250112446213,False,False,0.6793722641886856
239,PEN,-0.4126762827699386,-0.5395487887108873,-1.2433415921817796,-0.4156451559880239,-0.8276964361937558,False,False,0.6793722641886856
240,PER,1.7246517634634757,1.6769644200842262,1.2622249180610423,1.274204707191376,-0.011979789130333707,False,False,0.6793722641886856
241,PHI,1.517056838656032,1.400702438085161,1.192130516205743,1.188386026291763,0.0037444899139800203,False,False,0.6793722641886856
242,PIT,-1.4498858831265256,-2.0137945668490214,-1.4675909449018514,-1.298196767940178,-0.16939417696167336,False,False,0.6793722641886856
243,POL,-0.2761032666333507,0.220928367474343,-0.3554161679207041,-0.2582374477800091,-0.09717872014069495,False,False,0.6793722641886856
244,POR,-0.3357550127418187,0.0765290130562803,0.7186872686630476,-0.32819892082853,1.0468861894915775,False,False,0.6793722641886856
245,PRM,-0.4313942747688793,-0.0465899257343305,0.0555330397913993,-0.4367042179093837,0.49223725770078297,False,False,0.6793722641886856
246,PUE,0.0967561324462617,0.1866512807783093,0.5915026189329669,0.17771647841134042,0.41378614052162643,False,False,0.6793722641886856
247,QLD,0.9326708352773694,0.8779247069864101,0.9668756509572338,0.9029307806113058,0.063944870345928,False,False,0.6793722641886856
248,QUE,-0.2807466703457117,-0.2911066102048046,-1.107394556375862,-0.2638940429846151,-0.843500513391247,False,False,0.6793722641886856
249,REU,-0.7027848670185388,-1.0846843279216114,0.0359232351460606,-0.7310956242987567,0.7670188594448173,False,False,0.6793722641886856
250,RHO,-0.5786479220544717,-0.7758306895441908,-1.408897201016369,-0.5997532817016339,-0.8091439193147351,False,False,0.6793722641886856
251,ROD,-2.1235021938365857,-2.0137945668490214,0.5036618839124783,-1.5846668581063093,2.0883287420187875,True,False,0.6793722641886856
252,ROM,0.1145044574750321,0.6111107467498976,0.2994384636621556,0.19728440598441727,0.10215405767773833,False,False,0.6793722641886856
253,RUC,-0.4689908793542097,-0.0465899257343305,0.2951897460635714,-0.47920418047922775,0.7743939265427991,False,False,0.6793722641886856
254,RUE,-0.394705652499324,0.0765290130562803,-0.5835314752462915,-0.39558129331798353,-0.18795018192830792,False,False,0.6793722641886856
255,RUN,-0.5631584649720442,0.0370833440830452,-0.9660715618500192,-0.5828856321780704,-0.38318592967194876,False,False,0.6793722641886856
256,RUS,-0.2732152044184576,0.1145389224482926,0.0588534559822473,-0.2547193064327456,0.3135727624149929,False,False,0.6793722641886856
257,RUW,-0.8688808504026836,-0.1375911635537256,-0.7718778273329234,-0.892693669889553,0.12081584255662958,False,False,0.6793722641886856
258,RWA,0.5795562218746101,0.3773202831553167,0.6834977027810586,0.6552164790240532,0.02828122375700537,False,False,0.6793722641886856
259,SAK,-0.8284499846361024,-0.9708682891234034,-1.0753034964145525,-0.8542724224475114,-0.22103107396704103,False,False,0.6793722641886856
260,SAM,-0.2960187621422182,-0.6908187644805573,0.7446754077470042,-0.28123585905674703,1.0259112668037513,False,False,0.6793722641886856
261,SAR,-0.4033153588279262,-0.0465899257343305,0.826754173416185,-0.405194608817573,1.231948782233758,True,False,0.6793722641886856
262,SAS,-0.7622170668415115,-0.8686427403087341,0.4529681493605247,-0.7903834602453318,1.2433516096058566,True,False,0.6793722641886856
263,SAU,0.2863106888344157,0.1866512807783093,-0.5648609273359497,0.38456599965646787,-0.9494269269924176,False,False,0.6793722641886856
264,SCA,-0.2466862362147162,-0.4078260557832601,-0.5790669236577182,-0.22355253899601582,-0.3555143846617024,False,False,0.6793722641886856
265,SCI,-0.4773454213474875,-0.8686427403087341,-0.4350913776894654,-0.48883814149408944,0.053746763804624065,False,False,0.6793722641886856
266,SCS,-0.7422190783495282,-1.0846843279216114,-0.2424432465367597,-0.770725947452437,0.5282827009156774,False,False,0.6793722641886856
267,SCZ,-0.8397294618942052,-1.3606375673589184,-0.0790548731060942,-0.8650217287199733,0.7859668556138791,False,False,0.6793722641886856
268,SDA,-0.5672218609601208,-0.5395487887108873,-1.458799706805574,-0.587239559638295,-0.871560147167279,False,False,0.6793722641886856
269,SEL,-1.402983837357319,-1.7447056892362882,-0.5239352627279988,-1.27166564700079,0.7477303842727913,False,False,0.6793722641886856
270,SEN,0.9201742291930696,0.8596013411073246,0.6885428145484029,0.8953278050162593,-0.20678499046785637,False,False,0.6793722641886856
271,SEY,-0.9064940610999714,-1.213130445937304,0.5153688756862663,-0.9284405381271204,1.4438094138133866,True,False,0.6793722641886856
272,SIC,-0.4365014865268516,-0.0039131215192864,0.4904700410536015,-0.44251406595501847,0.93298410700862,False,False,0.6793722641886856
273,SIE,1.0019125264198845,1.1495104228008612,1.4436930487642388,0.9449354490106607,0.49875759975357803,False,False,0.6793722641886856
274,SIN,-0.5189623471388264,-0.3478112764350301,-0.3999815676340976,-0.5350835059494704,0.13510193831537282,False,False,0.6793722641886856
275,SOA,-2.1235021938365857,-2.0137945668490214,-1.1505209002923595,-1.5846668581063093,0.4341459578139497,False,False,0.6793722641886856
276,SOC,-0.5309246053193378,-0.6908187644805573,-0.266607489010455,-0.5481051985879979,0.2814977095775429,False,False,0.6793722641886856
277,SOL,0.3533910639904763,0.2541216101099962,1.0867801826379708,0.45338934341725295,0.6333908392207179,False,False,0.6793722641886856
278,SOM,0.4861934874034022,0.3773202831553167,0.5139225991743561,0.5750505785151072,-0.06112797934075109,False,False,0.6793722641886856
279,SPA,0.0978095884013859,0.53875848842133,0.5333426464387028,0.17884974377132296,0.3544929026673798,False,False,0.6793722641886856
280,SRL,1.662087258637728,1.3894256513837262,1.2711591839119825,1.2487549043841526,0.022404279527829862,False,False,0.6793722641886856
281,SUD,1.082546770871424,1.1352899663565683,1.8294639925601268,0.9902450923287298,0.839218900231397,False,False,0.6793722641886856
282,SUL,1.1062649535201607,0.9981301919424256,0.9014676037455176,1.0025926105605996,-0.10112500681508196,False,False,0.6793722641886856
283,SUM,1.7392959331114026,1.4660280750138088,0.9325083228840492,1.2801059201233562,-0.34759759723930705,False,False,0.6793722641886856
284,SUR,1.2215500215378388,1.204599274217144,0.7843037373142275,1.0586874276873977,-0.2743836903731701,False,False,0.6793722641886856
285,SWC,-0.1444965297402069,-0.4078260557832601,-0.0216710134965718,-0.10185906394121483,0.08018805044464303,False,False,0.6793722641886856
286,SWE,-0.6314434592779613,-0.2373600847840067,-0.6786428471988009,-0.6569801496229215,-0.021662697575879353,False,False,0.6793722641886856
287,SWI,0.0441075438922741,0.5875361130708013,0.055888878700706,0.1186938439851848,-0.06280496528447879,False,False,0.6793722641886856
288,SWZ,0.5135735098200488,0.3773202831553167,0.9798585808093356,0.5982911955618536,0.381567385247482,False,False,0.6793722641886856
289,TAI,1.4232895284000626,1.354880366926274,0.6148225799362894,1.1483820572668204,-0.533559477330531,False,False,0.6793722641886856
290,TAN,1.5841250342152209,1.566940682918563,1.3384514087161423,1.216531971058892,0.12191943765725033,False,False,0.6793722641886856
291,TAS,-1.4498858831265256,-2.0137945668490214,-1.1901519136227083,-1.298196767940178,0.10804485431746969,False,False,0.6793722641886856
292,TCI,-0.6790305689427815,-0.9708682891234034,-0.5837019373541835,-0.7069193785163584,0.12321744116217492,False,False,0.6793722641886856
293,TCS,0.0456340922906444,0.4611131282587262,0.2152395645334384,0.12037207909976179,0.09486748543367661,False,False,0.6793722641886856
294,TEN,-0.2075114955471064,-0.4715702278899226,-0.5977621395358875,-0.176474104304011,-0.4212880352318765,False,False,0.6793722641886856
295,TEX,0.1630881364575602,0.1512156976782091,-0.2035277649828644,0.2503148542095781,-0.4538426191924425,False,False,0.6793722641886856
296,THA,2.417828198020495,2.2400104353614547,1.2334229087429474,1.5250142346566182,-0.2915913259136709,False,False,0.6793722641886856
297,TKM,-0.4633121465310171,-0.2911066102048046,0.0062630646584042,-0.4726378153853753,0.4789008800437795,False,False,0.6793722641886856
298,TOG,0.7356004306094368,0.7830094256513634,1.2966017267457766,0.775483166631345,0.5211185601144316,False,False,0.6793722641886856
299,TON,-0.3548803458366834,-0.6908187644805573,0.7210436322248779,-0.3498842748167462,1.0709279070416242,False,False,0.6793722641886856
300,TRT,0.6392615160772857,0.6111107467498976,0.5886110689990323,0.7041919710451847,-0.11558090204615246,False,False,0.6793722641886856
301,TUA,-1.1233760112743676,-1.5340381556825426,-0.6933979479260575,-1.1015256891247363,0.4081277411986788,False,False,0.6793722641886856
302,TUB,-0.9989096324544816,-1.3606375673589184,-1.3279588420969897,-1.010905876326998,-0.31705296576999165,False,False,0.6793722641886856
303,TUE,-0.1597115222762207,0.1145389224482926,0.35090394428992,-0.11981397235012764,0.47071791664004764,False,False,0.6793722641886856
304,TUN,-0.4588625371026864,-0.2373600847840067,-0.0303919734023557,-0.4674827046631171,0.43709073126076137,False,False,0.6793722641886856
305,TUR,0.3231343796611457,0.700515240754854,0.5973032986636145,0.42239771709563384,0.1749055815679807,False,False,0.6793722641886856
306,TVA,-0.4188943448450438,-0.2373600847840067,-1.0867580057246604,-0.4225858520135622,-0.6641721537110983,False,False,0.6793722641886856
307,TVL,0.8633240976580049,0.700515240754854,0.8404038931950822,0.8598478950917522,-0.01944400189666995,False,False,0.6793722641886856
308,TZK,-0.0468225408884728,0.1145389224482926,0.4602608882526466,0.013061438317289797,0.4471994499353568,False,False,0.6793722641886856
309,UGA,1.1303205024586551,1.191086799262218,1.195671098187627,1.0147962500306738,0.18087484815695332,False,False,0.6793722641886856
310,UKR,0.0547930031295272,0.5135030942945985,0.4868478568049645,0.1311475357800617,0.3557003210249028,False,False,0.6793722641886856
311,URU,-0.1999206354944906,-0.3478112764350301,0.7383415304229372,-0.16745642434626362,0.9057979547692008,False,False,0.6793722641886856
312,UTA,-0.2536980282037941,-0.0910936706383567,-0.9750042338522577,-0.23177697337958006,-0.7432272604726776,False,False,0.6793722641886856
313,UZB,-0.139881912956015,0.0370833440830452,0.6216771240482853,-0.09639352488245059,0.7180706489307359,False,False,0.6793722641886856
314,VAN,0.1961569892547853,-0.0465899257343305,0.7830453540654592,0.28635262681833945,0.4966927272471197,False,False,0.6793722641886856
315,VEN,1.722744494425738,1.6324472564544497,1.4933753582685156,1.273434533371644,0.21994082489687172,False,False,0.6793722641886856
316,VER,-0.4673941951580295,-0.5395487887108873,-1.2756993955004243,-0.4773593752256588,-0.7983400202747655,False,False,0.6793722641886856
317,VIC,-1.7916431982894347,-1.7447056892362882,-1.7070414649653238,-1.446504125805608,-0.2605373391597159,False,False,0.6793722641886856
318,VIE,2.4038250694649537,2.218741337222272,1.2092520270852094,1.5205772534751485,-0.3113252263899391,False,False,0.6793722641886856
319,VNA,-0.0407250963514931,-0.2373600847840067,0.3546850119098912,0.020002170584727353,0.33468284132516385,False,False,0.6793722641886856
320,VRG,-0.128258165745159,-0.4078260557832601,-0.4417449166063665,-0.08261115382330601,-0.3591337627830605,False,False,0.6793722641886856
321,WAL,-0.45702917436053,-0.9708682891234034,0.532220503609815,-0.4653585729597504,0.9975790765695653,False,False,0.6793722641886856
322,WAS,-0.5289457384981022,-0.7758306895441908,-0.3117627439320407,-0.5459553779754568,0.23419263404341611,False,False,0.6793722641886856
323,WAU,-0.0826868697094607,-0.3478112764350301,0.7696890081875469,-0.028642145971625513,0.7983311541591724,False,False,0.6793722641886856
324,WDC,-2.155405867884763,-1.3606375673589184,-1.5590045922763252,-1.5988545016880538,0.03984990941172861,False,False,0.6793722641886856
325,WHM,1.331415546304621,1.269752601649205,1.2355053326790246,1.1083242096417207,0.1271811230373039,False,False,0.6793722641886856
326,WIN,0.3130715864823575,0.2541216101099962,0.4654914619483021,0.41278099411913655,0.05271046782916555,False,False,0.6793722641886856
327,WIS,-0.4343155922829657,-0.4715702278899226,-1.367434618170646,-0.44007858141279743,-0.9273560367578486,False,False,0.6793722641886856
328,WSA,-3.023969764977934,-2.0137945668490214,-1.75463528700029,-1.9977468253437372,0.24311153834344723,False,False,0.6793722641886856
329,WSB,-0.0849230804129376,0.3175208796893813,-0.5629727554044938,-0.03132827639557459,-0.5316444790089192,False,False,0.6793722641886856
330,WVA,-0.8444831018195256,-0.8686427403087341,-1.5286490201467235,-0.8695440535687606,-0.6591049665779629,False,False,0.6793722641886856
331,WYO,-0.6425115143770274,-0.4078260557832601,-0.8686735845226079,-0.6686360414274719,-0.200037543095136,False,False,0.6793722641886856
332,XMS,-1.1436225237504456,-1.7447056892362882,-0.2225661932123303,-1.1145314144301761,0.8919652212178458,False,False,0.6793722641886856
333,YAK,-0.6475134135690396,-0.3478112764350301,-0.9075971855194368,-0.6740657818302153,-0.23353140368922154,False,False,0.6793722641886856
334,YEM,0.2594528371293268,0.1512156976782091,-0.473213553876443,0.3558516289613842,-0.8290651828378273,False,False,0.6793722641886856
335,YUG,0.2491069564569007,0.8219889543502039,0.4736322440689515,0.3446750566048119,0.1289571874641396,False,False,0.6793722641886856
336,YUK,-1.6169643546153625,-1.213130445937304,-1.621052781703897,-1.3765726057473984,-0.24448017595649874,False,False,0.6793722641886856
337,ZAI,1.6987213896018574,1.8006774286986813,1.534507071524642,1.263702847830487,0.270804223694155,False,False,0.6793722641886856
338,ZAM,1.2481235032927127,1.076465400425215,0.9472985526498724,1.070935056253113,-0.12363650360324063,False,False,0.6793722641886856
339,ZIM,1.1323574092006017,0.9981301919424256,0.999591979092704,1.0158156266397853,-0.016223647547081277,False,False,0.6793722641886856
