,Genus,species_richness,N,exploration_index,norm_exploration_index,norm_N,norm_species_richness
664,Nerium,1,103.0,103.0,1.0,0.221505376344086,0.000612369871402327
954,Solenostemma,1,48.0,48.0,0.46601941747572817,0.1032258064516129,0.000612369871402327
390,Gelsemium,3,122.0,40.666666666666664,0.3948220064724919,0.2623655913978495,0.001837109614206981
164,Catharanthus,9,299.0,33.22222222222222,0.3225458468176915,0.6430107526881721,0.005511328842620943
860,Rhazya,2,51.0,25.5,0.24757281553398058,0.10967741935483871,0.001224739742804654
442,Hemidesmus,1,23.0,23.0,0.22330097087378642,0.04946236559139785,0.000612369871402327
139,Calotropis,3,57.0,19.0,0.18446601941747573,0.12258064516129032,0.001837109614206981
924,Scyphiphora,1,19.0,19.0,0.18446601941747573,0.04086021505376344,0.000612369871402327
1083,Vinca,7,119.0,17.0,0.1650485436893204,0.25591397849462366,0.004286589099816289
459,Holarrhena,5,85.0,17.0,0.1650485436893204,0.1827956989247312,0.003061849357011635
734,Parepigynum,1,16.0,16.0,0.1553398058252427,0.034408602150537634,0.000612369871402327
249,Cryptostegia,2,29.0,14.5,0.1407766990291262,0.06236559139784946,0.001224739742804654
783,Picralima,1,14.0,14.0,0.13592233009708737,0.030107526881720432,0.000612369871402327
757,Pergularia,2,26.0,13.0,0.1262135922330097,0.05591397849462366,0.001224739742804654
243,Crossopteryx,1,13.0,13.0,0.1262135922330097,0.02795698924731183,0.000612369871402327
516,Kopsia,24,286.0,11.916666666666666,0.1156957928802589,0.6150537634408603,0.014696876913655848
162,Cascabela,6,68.0,11.333333333333334,0.11003236245954694,0.14623655913978495,0.003674219228413962
171,Cerbera,6,66.0,11.0,0.10679611650485436,0.14193548387096774,0.003674219228413962
556,Leuconotis,4,44.0,11.0,0.10679611650485436,0.09462365591397849,0.002449479485609308
240,Crioceras,1,11.0,11.0,0.10679611650485436,0.023655913978494623,0.000612369871402327
915,Schizozygia,1,11.0,11.0,0.10679611650485436,0.023655913978494623,0.000612369871402327
991,Strempeliopsis,2,21.0,10.5,0.10194174757281553,0.04516129032258064,0.001224739742804654
348,Eustoma,2,20.0,10.0,0.0970873786407767,0.043010752688172046,0.001224739742804654
432,Haplophyton,2,20.0,10.0,0.0970873786407767,0.043010752688172046,0.001224739742804654
30,Alstonia,44,409.0,9.295454545454545,0.09024713150926743,0.8795698924731182,0.02694427434170239
1050,Trachelospermum,10,92.0,9.2,0.08932038834951456,0.1978494623655914,0.00612369871402327
57,Apocynum,5,45.0,9.0,0.08737864077669903,0.0967741935483871,0.003061849357011635
54,Antonia,1,9.0,9.0,0.08737864077669903,0.01935483870967742,0.000612369871402327
1100,Xestaea,1,9.0,9.0,0.08737864077669903,0.01935483870967742,0.000612369871402327
10,Adina,12,107.0,8.916666666666666,0.08656957928802589,0.23010752688172043,0.007348438456827924
1006,Tabernanthe,2,17.0,8.5,0.0825242718446602,0.03655913978494624,0.001224739742804654
547,Leptadenia,5,42.0,8.4,0.08155339805825243,0.09032258064516129,0.003061849357011635
800,Plumeria,19,157.0,8.263157894736842,0.0802248339294839,0.33763440860215055,0.011635027556644213
203,Coccochondra,4,32.0,8.0,0.07766990291262135,0.06881720430107527,0.002449479485609308
296,Dischidanthus,2,15.0,7.5,0.07281553398058252,0.03225806451612903,0.001224739742804654
659,Neolamarckia,2,15.0,7.5,0.07281553398058252,0.03225806451612903,0.001224739742804654
394,Genipa,3,22.0,7.333333333333333,0.07119741100323625,0.047311827956989246,0.001837109614206981
445,Heterophyllaea,2,14.0,7.0,0.06796116504854369,0.030107526881720432,0.001224739742804654
185,Chione,1,7.0,7.0,0.06796116504854369,0.015053763440860216,0.000612369871402327
665,Nernstia,1,7.0,7.0,0.06796116504854369,0.015053763440860216,0.000612369871402327
1012,Tamilnadia,1,7.0,7.0,0.06796116504854369,0.015053763440860216,0.000612369871402327
617,Mitragyna,10,67.0,6.7,0.06504854368932039,0.14408602150537633,0.00612369871402327
760,Periploca,17,111.0,6.529411764705882,0.0633923472301542,0.23870967741935484,0.010410287813839559
454,Hintonia,4,26.0,6.5,0.06310679611650485,0.05591397849462366,0.002449479485609308
647,Nauclea,12,74.0,6.166666666666667,0.0598705501618123,0.15913978494623657,0.007348438456827924
195,Ciliosemina,2,12.0,6.0,0.05825242718446602,0.025806451612903226,0.001224739742804654
942,Singaporandia,1,6.0,6.0,0.05825242718446602,0.012903225806451613,0.000612369871402327
944,Sinomarsdenia,1,6.0,6.0,0.05825242718446602,0.012903225806451613,0.000612369871402327
388,Gardneria,5,29.0,5.8,0.05631067961165048,0.06236559139784946,0.003061849357011635
920,Schumanniophyton,3,17.0,5.666666666666667,0.05501618122977347,0.03655913978494624,0.001837109614206981
467,Hunteria,13,72.0,5.538461538461538,0.0537714712471994,0.15483870967741936,0.007960808328230252
624,Mondia,2,11.0,5.5,0.05339805825242718,0.023655913978494623,0.001224739742804654
630,Morinda,39,206.0,5.282051282051282,0.05128205128205128,0.443010752688172,0.023882424984690752
599,Melodinus,25,132.0,5.28,0.0512621359223301,0.2838709677419355,0.015309246785058175
155,Carissa,10,51.0,5.1,0.04951456310679611,0.10967741935483871,0.00612369871402327
169,Cephalanthus,6,30.0,5.0,0.04854368932038835,0.06451612903225806,0.003674219228413962
463,Hoppea,2,10.0,5.0,0.04854368932038835,0.021505376344086023,0.001224739742804654
290,Dioecrescis,1,5.0,5.0,0.04854368932038835,0.010752688172043012,0.000612369871402327
699,Orphium,1,5.0,5.0,0.04854368932038835,0.010752688172043012,0.000612369871402327
1004,Syringantha,1,5.0,5.0,0.04854368932038835,0.010752688172043012,0.000612369871402327
7,Adenium,6,28.0,4.666666666666667,0.045307443365695796,0.060215053763440864,0.003674219228413962
440,Helia,8,37.0,4.625,0.044902912621359224,0.07956989247311828,0.004898958971218616
377,Funtumia,2,9.0,4.5,0.043689320388349516,0.01935483870967742,0.001224739742804654
411,Gonioma,2,9.0,4.5,0.043689320388349516,0.01935483870967742,0.001224739742804654
451,Himalrandia,2,9.0,4.5,0.043689320388349516,0.01935483870967742,0.001224739742804654
862,Rhodopentas,2,9.0,4.5,0.043689320388349516,0.01935483870967742,0.001224739742804654
992,Streptocaulon,5,22.0,4.4,0.042718446601941754,0.047311827956989246,0.003061849357011635
1035,Thevetia,3,13.0,4.333333333333333,0.042071197411003236,0.02795698924731183,0.001837109614206981
410,Gongronemopsis,9,36.0,4.0,0.038834951456310676,0.07741935483870968,0.005511328842620943
1,Acokanthera,5,20.0,4.0,0.038834951456310676,0.043010752688172046,0.003061849357011635
231,Coutarea,4,16.0,4.0,0.038834951456310676,0.034408602150537634,0.002449479485609308
615,Mitchella,2,8.0,4.0,0.038834951456310676,0.017204301075268817,0.001224739742804654
21,Alberta,1,4.0,4.0,0.038834951456310676,0.008602150537634409,0.000612369871402327
486,Ixanthus,1,4.0,4.0,0.038834951456310676,0.008602150537634409,0.000612369871402327
47,Anodendron,17,64.0,3.764705882352941,0.036550542547115934,0.13763440860215054,0.010410287813839559
882,Rosenbergiodendron,4,15.0,3.75,0.03640776699029126,0.03225806451612903,0.002449479485609308
1066,Uncaria,38,140.0,3.6842105263157894,0.03576903423607562,0.3010752688172043,0.023270055113288425
904,Schenkia,6,22.0,3.6666666666666665,0.03559870550161812,0.047311827956989246,0.003674219228413962
25,Allamanda,15,54.0,3.6,0.03495145631067961,0.11612903225806452,0.009185548071034905
1005,Tabernaemontana,126,446.0,3.5396825396825395,0.03436584989983048,0.9591397849462365,0.0771586037966932
710,Oxystelma,2,7.0,3.5,0.03398058252427184,0.015053763440860216,0.001224739742804654
389,Geissospermum,5,17.0,3.4,0.033009708737864074,0.03655913978494624,0.003061849357011635
462,Hoodia,13,42.0,3.230769230769231,0.03136669156086632,0.09032258064516129,0.007960808328230252
196,Cinchona,25,80.0,3.2,0.031067961165048546,0.17204301075268819,0.015309246785058175
134,Callichilia,6,19.0,3.1666666666666665,0.030744336569579287,0.04086021505376344,0.003674219228413962
1086,Voacanga,17,53.0,3.1176470588235294,0.03026841804683038,0.11397849462365592,0.010410287813839559
40,Amsonia,16,48.0,3.0,0.02912621359223301,0.1032258064516129,0.009797917942437232
288,Dimetia,10,30.0,3.0,0.02912621359223301,0.06451612903225806,0.00612369871402327
452,Himatanthus,9,27.0,3.0,0.02912621359223301,0.05806451612903226,0.005511328842620943
1042,Tinadendron,2,6.0,3.0,0.02912621359223301,0.012903225806451613,0.001224739742804654
33,Amalocalyx,1,3.0,3.0,0.02912621359223301,0.0064516129032258064,0.000612369871402327
293,Diplorhynchus,1,3.0,3.0,0.02912621359223301,0.0064516129032258064,0.000612369871402327
431,Hancornia,1,3.0,3.0,0.02912621359223301,0.0064516129032258064,0.000612369871402327
597,Melanopsidium,1,3.0,3.0,0.02912621359223301,0.0064516129032258064,0.000612369871402327
611,Microplumeria,1,3.0,3.0,0.02912621359223301,0.0064516129032258064,0.000612369871402327
886,Rubia,88,254.0,2.8863636363636362,0.028022947925860547,0.546236559139785,0.05388854868340478
154,Carapichea,24,69.0,2.875,0.027912621359223302,0.14838709677419354,0.014696876913655848
61,Araujia,13,34.0,2.6153846153846154,0.02539208364451083,0.07311827956989247,0.007960808328230252
795,Pleiocarpa,7,18.0,2.5714285714285716,0.024965325936199725,0.03870967741935484,0.004286589099816289
294,Diplospora,23,59.0,2.5652173913043477,0.024905023216547063,0.12688172043010754,0.014084507042253521
1024,Telosma,9,23.0,2.5555555555555554,0.024811218985976265,0.04946236559139785,0.005511328842620943
165,Catunaregam,14,35.0,2.5,0.024271844660194174,0.07526881720430108,0.008573178199632579
764,Petchia,8,20.0,2.5,0.024271844660194174,0.043010752688172046,0.004898958971218616
308,Dolichopentas,4,10.0,2.5,0.024271844660194174,0.021505376344086023,0.002449479485609308
744,Pentalinon,2,5.0,2.5,0.024271844660194174,0.010752688172043012,0.001224739742804654
922,Scleromitrion,27,66.0,2.4444444444444446,0.023732470334412083,0.14193548387096774,0.01653398652786283
422,Gymnema,52,122.0,2.3461538461538463,0.022778192681105303,0.2623655913978495,0.03184323331292101
603,Metagentiana,12,28.0,2.3333333333333335,0.022653721682847898,0.060215053763440864,0.007348438456827924
996,Strychnos,204,465.0,2.2794117647058822,0.0221302113078241,1.0,0.12492345376607471
208,Coffea,132,296.0,2.242424242424242,0.021771109149749925,0.6365591397849463,0.08083282302510716
274,Desmidorchis,14,31.0,2.2142857142857144,0.021497919556171984,0.06666666666666667,0.008573178199632579
483,Isertia,15,33.0,2.2,0.021359223300970877,0.07096774193548387,0.009185548071034905
852,Rauvolfia,77,164.0,2.1298701298701297,0.020678350775438153,0.35268817204301073,0.04715248009797918
386,Gardenia,127,263.0,2.0708661417322833,0.020105496521672653,0.5655913978494623,0.07777097366809553
245,Cruciata,9,18.0,2.0,0.019417475728155338,0.03870967741935484,0.005511328842620943
106,Blackstonia,4,8.0,2.0,0.019417475728155338,0.017204301075268817,0.002449479485609308
122,Breonadia,1,2.0,2.0,0.019417475728155338,0.004301075268817204,0.000612369871402327
236,Craspidospermum,1,2.0,2.0,0.019417475728155338,0.004301075268817204,0.000612369871402327
312,Dunnia,1,2.0,2.0,0.019417475728155338,0.004301075268817204,0.000612369871402327
331,Emmenopterys,1,2.0,2.0,0.019417475728155338,0.004301075268817204,0.000612369871402327
526,Lamprothamnus,1,2.0,2.0,0.019417475728155338,0.004301075268817204,0.000612369871402327
995,Strumpfia,1,2.0,2.0,0.019417475728155338,0.004301075268817204,0.000612369871402327
493,Jasminanthes,13,25.0,1.9230769230769231,0.018670649738610903,0.053763440860215055,0.007960808328230252
148,Canscora,15,28.0,1.8666666666666667,0.018122977346278317,0.060215053763440864,0.009185548071034905
407,Gomphocarpus,20,37.0,1.85,0.01796116504854369,0.07956989247311828,0.01224739742804654
1076,Vallesia,11,20.0,1.8181818181818181,0.0176522506619594,0.043010752688172046,0.006736068585425597
183,Chimarrhis,15,27.0,1.8,0.017475728155339806,0.05806451612903226,0.009185548071034905
980,Stephanotis,15,27.0,1.8,0.017475728155339806,0.05806451612903226,0.009185548071034905
220,Cordiera,25,43.0,1.72,0.016699029126213592,0.09247311827956989,0.015309246785058175
1097,Wrightia,33,56.0,1.696969696969697,0.01647543395116211,0.12043010752688173,0.02020820575627679
98,Beaumontia,9,15.0,1.6666666666666667,0.016181229773462785,0.03225806451612903,0.005511328842620943
364,Feretia,3,5.0,1.6666666666666667,0.016181229773462785,0.010752688172043012,0.001837109614206981
801,Pogonopus,3,5.0,1.6666666666666667,0.016181229773462785,0.010752688172043012,0.001837109614206981
355,Exostema,11,18.0,1.6363636363636365,0.015887025595763462,0.03870967741935484,0.006736068585425597
265,Decalepis,5,8.0,1.6,0.015533980582524273,0.017204301075268817,0.003061849357011635
248,Cryptolepis,34,54.0,1.588235294117647,0.015419760137064534,0.11612903225806452,0.020820575627679118
262,Damnacanthus,13,20.0,1.5384615384615385,0.014936519790888723,0.043010752688172046,0.007960808328230252
397,Gentianopsis,21,32.0,1.5238095238095237,0.014794267221451687,0.06881720430107527,0.012859767299448868
319,Dyera,2,3.0,1.5,0.014563106796116505,0.0064516129032258064,0.001224739742804654
168,Centaurium,29,43.0,1.4827586206896552,0.014395714763977236,0.09247311827956989,0.017758726270667484
223,Corynanthe,7,10.0,1.4285714285714286,0.013869625520110958,0.021505376344086023,0.004286589099816289
727,Parahancornia,7,10.0,1.4285714285714286,0.013869625520110958,0.021505376344086023,0.004286589099816289
72,Aspidosperma,79,112.0,1.4177215189873418,0.013764286592110115,0.24086021505376345,0.04837721984078383
1000,Swertia,166,233.0,1.4036144578313252,0.013627324833313838,0.5010752688172043,0.10165339865278629
994,Strophanthus,39,52.0,1.3333333333333333,0.012944983818770225,0.11182795698924732,0.023882424984690752
24,Alibertia,15,20.0,1.3333333333333333,0.012944983818770225,0.043010752688172046,0.009185548071034905
1060,Tripterospermum,34,45.0,1.3235294117647058,0.012849800114220445,0.0967741935483871,0.020820575627679118
49,Anthocleista,16,21.0,1.3125,0.012742718446601941,0.04516129032258064,0.009797917942437232
798,Plocama,36,47.0,1.3055555555555556,0.01267529665587918,0.1010752688172043,0.02204531537048377
564,Luculia,4,5.0,1.25,0.012135922330097087,0.010752688172043012,0.002449479485609308
67,Asclepias,206,257.0,1.2475728155339805,0.012112357432368742,0.5526881720430108,0.12614819350887937
855,Rennellia,9,11.0,1.2222222222222223,0.011866235167206042,0.023655913978494623,0.005511328842620943
550,Leptopetalum,10,12.0,1.2,0.011650485436893204,0.025806451612903226,0.00612369871402327
633,Mostuea,10,12.0,1.2,0.011650485436893204,0.025806451612903226,0.00612369871402327
260,Cyrtophyllum,5,6.0,1.2,0.011650485436893204,0.012903225806451613,0.003061849357011635
140,Calycophyllum,11,13.0,1.1818181818181819,0.01147396293027361,0.02795698924731183,0.006736068585425597
473,Hymenodictyon,27,31.0,1.1481481481481481,0.011147069399496584,0.06666666666666667,0.01653398652786283
680,Ochrosia,44,49.0,1.1136363636363635,0.01081200353045013,0.1053763440860215,0.02694427434170239
661,Neonauclea,71,75.0,1.056338028169014,0.01025570901134965,0.16129032258064516,0.043478260869565216
184,Chiococca,22,23.0,1.0454545454545454,0.010150044130626654,0.04946236559139785,0.013472137170851195
702,Orthosia,41,42.0,1.024390243902439,0.009945536348567369,0.09032258064516129,0.02510716472749541
13,Aganosma,9,9.0,1.0,0.009708737864077669,0.01935483870967742,0.005511328842620943
115,Bousigonia,3,3.0,1.0,0.009708737864077669,0.0064516129032258064,0.001837109614206981
479,Ichnocarpus,3,3.0,1.0,0.009708737864077669,0.0064516129032258064,0.001837109614206981
1075,Vallaris,3,3.0,1.0,0.009708737864077669,0.0064516129032258064,0.001837109614206981
126,Buchozia,1,1.0,1.0,0.009708737864077669,0.002150537634408602,0.000612369871402327
130,Burchellia,1,1.0,1.0,0.009708737864077669,0.002150537634408602,0.000612369871402327
255,Cyclocotyla,1,1.0,1.0,0.009708737864077669,0.002150537634408602,0.000612369871402327
301,Diyaminauclea,1,1.0,1.0,0.009708737864077669,0.002150537634408602,0.000612369871402327
936,Sherardia,1,1.0,1.0,0.009708737864077669,0.002150537634408602,0.000612369871402327
902,Sarcolobus,22,21.0,0.9545454545454546,0.009267431597528686,0.04516129032258064,0.013472137170851195
395,Gentiana,353,331.0,0.9376770538243626,0.009103660716741385,0.7118279569892473,0.21616656460502143
748,Pentas,16,15.0,0.9375,0.009101941747572815,0.03225806451612903,0.009797917942437232
1084,Vincetoxicum,262,239.0,0.9122137404580153,0.008856444082116654,0.513978494623656,0.16044090630740968
816,Prismatomeris,17,15.0,0.8823529411764706,0.008566533409480296,0.03225806451612903,0.010410287813839559
186,Chironia,25,22.0,0.88,0.00854368932038835,0.047311827956989246,0.015309246785058175
114,Boucerosia,8,7.0,0.875,0.00849514563106796,0.015053763440860216,0.004898958971218616
375,Frasera,15,13.0,0.8666666666666667,0.008414239482200648,0.02795698924731183,0.009185548071034905
509,Kibatalia,15,13.0,0.8666666666666667,0.008414239482200648,0.02795698924731183,0.009185548071034905
1067,Urceola,21,18.0,0.8571428571428571,0.008321775312066574,0.03870967741935484,0.012859767299448868
207,Coelospermum,12,10.0,0.8333333333333334,0.008090614886731393,0.021505376344086023,0.007348438456827924
715,Paederia,33,27.0,0.8181818181818182,0.007943512797881731,0.05806451612903226,0.02020820575627679
233,Coutoubea,5,4.0,0.8,0.0077669902912621365,0.008602150537634409,0.003061849357011635
264,Debia,5,4.0,0.8,0.0077669902912621365,0.008602150537634409,0.003061849357011635
153,Caralluma,31,24.0,0.7741935483870968,0.0075164422173504535,0.05161290322580645,0.018983466013472138
1045,Tocoyena,20,15.0,0.75,0.007281553398058253,0.03225806451612903,0.01224739742804654
429,Halenia,67,49.0,0.7313432835820896,0.0071004202289523255,0.1053763440860215,0.04102878138395591
901,Saprosma,44,30.0,0.6818181818181818,0.006619593998234774,0.06451612903225806,0.02694427434170239
20,Alafia,25,17.0,0.68,0.006601941747572816,0.03655913978494624,0.015309246785058175
1071,Utania,12,8.0,0.6666666666666666,0.006472491909385113,0.017204301075268817,0.007348438456827924
430,Hamelia,16,10.0,0.625,0.006067961165048544,0.021505376344086023,0.009797917942437232
688,Oncinotis,8,5.0,0.625,0.006067961165048544,0.010752688172043012,0.004898958971218616
588,Marsdenia,85,53.0,0.6235294117647059,0.0060536836093660765,0.11397849462365592,0.0520514390691978
953,Solenandra,21,13.0,0.6190476190476191,0.006010171058714748,0.02795698924731183,0.012859767299448868
123,Breonia,20,12.0,0.6,0.005825242718446602,0.025806451612903226,0.01224739742804654
251,Curtia,10,6.0,0.6,0.005825242718446602,0.012903225806451613,0.00612369871402327
438,Heinsia,5,3.0,0.6,0.005825242718446602,0.0064516129032258064,0.003061849357011635
424,Gynochthodes,97,55.0,0.5670103092783505,0.005504954459013112,0.11827956989247312,0.05939987752602572
975,Stenostomum,48,26.0,0.5416666666666666,0.0052588996763754045,0.05591397849462366,0.029393753827311696
352,Exallage,18,9.0,0.5,0.0048543689320388345,0.01935483870967742,0.011022657685241886
708,Oxyceros,12,6.0,0.5,0.0048543689320388345,0.012903225806451613,0.007348438456827924
91,Baroniella,10,5.0,0.5,0.0048543689320388345,0.010752688172043012,0.00612369871402327
700,Orthanthera,6,3.0,0.5,0.0048543689320388345,0.0064516129032258064,0.003674219228413962
53,Antirhea,4,2.0,0.5,0.0048543689320388345,0.004301075268817204,0.002449479485609308
605,Mexotis,4,2.0,0.5,0.0048543689320388345,0.004301075268817204,0.002449479485609308
1080,Veratrilla,2,1.0,0.5,0.0048543689320388345,0.002150537634408602,0.001224739742804654
563,Lomatogonium,27,13.0,0.48148148148148145,0.004674577490111471,0.02795698924731183,0.01653398652786283
883,Rothmannia,23,11.0,0.4782608695652174,0.004643309413254538,0.023655913978494623,0.014084507042253521
940,Simira,42,20.0,0.47619047619047616,0.004623208506703652,0.043010752688172046,0.025719534598897736
866,Richardia,17,8.0,0.47058823529411764,0.004568817818389492,0.017204301075268817,0.010410287813839559
513,Knoxia,13,6.0,0.46153846153846156,0.004480955937266617,0.012903225806451613,0.007960808328230252
259,Cynanchum,262,113.0,0.4312977099236641,0.004187356407025865,0.24301075268817204,0.16044090630740968
246,Cruckshanksia,7,3.0,0.42857142857142855,0.004160887656033287,0.0064516129032258064,0.004286589099816289
616,Mitracarpus,67,28.0,0.417910447761194,0.004057382987972757,0.060215053763440864,0.04102878138395591
1018,Tarenna,192,79.0,0.4114583333333333,0.003994741100323625,0.16989247311827957,0.11757501530924679
692,Orbea,59,24.0,0.4067796610169492,0.003949317097251934,0.05161290322580645,0.036129822412737295
358,Fagraea,65,26.0,0.4,0.0038834951456310682,0.05591397849462366,0.039804041641151255
190,Chonemorpha,10,4.0,0.4,0.0038834951456310682,0.008602150537634409,0.00612369871402327
335,Enicostema,3,1.0,0.3333333333333333,0.0032362459546925564,0.002150537634408602,0.001837109614206981
571,Macoubea,3,1.0,0.3333333333333333,0.0032362459546925564,0.002150537634408602,0.001837109614206981
951,Skytanthus,3,1.0,0.3333333333333333,0.0032362459546925564,0.002150537634408602,0.001837109614206981
244,Crucianella,31,10.0,0.3225806451612903,0.0031318509238960224,0.021505376344086023,0.018983466013472138
683,Oldenlandia,164,46.0,0.2804878048780488,0.002723182571631542,0.0989247311827957,0.10042865890998164
229,Coussarea,122,32.0,0.26229508196721313,0.002546554193856438,0.06881720430107527,0.0747091243110839
735,Parsonsia,86,22.0,0.2558139534883721,0.0024836306163919623,0.047311827956989246,0.052663808940600125
418,Guettarda,145,37.0,0.25517241379310346,0.0024774020756611987,0.07956989247311828,0.08879363135333741
900,Salzmannia,4,1.0,0.25,0.0024271844660194173,0.002150537634408602,0.002449479485609308
396,Gentianella,309,73.0,0.23624595469255663,0.0022936500455588023,0.15698924731182795,0.18922229026331905
346,Eumachia,86,20.0,0.23255813953488372,0.002257846014901784,0.043010752688172046,0.052663808940600125
639,Mussaenda,183,42.0,0.22950819672131148,0.002228234919624383,0.09032258064516129,0.11206368646662584
435,Hedyotis,189,42.0,0.2222222222222222,0.002157497303128371,0.09032258064516129,0.1157379056950398
458,Hoffmannia,113,24.0,0.21238938053097345,0.002062032820689063,0.05161290322580645,0.06919779546846296
691,Ophiorrhiza,372,79.0,0.21236559139784947,0.002061801858231548,0.16989247311827957,0.22780159216166565
707,Oxyanthus,38,8.0,0.21052631578947367,0.0020439448134900355,0.017204301075268817,0.023270055113288425
356,Fadogia,39,8.0,0.20512820512820512,0.0019915359721184964,0.017204301075268817,0.023882424984690752
446,Heterostemma,45,9.0,0.2,0.0019417475728155341,0.01935483870967742,0.027556644213104716
382,Galium,671,129.0,0.19225037257824143,0.001866508471633412,0.27741935483870966,0.41090018371096143
581,Malouetia,32,6.0,0.1875,0.0018203883495145632,0.012903225806451613,0.019595835884874464
376,Funastrum,22,4.0,0.18181818181818182,0.00176522506619594,0.008602150537634409,0.013472137170851195
504,Keetia,39,7.0,0.1794871794871795,0.0017425939756036844,0.015053763440860216,0.023882424984690752
465,Hoya,554,99.0,0.17870036101083034,0.0017349549612701975,0.2129032258064516,0.3392529087568892
831,Psydrax,96,17.0,0.17708333333333334,0.0017192556634304209,0.03655913978494624,0.05878750765462339
956,Spermacoce,291,49.0,0.16838487972508592,0.001634804657525106,0.1053763440860215,0.17819963257807717
1101,Xysmalobium,40,6.0,0.15,0.0014563106796116505,0.012903225806451613,0.02449479485609308
59,Apteranthes,7,1.0,0.14285714285714285,0.0013869625520110955,0.002150537634408602,0.004286589099816289
552,Leptostigma,7,1.0,0.14285714285714285,0.0013869625520110955,0.002150537634408602,0.004286589099816289
315,Duroia,37,5.0,0.13513513513513514,0.0013119916032537393,0.010752688172043012,0.0226576852418861
594,Matelea,231,31.0,0.1341991341991342,0.0013029042155255747,0.06666666666666667,0.14145744029393753
216,Coprosma,121,16.0,0.1322314049586777,0.0012838000481425018,0.034408602150537634,0.07409675443968157
582,Mandevilla,177,23.0,0.12994350282485875,0.0012615874060665899,0.04946236559139785,0.10838946723821188
641,Mycetia,54,7.0,0.12962962962962962,0.0012585400934915498,0.015053763440860216,0.03306797305572566
919,Schultesia,16,2.0,0.125,0.0012135922330097086,0.004301075268817204,0.009797917942437232
590,Mascarenhasia,8,1.0,0.125,0.0012135922330097086,0.002150537634408602,0.004898958971218616
928,Secamone,130,16.0,0.12307692307692308,0.001194921583271098,0.034408602150537634,0.07960808328230251
31,Alyxia,107,13.0,0.12149532710280374,0.0011795662825514926,0.02795698924731183,0.065523576240049
1077,Vangueria,58,7.0,0.1206896551724138,0.0011717442249748913,0.015053763440860216,0.03551745254133497
1036,Thiollierea,17,2.0,0.11764705882352941,0.001142204454597373,0.004301075268817204,0.010410287813839559
809,Potalia,9,1.0,0.1111111111111111,0.0010787486515641855,0.002150537634408602,0.005511328842620943
1092,Wendlandia,82,9.0,0.10975609756097561,0.0010655931802036468,0.01935483870967742,0.05021432945499082
210,Comastoma,19,2.0,0.10526315789473684,0.0010219724067450178,0.004301075268817204,0.011635027556644213
746,Pentanisia,19,2.0,0.10526315789473684,0.0010219724067450178,0.004301075268817204,0.011635027556644213
719,Palicourea,694,72.0,0.1037463976945245,0.0010072465795584902,0.15483870967741936,0.42498469075321493
149,Canthium,80,8.0,0.1,0.0009708737864077671,0.017204301075268817,0.04898958971218616
95,Bathysa,10,1.0,0.1,0.0009708737864077671,0.002150537634408602,0.00612369871402327
553,Lerchea,10,1.0,0.1,0.0009708737864077671,0.002150537634408602,0.00612369871402327
738,Pauridiantha,51,5.0,0.09803921568627451,0.0009518370454978108,0.010752688172043012,0.031230863441518677
868,Ridsdalea,31,3.0,0.0967741935483871,0.0009395552771688067,0.0064516129032258064,0.018983466013472138
488,Ixora,561,54.0,0.0962566844919786,0.0009345309173978505,0.11612903225806452,0.34353949785670546
682,Odontadenia,21,2.0,0.09523809523809523,0.0009246417013407304,0.004301075268817204,0.012859767299448868
966,Stapelia,32,3.0,0.09375,0.0009101941747572816,0.0064516129032258064,0.019595835884874464
531,Lasianthus,267,25.0,0.09363295880149813,0.0009090578524417294,0.053763440860215055,0.16350275566442132
808,Posoqueria,22,2.0,0.09090909090909091,0.00088261253309797,0.004301075268817204,0.013472137170851195
32,Amaioua,11,1.0,0.09090909090909091,0.00088261253309797,0.002150537634408602,0.006736068585425597
16,Aidia,56,5.0,0.08928571428571429,0.0008668515950069349,0.010752688172043012,0.034292712798530314
469,Hydnophytum,57,5.0,0.08771929824561403,0.0008516436722875148,0.010752688172043012,0.03490508266993264
173,Ceriscoides,12,1.0,0.08333333333333333,0.0008090614886731391,0.002150537634408602,0.007348438456827924
351,Exacum,75,6.0,0.08,0.0007766990291262136,0.012903225806451613,0.04592774035517452
888,Rudgea,165,13.0,0.07878787878787878,0.0007649308620182406,0.02795698924731183,0.10104102878138396
297,Dischidia,127,10.0,0.07874015748031496,0.0007644675483525725,0.021505376344086023,0.07777097366809553
1103,Zeltnera,26,2.0,0.07692307692307693,0.0007468259895444362,0.004301075268817204,0.015921616656460504
321,Echites,14,1.0,0.07142857142857142,0.0006934812760055478,0.002150537634408602,0.008573178199632579
540,Leichhardtia,85,6.0,0.07058823529411765,0.0006853226727584238,0.012903225806451613,0.0520514390691978
360,Faramea,190,13.0,0.06842105263157895,0.0006642820643842617,0.02795698924731183,0.11635027556644213
373,Forsteronia,46,3.0,0.06521739130434782,0.0006331785563528915,0.0064516129032258064,0.028169014084507043
393,Geniostoma,49,3.0,0.061224489795918366,0.0005944125222904696,0.0064516129032258064,0.030006123698714023
560,Lisianthius,33,2.0,0.06060606060606061,0.0005884083553986467,0.004301075268817204,0.02020820575627679
12,Afrocanthium,17,1.0,0.058823529411764705,0.0005711022272986865,0.002150537634408602,0.010410287813839559
174,Ceropegia,450,25.0,0.05555555555555555,0.0005393743257820927,0.053763440860215055,0.27556644213104714
69,Asperula,92,5.0,0.05434782608695652,0.0005276487969607429,0.010752688172043012,0.056338028169014086
523,Ladenbergia,37,2.0,0.05405405405405406,0.0005247966413014957,0.004301075268817204,0.0226576852418861
739,Pavetta,335,18.0,0.05373134328358209,0.0005216635270250688,0.03870967741935484,0.20514390691977955
116,Bouvardia,57,3.0,0.05263157894736842,0.0005109862033725089,0.0064516129032258064,0.03490508266993264
100,Benkara,19,1.0,0.05263157894736842,0.0005109862033725089,0.002150537634408602,0.011635027556644213
219,Coptosperma,19,1.0,0.05263157894736842,0.0005109862033725089,0.002150537634408602,0.011635027556644213
743,Pentagonia,43,2.0,0.046511627906976744,0.0004515692029803567,0.004301075268817204,0.026331904470300063
380,Galianthe,53,2.0,0.03773584905660377,0.00036636746656896867,0.004301075268817204,0.032455603184323334
546,Leptactina,27,1.0,0.037037037037037035,0.0003595828838547285,0.002150537634408602,0.01653398652786283
419,Guettardella,29,1.0,0.034482758620689655,0.00033478406427854036,0.002150537634408602,0.017758726270667484
180,Chassalia,122,4.0,0.03278688524590164,0.0003183192742320548,0.008602150537634409,0.0747091243110839
959,Spigelia,96,3.0,0.03125,0.00030339805825242716,0.0064516129032258064,0.05878750765462339
889,Ruehssia,130,4.0,0.03076923076923077,0.0002987303958177745,0.008602150537634409,0.07960808328230251
273,Deppea,39,1.0,0.02564102564102564,0.00024894199651481205,0.002150537634408602,0.023882424984690752
1055,Tricalysia,81,2.0,0.024691358024691357,0.000239721922569819,0.004301075268817204,0.049601959583588484
830,Psychotria,1633,39.0,0.023882424984690752,0.00023186820373486167,0.08387096774193549,1.0
854,Remijia,43,1.0,0.023255813953488372,0.00022578460149017836,0.002150537634408602,0.026331904470300063
1041,Timonius,194,4.0,0.020618556701030927,0.00020018016214593134,0.008602150537634409,0.11879975505205144
677,Notopleura,103,2.0,0.019417475728155338,0.00018851918182675084,0.004301075268817204,0.06307409675443969
880,Rondeletia,156,3.0,0.019230769230769232,0.00018670649738610905,0.0064516129032258064,0.09552969993876301
918,Schradera,58,1.0,0.017241379310344827,0.00016739203213927018,0.002150537634408602,0.03551745254133497
814,Prestonia,65,1.0,0.015384615384615385,0.00014936519790888724,0.002150537634408602,0.039804041641151255
844,Pyrostria,76,1.0,0.013157894736842105,0.00012774655084312722,0.002150537634408602,0.04654011022657685
64,Argostemma,178,1.0,0.0056179775280898875,5.4543471146503765e-05,0.002150537634408602,0.10900183710961421
895,Sabicea,159,0.0,0.0,0.0,0.0,0.09736680955296999
709,Oxypetalum,139,0.0,0.0,0.0,0.0,0.08511941212492345
583,Manettia,127,0.0,0.0,0.0,0.0,0.07777097366809553
1069,Urophyllum,126,0.0,0.0,0.0,0.0,0.0771586037966932
413,Gonolobus,124,0.0,0.0,0.0,0.0,0.07593386405388855
572,Macrocarpaea,121,0.0,0.0,0.0,0.0,0.07409675443968157
849,Randia,116,0.0,0.0,0.0,0.0,0.07103490508266994
299,Ditassa,113,0.0,0.0,0.0,0.0,0.06919779546846296
60,Arachnothryx,104,0.0,0.0,0.0,0.0,0.06368646662584201
604,Metastelma,99,0.0,0.0,0.0,0.0,0.06062461726883037
378,Gaertnera,90,0.0,0.0,0.0,0.0,0.05511328842620943
892,Rytigynia,81,0.0,0.0,0.0,0.0,0.049601959583588484
466,Huernia,78,0.0,0.0,0.0,0.0,0.047764849969381504
189,Chomelia,75,0.0,0.0,0.0,0.0,0.04592774035517452
258,Cynanchica,74,0.0,0.0,0.0,0.0,0.0453153704837722
528,Landolphia,62,0.0,0.0,0.0,0.0,0.037966932026944275
103,Bertiera,57,0.0,0.0,0.0,0.0,0.03490508266993264
618,Mitrasacme,55,0.0,0.0,0.0,0.0,0.03368034292712799
812,Praravinia,50,0.0,0.0,0.0,0.0,0.03061849357011635
927,Sebaea,50,0.0,0.0,0.0,0.0,0.03061849357011635
754,Peponidium,48,0.0,0.0,0.0,0.0,0.029393753827311696
548,Leptodermis,47,0.0,0.0,0.0,0.0,0.02878138395590937
771,Philibertia,44,0.0,0.0,0.0,0.0,0.02694427434170239
2,Acranthera,42,0.0,0.0,0.0,0.0,0.025719534598897736
256,Cyclophyllum,42,0.0,0.0,0.0,0.0,0.025719534598897736
77,Atractocarpus,40,0.0,0.0,0.0,0.0,0.02449479485609308
580,Malanea,40,0.0,0.0,0.0,0.0,0.02449479485609308
52,Anthospermum,39,0.0,0.0,0.0,0.0,0.023882424984690752
711,Pachycarpus,39,0.0,0.0,0.0,0.0,0.023882424984690752
70,Aspidoglossum,37,0.0,0.0,0.0,0.0,0.0226576852418861
263,Danais,37,0.0,0.0,0.0,0.0,0.0226576852418861
414,Gonzalagunia,37,0.0,0.0,0.0,0.0,0.0226576852418861
320,Echidnopsis,36,0.0,0.0,0.0,0.0,0.02204531537048377
850,Raphionacme,36,0.0,0.0,0.0,0.0,0.02204531537048377
478,Ibatia,35,0.0,0.0,0.0,0.0,0.021432945499081445
649,Neanotis,34,0.0,0.0,0.0,0.0,0.020820575627679118
1049,Toxocarpus,34,0.0,0.0,0.0,0.0,0.020820575627679118
569,Machaonia,32,0.0,0.0,0.0,0.0,0.019595835884874464
1098,Xanthophytum,32,0.0,0.0,0.0,0.0,0.019595835884874464
1001,Symbolanthus,31,0.0,0.0,0.0,0.0,0.018983466013472138
1021,Tassadia,31,0.0,0.0,0.0,0.0,0.018983466013472138
34,Amaracarpus,30,0.0,0.0,0.0,0.0,0.01837109614206981
334,Empogona,30,0.0,0.0,0.0,0.0,0.01837109614206981
497,Kadua,30,0.0,0.0,0.0,0.0,0.01837109614206981
268,Declieuxia,29,0.0,0.0,0.0,0.0,0.017758726270667484
306,Dolicholobium,29,0.0,0.0,0.0,0.0,0.017758726270667484
399,Geophila,29,0.0,0.0,0.0,0.0,0.017758726270667484
475,Hypobathrum,28,0.0,0.0,0.0,0.0,0.017146356399265157
923,Scolosanthus,28,0.0,0.0,0.0,0.0,0.017146356399265157
926,Scyphostelma,28,0.0,0.0,0.0,0.0,0.017146356399265157
237,Craterispermum,27,0.0,0.0,0.0,0.0,0.01653398652786283
515,Kohautia,27,0.0,0.0,0.0,0.0,0.01653398652786283
108,Blepharodon,26,0.0,0.0,0.0,0.0,0.015921616656460504
643,Myrmecodia,26,0.0,0.0,0.0,0.0,0.015921616656460504
716,Pagamea,26,0.0,0.0,0.0,0.0,0.015921616656460504
912,Schizoglossum,26,0.0,0.0,0.0,0.0,0.015921616656460504
87,Baissea,25,0.0,0.0,0.0,0.0,0.015309246785058175
327,Elaeagia,25,0.0,0.0,0.0,0.0,0.015309246785058175
450,Hillia,25,0.0,0.0,0.0,0.0,0.015309246785058175
494,Jobinia,25,0.0,0.0,0.0,0.0,0.015309246785058175
989,Streblosa,25,0.0,0.0,0.0,0.0,0.015309246785058175
363,Ferdinandusa,24,0.0,0.0,0.0,0.0,0.014696876913655848
464,Houstonia,24,0.0,0.0,0.0,0.0,0.014696876913655848
522,Lacmellea,24,0.0,0.0,0.0,0.0,0.014696876913655848
802,Polysphaeria,24,0.0,0.0,0.0,0.0,0.014696876913655848
561,Logania,23,0.0,0.0,0.0,0.0,0.014084507042253521
712,Pachypodium,23,0.0,0.0,0.0,0.0,0.014084507042253521
752,Pentopetia,23,0.0,0.0,0.0,0.0,0.014084507042253521
204,Coccocypselum,22,0.0,0.0,0.0,0.0,0.013472137170851195
238,Crawfurdia,22,0.0,0.0,0.0,0.0,0.013472137170851195
354,Exochaenium,22,0.0,0.0,0.0,0.0,0.013472137170851195
613,Minaria,22,0.0,0.0,0.0,0.0,0.013472137170851195
769,Phialanthus,22,0.0,0.0,0.0,0.0,0.013472137170851195
806,Porterandia,22,0.0,0.0,0.0,0.0,0.013472137170851195
899,Saldinia,22,0.0,0.0,0.0,0.0,0.013472137170851195
932,Sericanthe,22,0.0,0.0,0.0,0.0,0.013472137170851195
1037,Thliphthisa,22,0.0,0.0,0.0,0.0,0.013472137170851195
856,Retiniphyllum,21,0.0,0.0,0.0,0.0,0.012859767299448868
891,Rutidea,21,0.0,0.0,0.0,0.0,0.012859767299448868
894,Sabatia,21,0.0,0.0,0.0,0.0,0.012859767299448868
964,Staelia,21,0.0,0.0,0.0,0.0,0.012859767299448868
1087,Voyria,21,0.0,0.0,0.0,0.0,0.012859767299448868
845,Quaqua,20,0.0,0.0,0.0,0.0,0.01224739742804654
906,Schismatoclada,20,0.0,0.0,0.0,0.0,0.01224739742804654
361,Faroa,19,0.0,0.0,0.0,0.0,0.011635027556644213
575,Macroscepis,19,0.0,0.0,0.0,0.0,0.011635027556644213
946,Sipanea,19,0.0,0.0,0.0,0.0,0.011635027556644213
29,Alseis,18,0.0,0.0,0.0,0.0,0.011022657685241886
62,Arcytophyllum,18,0.0,0.0,0.0,0.0,0.011022657685241886
120,Bremeria,18,0.0,0.0,0.0,0.0,0.011022657685241886
163,Catesbaea,18,0.0,0.0,0.0,0.0,0.011022657685241886
252,Cuviera,18,0.0,0.0,0.0,0.0,0.011022657685241886
282,Dictyanthus,18,0.0,0.0,0.0,0.0,0.011022657685241886
289,Diodia,18,0.0,0.0,0.0,0.0,0.011022657685241886
317,Duvalia,18,0.0,0.0,0.0,0.0,0.011022657685241886
455,Hippotis,18,0.0,0.0,0.0,0.0,0.011022657685241886
495,Joosia,18,0.0,0.0,0.0,0.0,0.011022657685241886
704,Otiophora,18,0.0,0.0,0.0,0.0,0.011022657685241886
723,Paracephaelis,18,0.0,0.0,0.0,0.0,0.011022657685241886
391,Genianthus,17,0.0,0.0,0.0,0.0,0.010410287813839559
484,Isidorea,17,0.0,0.0,0.0,0.0,0.010410287813839559
620,Mitreola,17,0.0,0.0,0.0,0.0,0.010410287813839559
689,Opercularia,17,0.0,0.0,0.0,0.0,0.010410287813839559
864,Rhytidocaulon,17,0.0,0.0,0.0,0.0,0.010410287813839559
890,Rustia,17,0.0,0.0,0.0,0.0,0.010410287813839559
917,Schmidtottia,17,0.0,0.0,0.0,0.0,0.010410287813839559
1078,Vangueriella,17,0.0,0.0,0.0,0.0,0.010410287813839559
218,Coptosapelta,16,0.0,0.0,0.0,0.0,0.009797917942437232
521,Lachnostoma,16,0.0,0.0,0.0,0.0,0.009797917942437232
1094,Willughbeia,16,0.0,0.0,0.0,0.0,0.009797917942437232
247,Crusea,15,0.0,0.0,0.0,0.0,0.009185548071034905
448,Hexasepalum,15,0.0,0.0,0.0,0.0,0.009185548071034905
950,Sisyranthus,15,0.0,0.0,0.0,0.0,0.009185548071034905
182,Chilocarpus,14,0.0,0.0,0.0,0.0,0.008573178199632579
292,Diplolepis,14,0.0,0.0,0.0,0.0,0.008573178199632579
518,Kuepferia,14,0.0,0.0,0.0,0.0,0.008573178199632579
574,Macropharynx,14,0.0,0.0,0.0,0.0,0.008573178199632579
756,Perama,14,0.0,0.0,0.0,0.0,0.008573178199632579
779,Phyllopentas,14,0.0,0.0,0.0,0.0,0.008573178199632579
793,Platycarpum,14,0.0,0.0,0.0,0.0,0.008573178199632579
969,Stathmostelma,14,0.0,0.0,0.0,0.0,0.008573178199632579
37,Amphidasya,13,0.0,0.0,0.0,0.0,0.007960808328230252
58,Appunia,13,0.0,0.0,0.0,0.0,0.007960808328230252
143,Calyptranthera,13,0.0,0.0,0.0,0.0,0.007960808328230252
298,Discospermum,13,0.0,0.0,0.0,0.0,0.007960808328230252
303,Dolianthus,13,0.0,0.0,0.0,0.0,0.007960808328230252
520,Kutchubaea,13,0.0,0.0,0.0,0.0,0.007960808328230252
608,Micrechites,13,0.0,0.0,0.0,0.0,0.007960808328230252
696,Orianthera,13,0.0,0.0,0.0,0.0,0.007960808328230252
876,Rogiera,13,0.0,0.0,0.0,0.0,0.007960808328230252
937,Sherbournia,13,0.0,0.0,0.0,0.0,0.007960808328230252
963,Stachyarrhena,13,0.0,0.0,0.0,0.0,0.007960808328230252
1008,Tachia,13,0.0,0.0,0.0,0.0,0.007960808328230252
1054,Triainolepis,13,0.0,0.0,0.0,0.0,0.007960808328230252
1057,Trichostachys,13,0.0,0.0,0.0,0.0,0.007960808328230252
75,Astiella,12,0.0,0.0,0.0,0.0,0.007348438456827924
404,Glossostelma,12,0.0,0.0,0.0,0.0,0.007348438456827924
447,Hexaphylla,12,0.0,0.0,0.0,0.0,0.007348438456827924
472,Hymenocoleus,12,0.0,0.0,0.0,0.0,0.007348438456827924
609,Microloma,12,0.0,0.0,0.0,0.0,0.007348438456827924
668,Neuburgia,12,0.0,0.0,0.0,0.0,0.007348438456827924
823,Pseudolachnostoma,12,0.0,0.0,0.0,0.0,0.007348438456827924
1048,Tournefortiopsis,12,0.0,0.0,0.0,0.0,0.007348438456827924
81,Aulacocalyx,11,0.0,0.0,0.0,0.0,0.006736068585425597
104,Bikkia,11,0.0,0.0,0.0,0.0,0.006736068585425597
453,Hindsia,11,0.0,0.0,0.0,0.0,0.006736068585425597
474,Hyperacanthus,11,0.0,0.0,0.0,0.0,0.006736068585425597
763,Petalostelma,11,0.0,0.0,0.0,0.0,0.006736068585425597
955,Sommera,11,0.0,0.0,0.0,0.0,0.006736068585425597
981,Stevensia,11,0.0,0.0,0.0,0.0,0.006736068585425597
1009,Tachiadenus,11,0.0,0.0,0.0,0.0,0.006736068585425597
1016,Tapanhuacanga,11,0.0,0.0,0.0,0.0,0.006736068585425597
1062,Tromotriche,11,0.0,0.0,0.0,0.0,0.006736068585425597
1082,Villaria,11,0.0,0.0,0.0,0.0,0.006736068585425597
27,Allomarkgrafia,10,0.0,0.0,0.0,0.0,0.00612369871402327
79,Atrostemma,10,0.0,0.0,0.0,0.0,0.00612369871402327
111,Bonyunia,10,0.0,0.0,0.0,0.0,0.00612369871402327
161,Casasia,10,0.0,0.0,0.0,0.0,0.00612369871402327
192,Chthamalia,10,0.0,0.0,0.0,0.0,0.00612369871402327
549,Leptomischus,10,0.0,0.0,0.0,0.0,0.00612369871402327
638,Multidentia,10,0.0,0.0,0.0,0.0,0.00612369871402327
653,Nenax,10,0.0,0.0,0.0,0.0,0.00612369871402327
666,Nertera,10,0.0,0.0,0.0,0.0,0.00612369871402327
740,Payera,10,0.0,0.0,0.0,0.0,0.00612369871402327
774,Phyllanthera,10,0.0,0.0,0.0,0.0,0.00612369871402327
869,Riocreuxia,10,0.0,0.0,0.0,0.0,0.00612369871402327
50,Anthorrhiza,9,0.0,0.0,0.0,0.0,0.005511328842620943
146,Camptocarpus,9,0.0,0.0,0.0,0.0,0.005511328842620943
222,Cordylostigma,9,0.0,0.0,0.0,0.0,0.005511328842620943
272,Dentella,9,0.0,0.0,0.0,0.0,0.005511328842620943
341,Erithalis,9,0.0,0.0,0.0,0.0,0.005511328842620943
416,Greenea,9,0.0,0.0,0.0,0.0,0.005511328842620943
443,Hemipogon,9,0.0,0.0,0.0,0.0,0.005511328842620943
606,Meyna,9,0.0,0.0,0.0,0.0,0.005511328842620943
753,Peplonia,9,0.0,0.0,0.0,0.0,0.005511328842620943
781,Piaranthus,9,0.0,0.0,0.0,0.0,0.005511328842620943
910,Schizocalyx,9,0.0,0.0,0.0,0.0,0.005511328842620943
998,Suberanthus,9,0.0,0.0,0.0,0.0,0.005511328842620943
41,Ancylobothrys,8,0.0,0.0,0.0,0.0,0.004898958971218616
63,Argocoffeopsis,8,0.0,0.0,0.0,0.0,0.004898958971218616
117,Brachytome,8,0.0,0.0,0.0,0.0,0.004898958971218616
217,Coptophyllum,8,0.0,0.0,0.0,0.0,0.004898958971218616
342,Ernodea,8,0.0,0.0,0.0,0.0,0.004898958971218616
368,Fischeria,8,0.0,0.0,0.0,0.0,0.004898958971218616
409,Gongronema,8,0.0,0.0,0.0,0.0,0.004898958971218616
573,Macrocnemum,8,0.0,0.0,0.0,0.0,0.004898958971218616
602,Mesechites,8,0.0,0.0,0.0,0.0,0.004898958971218616
656,Neobracea,8,0.0,0.0,0.0,0.0,0.004898958971218616
705,Otomeria,8,0.0,0.0,0.0,0.0,0.004898958971218616
824,Pseudolithos,8,0.0,0.0,0.0,0.0,0.004898958971218616
865,Rhytidostemma,8,0.0,0.0,0.0,0.0,0.004898958971218616
947,Sipaneopsis,8,0.0,0.0,0.0,0.0,0.004898958971218616
958,Sphinctanthus,8,0.0,0.0,0.0,0.0,0.004898958971218616
962,Squamellaria,8,0.0,0.0,0.0,0.0,0.004898958971218616
968,Stapeliopsis,8,0.0,0.0,0.0,0.0,0.004898958971218616
976,Stenotis,8,0.0,0.0,0.0,0.0,0.004898958971218616
1017,Tapeinostemon,8,0.0,0.0,0.0,0.0,0.004898958971218616
1058,Tridentea,8,0.0,0.0,0.0,0.0,0.004898958971218616
1085,Virectaria,8,0.0,0.0,0.0,0.0,0.004898958971218616
1091,Warszewiczia,8,0.0,0.0,0.0,0.0,0.004898958971218616
0,Achilleanthus,7,0.0,0.0,0.0,0.0,0.004286589099816289
4,Acrosynanthus,7,0.0,0.0,0.0,0.0,0.004286589099816289
15,Agouticarpa,7,0.0,0.0,0.0,0.0,0.004286589099816289
36,Amphiasma,7,0.0,0.0,0.0,0.0,0.004286589099816289
90,Barjonia,7,0.0,0.0,0.0,0.0,0.004286589099816289
141,Calycosia,7,0.0,0.0,0.0,0.0,0.004286589099816289
144,Cameraria,7,0.0,0.0,0.0,0.0,0.004286589099816289
147,Canephora,7,0.0,0.0,0.0,0.0,0.004286589099816289
156,Carpacoce,7,0.0,0.0,0.0,0.0,0.004286589099816289
212,Condylocarpon,7,0.0,0.0,0.0,0.0,0.004286589099816289
269,Deianira,7,0.0,0.0,0.0,0.0,0.004286589099816289
403,Globulostylis,7,0.0,0.0,0.0,0.0,0.004286589099816289
593,Mastixiodendron,7,0.0,0.0,0.0,0.0,0.004286589099816289
614,Miraglossum,7,0.0,0.0,0.0,0.0,0.004286589099816289
766,Phaeostemma,7,0.0,0.0,0.0,0.0,0.004286589099816289
803,Polystemma,7,0.0,0.0,0.0,0.0,0.004286589099816289
967,Stapelianthus,7,0.0,0.0,0.0,0.0,0.004286589099816289
972,Stenaria,7,0.0,0.0,0.0,0.0,0.004286589099816289
1002,Symphyllophyton,7,0.0,0.0,0.0,0.0,0.004286589099816289
1074,Valantia,7,0.0,0.0,0.0,0.0,0.004286589099816289
18,Airosperma,6,0.0,0.0,0.0,0.0,0.003674219228413962
118,Bradea,6,0.0,0.0,0.0,0.0,0.003674219228413962
128,Bullockia,6,0.0,0.0,0.0,0.0,0.003674219228413962
178,Chamaepentas,6,0.0,0.0,0.0,0.0,0.003674219228413962
283,Dictyophleba,6,0.0,0.0,0.0,0.0,0.003674219228413962
367,Finlaysonia,6,0.0,0.0,0.0,0.0,0.003674219228413962
369,Flagenium,6,0.0,0.0,0.0,0.0,0.003674219228413962
371,Fockea,6,0.0,0.0,0.0,0.0,0.003674219228413962
379,Galactophora,6,0.0,0.0,0.0,0.0,0.003674219228413962
417,Greeniopsis,6,0.0,0.0,0.0,0.0,0.003674219228413962
425,Gyrandra,6,0.0,0.0,0.0,0.0,0.003674219228413962
481,Irlbachia,6,0.0,0.0,0.0,0.0,0.003674219228413962
498,Kailarsenia,6,0.0,0.0,0.0,0.0,0.003674219228413962
529,Larryleachia,6,0.0,0.0,0.0,0.0,0.003674219228413962
675,Nostolachma,6,0.0,0.0,0.0,0.0,0.003674219228413962
701,Orthopichonia,6,0.0,0.0,0.0,0.0,0.003674219228413962
749,Pentasacme,6,0.0,0.0,0.0,0.0,0.003674219228413962
807,Portlandia,6,0.0,0.0,0.0,0.0,0.003674219228413962
813,Prepusa,6,0.0,0.0,0.0,0.0,0.003674219228413962
961,Spongiosperma,6,0.0,0.0,0.0,0.0,0.003674219228413962
974,Stenostelma,6,0.0,0.0,0.0,0.0,0.003674219228413962
1064,Tweedia,6,0.0,0.0,0.0,0.0,0.003674219228413962
48,Antherostele,5,0.0,0.0,0.0,0.0,0.003061849357011635
55,Aoranthe,5,0.0,0.0,0.0,0.0,0.003061849357011635
66,Artia,5,0.0,0.0,0.0,0.0,0.003061849357011635
71,Aspidonepsis,5,0.0,0.0,0.0,0.0,0.003061849357011635
99,Belonophora,5,0.0,0.0,0.0,0.0,0.003061849357011635
109,Bobea,5,0.0,0.0,0.0,0.0,0.003061849357011635
181,Chelonanthus,5,0.0,0.0,0.0,0.0,0.003061849357011635
191,Chorisepalum,5,0.0,0.0,0.0,0.0,0.003061849357011635
215,Conostomium,5,0.0,0.0,0.0,0.0,0.003061849357011635
228,Couma,5,0.0,0.0,0.0,0.0,0.003061849357011635
253,Cyanoneuron,5,0.0,0.0,0.0,0.0,0.003061849357011635
271,Denscantia,5,0.0,0.0,0.0,0.0,0.003061849357011635
284,Didymaea,5,0.0,0.0,0.0,0.0,0.003061849357011635
287,Didymosalpinx,5,0.0,0.0,0.0,0.0,0.003061849357011635
295,Dirichletia,5,0.0,0.0,0.0,0.0,0.003061849357011635
304,Dolichocarpa,5,0.0,0.0,0.0,0.0,0.003061849357011635
325,Edrastima,5,0.0,0.0,0.0,0.0,0.003061849357011635
338,Epigynum,5,0.0,0.0,0.0,0.0,0.003061849357011635
347,Eustegia,5,0.0,0.0,0.0,0.0,0.003061849357011635
392,Geniostemon,5,0.0,0.0,0.0,0.0,0.003061849357011635
401,Gleasonia,5,0.0,0.0,0.0,0.0,0.003061849357011635
461,Homollea,5,0.0,0.0,0.0,0.0,0.003061849357011635
519,Kupeantha,5,0.0,0.0,0.0,0.0,0.003061849357011635
536,Laxoplumeria,5,0.0,0.0,0.0,0.0,0.003061849357011635
567,Lygisma,5,0.0,0.0,0.0,0.0,0.003061849357011635
589,Martensianthus,5,0.0,0.0,0.0,0.0,0.003061849357011635
621,Mitriostigma,5,0.0,0.0,0.0,0.0,0.003061849357011635
625,Monolluma,5,0.0,0.0,0.0,0.0,0.003061849357011635
636,Mouretia,5,0.0,0.0,0.0,0.0,0.003061849357011635
645,Myrmephytum,5,0.0,0.0,0.0,0.0,0.003061849357011635
654,Neobertiera,5,0.0,0.0,0.0,0.0,0.003061849357011635
663,Nephradenia,5,0.0,0.0,0.0,0.0,0.003061849357011635
669,Neurocalyx,5,0.0,0.0,0.0,0.0,0.003061849357011635
741,Pectinaria,5,0.0,0.0,0.0,0.0,0.003061849357011635
762,Pervillaea,5,0.0,0.0,0.0,0.0,0.003061849357011635
773,Phyllangium,5,0.0,0.0,0.0,0.0,0.003061849357011635
796,Pleioceras,5,0.0,0.0,0.0,0.0,0.003061849357011635
853,Razafimandimbisonia,5,0.0,0.0,0.0,0.0,0.003061849357011635
908,Schizacme,5,0.0,0.0,0.0,0.0,0.003061849357011635
930,Secondatia,5,0.0,0.0,0.0,0.0,0.003061849357011635
965,Standleya,5,0.0,0.0,0.0,0.0,0.003061849357011635
970,Steenisia,5,0.0,0.0,0.0,0.0,0.003061849357011635
1007,Tacazzea,5,0.0,0.0,0.0,0.0,0.003061849357011635
1019,Tarennella,5,0.0,0.0,0.0,0.0,0.003061849357011635
1081,Vidalasia,5,0.0,0.0,0.0,0.0,0.003061849357011635
14,Agathisanthemum,4,0.0,0.0,0.0,0.0,0.002449479485609308
45,Anisopus,4,0.0,0.0,0.0,0.0,0.002449479485609308
68,Asketanthera,4,0.0,0.0,0.0,0.0,0.002449479485609308
80,Augusta,4,0.0,0.0,0.0,0.0,0.002449479485609308
129,Bungarimba,4,0.0,0.0,0.0,0.0,0.002449479485609308
150,Canthiumera,4,0.0,0.0,0.0,0.0,0.002449479485609308
158,Carruthersia,4,0.0,0.0,0.0,0.0,0.002449479485609308
166,Caudanthera,4,0.0,0.0,0.0,0.0,0.002449479485609308
179,Chapelieria,4,0.0,0.0,0.0,0.0,0.002449479485609308
188,Chloropetalum,4,0.0,0.0,0.0,0.0,0.002449479485609308
211,Condaminea,4,0.0,0.0,0.0,0.0,0.002449479485609308
225,Cosmibuena,4,0.0,0.0,0.0,0.0,0.002449479485609308
241,Cristobalia,4,0.0,0.0,0.0,0.0,0.002449479485609308
339,Epistemma,4,0.0,0.0,0.0,0.0,0.002449479485609308
366,Fernelia,4,0.0,0.0,0.0,0.0,0.002449479485609308
374,Fosbergia,4,0.0,0.0,0.0,0.0,0.002449479485609308
384,Galopina,4,0.0,0.0,0.0,0.0,0.002449479485609308
517,Kraussia,4,0.0,0.0,0.0,0.0,0.002449479485609308
534,Laubertia,4,0.0,0.0,0.0,0.0,0.002449479485609308
542,Lemyrea,4,0.0,0.0,0.0,0.0,0.002449479485609308
544,Lepinia,4,0.0,0.0,0.0,0.0,0.002449479485609308
598,Melanoxerus,4,0.0,0.0,0.0,0.0,0.002449479485609308
629,Morilloa,4,0.0,0.0,0.0,0.0,0.002449479485609308
644,Myrmeconauclea,4,0.0,0.0,0.0,0.0,0.002449479485609308
730,Paralasianthus,4,0.0,0.0,0.0,0.0,0.002449479485609308
731,Paranotis,4,0.0,0.0,0.0,0.0,0.002449479485609308
750,Pentatropis,4,0.0,0.0,0.0,0.0,0.002449479485609308
768,Pherotrichis,4,0.0,0.0,0.0,0.0,0.002449479485609308
770,Phialiphora,4,0.0,0.0,0.0,0.0,0.002449479485609308
777,Phyllocyclus,4,0.0,0.0,0.0,0.0,0.002449479485609308
784,Picrophloeus,4,0.0,0.0,0.0,0.0,0.002449479485609308
788,Pinochia,4,0.0,0.0,0.0,0.0,0.002449479485609308
792,Planaltina,4,0.0,0.0,0.0,0.0,0.002449479485609308
811,Pouchetia,4,0.0,0.0,0.0,0.0,0.002449479485609308
827,Pseudomussaenda,4,0.0,0.0,0.0,0.0,0.002449479485609308
909,Schizenterospermum,4,0.0,0.0,0.0,0.0,0.002449479485609308
985,Stilpnophyllum,4,0.0,0.0,0.0,0.0,0.002449479485609308
1033,Theligonum,4,0.0,0.0,0.0,0.0,0.002449479485609308
1065,Tylodontia,4,0.0,0.0,0.0,0.0,0.002449479485609308
1079,Vangueriopsis,4,0.0,0.0,0.0,0.0,0.002449479485609308
35,Ambelania,3,0.0,0.0,0.0,0.0,0.001837109614206981
43,Anemotrochus,3,0.0,0.0,0.0,0.0,0.001837109614206981
46,Anisotoma,3,0.0,0.0,0.0,0.0,0.001837109614206981
83,Austrochthamalia,3,0.0,0.0,0.0,0.0,0.001837109614206981
84,Badusa,3,0.0,0.0,0.0,0.0,0.001837109614206981
92,Bartonia,3,0.0,0.0,0.0,0.0,0.001837109614206981
94,Batesanthus,3,0.0,0.0,0.0,0.0,0.001837109614206981
96,Batopedina,3,0.0,0.0,0.0,0.0,0.001837109614206981
105,Bisgoeppertia,3,0.0,0.0,0.0,0.0,0.001837109614206981
135,Callipeltis,3,0.0,0.0,0.0,0.0,0.001837109614206981
157,Carphalea,3,0.0,0.0,0.0,0.0,0.001837109614206981
167,Celiantha,3,0.0,0.0,0.0,0.0,0.001837109614206981
172,Cerberiopsis,3,0.0,0.0,0.0,0.0,0.001837109614206981
175,Chaetostachydium,3,0.0,0.0,0.0,0.0,0.001837109614206981
193,Cibirhiza,3,0.0,0.0,0.0,0.0,0.001837109614206981
209,Colletoecema,3,0.0,0.0,0.0,0.0,0.001837109614206981
227,Cosmostigma,3,0.0,0.0,0.0,0.0,0.001837109614206981
230,Coutaportla,3,0.0,0.0,0.0,0.0,0.001837109614206981
232,Coutareopsis,3,0.0,0.0,0.0,0.0,0.001837109614206981
235,Cracosna,3,0.0,0.0,0.0,0.0,0.001837109614206981
270,Dendrosipanea,3,0.0,0.0,0.0,0.0,0.001837109614206981
280,Dibridsonia,3,0.0,0.0,0.0,0.0,0.001837109614206981
333,Emplectanthus,3,0.0,0.0,0.0,0.0,0.001837109614206981
357,Fadogiella,3,0.0,0.0,0.0,0.0,0.001837109614206981
405,Glossostipula,3,0.0,0.0,0.0,0.0,0.001837109614206981
423,Gymnemopsis,3,0.0,0.0,0.0,0.0,0.001837109614206981
427,Gyrostipula,3,0.0,0.0,0.0,0.0,0.001837109614206981
436,Hedythyrsus,3,0.0,0.0,0.0,0.0,0.001837109614206981
444,Henriquezia,3,0.0,0.0,0.0,0.0,0.001837109614206981
480,Involucrella,3,0.0,0.0,0.0,0.0,0.001837109614206981
485,Isonema,3,0.0,0.0,0.0,0.0,0.001837109614206981
490,Jaeschkea,3,0.0,0.0,0.0,0.0,0.001837109614206981
514,Kochummenia,3,0.0,0.0,0.0,0.0,0.001837109614206981
530,Larsenaikia,3,0.0,0.0,0.0,0.0,0.001837109614206981
537,Lecananthus,3,0.0,0.0,0.0,0.0,0.001837109614206981
555,Leucolophus,3,0.0,0.0,0.0,0.0,0.001837109614206981
558,Limnosipanea,3,0.0,0.0,0.0,0.0,0.001837109614206981
562,Lomatogoniopsis,3,0.0,0.0,0.0,0.0,0.001837109614206981
576,Macrosphyra,3,0.0,0.0,0.0,0.0,0.001837109614206981
584,Manostachya,3,0.0,0.0,0.0,0.0,0.001837109614206981
586,Mantalania,3,0.0,0.0,0.0,0.0,0.001837109614206981
596,Megacodon,3,0.0,0.0,0.0,0.0,0.001837109614206981
622,Molongum,3,0.0,0.0,0.0,0.0,0.001837109614206981
634,Motandra,3,0.0,0.0,0.0,0.0,0.001837109614206981
658,Neohymenopogon,3,0.0,0.0,0.0,0.0,0.001837109614206981
662,Neoschumannia,3,0.0,0.0,0.0,0.0,0.001837109614206981
670,Neurotheca,3,0.0,0.0,0.0,0.0,0.001837109614206981
686,Omiltemia,3,0.0,0.0,0.0,0.0,0.001837109614206981
695,Oreosparte,3,0.0,0.0,0.0,0.0,0.001837109614206981
698,Ornichia,3,0.0,0.0,0.0,0.0,0.001837109614206981
714,Pacouria,3,0.0,0.0,0.0,0.0,0.001837109614206981
720,Papuahoya,3,0.0,0.0,0.0,0.0,0.001837109614206981
722,Paracarphalea,3,0.0,0.0,0.0,0.0,0.001837109614206981
732,Parapentas,3,0.0,0.0,0.0,0.0,0.001837109614206981
733,Parapodium,3,0.0,0.0,0.0,0.0,0.001837109614206981
742,Pentacyphus,3,0.0,0.0,0.0,0.0,0.001837109614206981
758,Periglossum,3,0.0,0.0,0.0,0.0,0.001837109614206981
789,Pitardella,3,0.0,0.0,0.0,0.0,0.001837109614206981
790,Pittoniotis,3,0.0,0.0,0.0,0.0,0.001837109614206981
794,Plectaneia,3,0.0,0.0,0.0,0.0,0.001837109614206981
810,Pottsia,3,0.0,0.0,0.0,0.0,0.001837109614206981
829,Pseudopyxis,3,0.0,0.0,0.0,0.0,0.001837109614206981
857,Rhabdadenia,3,0.0,0.0,0.0,0.0,0.001837109614206981
879,Ronabea,3,0.0,0.0,0.0,0.0,0.001837109614206981
887,Rubovietnamia,3,0.0,0.0,0.0,0.0,0.001837109614206981
893,Saba,3,0.0,0.0,0.0,0.0,0.001837109614206981
934,Shaferocharis,3,0.0,0.0,0.0,0.0,0.001837109614206981
1022,Tavaresia,3,0.0,0.0,0.0,0.0,0.001837109614206981
1023,Telectadium,3,0.0,0.0,0.0,0.0,0.001837109614206981
1025,Temnadenia,3,0.0,0.0,0.0,0.0,0.001837109614206981
1034,Thenardia,3,0.0,0.0,0.0,0.0,0.001837109614206981
1039,Thoreauea,3,0.0,0.0,0.0,0.0,0.001837109614206981
1043,Tintinnabularia,3,0.0,0.0,0.0,0.0,0.001837109614206981
1059,Triflorensia,3,0.0,0.0,0.0,0.0,0.001837109614206981
1096,Woodia,3,0.0,0.0,0.0,0.0,0.001837109614206981
22,Aleisanthia,2,0.0,0.0,0.0,0.0,0.001224739742804654
23,Aleisanthiopsis,2,0.0,0.0,0.0,0.0,0.001224739742804654
26,Alleizettella,2,0.0,0.0,0.0,0.0,0.001224739742804654
39,Amphistemon,2,0.0,0.0,0.0,0.0,0.001224739742804654
44,Angadenia,2,0.0,0.0,0.0,0.0,0.001224739742804654
73,Astephanus,2,0.0,0.0,0.0,0.0,0.001224739742804654
78,Atractogyne,2,0.0,0.0,0.0,0.0,0.001224739742804654
82,Australluma,2,0.0,0.0,0.0,0.0,0.001224739742804654
86,Bahiella,2,0.0,0.0,0.0,0.0,0.001224739742804654
88,Ballyanthus,2,0.0,0.0,0.0,0.0,0.001224739742804654
113,Botryarrhena,2,0.0,0.0,0.0,0.0,0.001224739742804654
121,Brenania,2,0.0,0.0,0.0,0.0,0.001224739742804654
127,Buckollia,2,0.0,0.0,0.0,0.0,0.001224739742804654
131,Byrsophyllum,2,0.0,0.0,0.0,0.0,0.001224739742804654
133,Calciphila,2,0.0,0.0,0.0,0.0,0.001224739742804654
136,Calochone,2,0.0,0.0,0.0,0.0,0.001224739742804654
138,Calolisianthus,2,0.0,0.0,0.0,0.0,0.001224739742804654
142,Calycosiphonia,2,0.0,0.0,0.0,0.0,0.001224739742804654
160,Carvalhoa,2,0.0,0.0,0.0,0.0,0.001224739742804654
187,Chlorocyathus,2,0.0,0.0,0.0,0.0,0.001224739742804654
194,Cicendia,2,0.0,0.0,0.0,0.0,0.001224739742804654
199,Cladoceras,2,0.0,0.0,0.0,0.0,0.001224739742804654
201,Cleghornia,2,0.0,0.0,0.0,0.0,0.001224739742804654
221,Cordylogyne,2,0.0,0.0,0.0,0.0,0.001224739742804654
234,Cowiea,2,0.0,0.0,0.0,0.0,0.001224739742804654
239,Cremaspora,2,0.0,0.0,0.0,0.0,0.001224739742804654
250,Cubanola,2,0.0,0.0,0.0,0.0,0.001224739742804654
281,Dichilanthe,2,0.0,0.0,0.0,0.0,0.001224739742804654
285,Didymochlamys,2,0.0,0.0,0.0,0.0,0.001224739742804654
314,Duplipetala,2,0.0,0.0,0.0,0.0,0.001224739742804654
322,Ectadium,2,0.0,0.0,0.0,0.0,0.001224739742804654
337,Ephippiocarpa,2,0.0,0.0,0.0,0.0,0.001224739742804654
344,Euclinia,2,0.0,0.0,0.0,0.0,0.001224739742804654
381,Galiniera,2,0.0,0.0,0.0,0.0,0.001224739742804654
408,Gongreos,2,0.0,0.0,0.0,0.0,0.001224739742804654
412,Goniostemma,2,0.0,0.0,0.0,0.0,0.001224739742804654
421,Gymnanthera,2,0.0,0.0,0.0,0.0,0.001224739742804654
441,Helictosperma,2,0.0,0.0,0.0,0.0,0.001224739742804654
468,Hutchinsonia,2,0.0,0.0,0.0,0.0,0.001224739742804654
471,Hylaea,2,0.0,0.0,0.0,0.0,0.001224739742804654
482,Ischnolepis,2,0.0,0.0,0.0,0.0,0.001224739742804654
499,Kajewskiella,2,0.0,0.0,0.0,0.0,0.001224739742804654
500,Kamettia,2,0.0,0.0,0.0,0.0,0.001224739742804654
501,Kanahia,2,0.0,0.0,0.0,0.0,0.001224739742804654
502,Kanapia,2,0.0,0.0,0.0,0.0,0.001224739742804654
505,Kelloggia,2,0.0,0.0,0.0,0.0,0.001224739742804654
507,Kerianthera,2,0.0,0.0,0.0,0.0,0.001224739742804654
511,Klackenbergia,2,0.0,0.0,0.0,0.0,0.001224739742804654
532,Lathraeocarpa,2,0.0,0.0,0.0,0.0,0.001224739742804654
539,Lehmanniella,2,0.0,0.0,0.0,0.0,0.001224739742804654
545,Lepiniopsis,2,0.0,0.0,0.0,0.0,0.001224739742804654
566,Ludekia,2,0.0,0.0,0.0,0.0,0.001224739742804654
578,Maguireothamnus,2,0.0,0.0,0.0,0.0,0.001224739742804654
585,Manothrix,2,0.0,0.0,0.0,0.0,0.001224739742804654
591,Maschalodesme,2,0.0,0.0,0.0,0.0,0.001224739742804654
592,Massularia,2,0.0,0.0,0.0,0.0,0.001224739742804654
595,Mazaea,2,0.0,0.0,0.0,0.0,0.001224739742804654
601,Merumea,2,0.0,0.0,0.0,0.0,0.001224739742804654
607,Micrasepalum,2,0.0,0.0,0.0,0.0,0.001224739742804654
627,Monsanima,2,0.0,0.0,0.0,0.0,0.001224739742804654
637,Mucoa,2,0.0,0.0,0.0,0.0,0.001224739742804654
640,Mussaendopsis,2,0.0,0.0,0.0,0.0,0.001224739742804654
650,Neblinantha,2,0.0,0.0,0.0,0.0,0.001224739742804654
651,Neblinathamnus,2,0.0,0.0,0.0,0.0,0.001224739742804654
655,Neoblakea,2,0.0,0.0,0.0,0.0,0.001224739742804654
657,Neocouma,2,0.0,0.0,0.0,0.0,0.001224739742804654
660,Neomussaenda,2,0.0,0.0,0.0,0.0,0.001224739742804654
674,Norrisia,2,0.0,0.0,0.0,0.0,0.001224739742804654
679,Ochreinauclea,2,0.0,0.0,0.0,0.0,0.001224739742804654
690,Ophionella,2,0.0,0.0,0.0,0.0,0.001224739742804654
713,Pachystylus,2,0.0,0.0,0.0,0.0,0.001224739742804654
717,Pagameopsis,2,0.0,0.0,0.0,0.0,0.001224739742804654
725,Paracorynanthe,2,0.0,0.0,0.0,0.0,0.001224739742804654
736,Patima,2,0.0,0.0,0.0,0.0,0.001224739742804654
737,Pattalias,2,0.0,0.0,0.0,0.0,0.001224739742804654
747,Pentanopsis,2,0.0,0.0,0.0,0.0,0.001224739742804654
751,Pentodon,2,0.0,0.0,0.0,0.0,0.001224739742804654
755,Perakanthus,2,0.0,0.0,0.0,0.0,0.001224739742804654
775,Phyllis,2,0.0,0.0,0.0,0.0,0.001224739742804654
780,Phylohydrax,2,0.0,0.0,0.0,0.0,0.001224739742804654
786,Pinarophyllon,2,0.0,0.0,0.0,0.0,0.001224739742804654
817,Pruskortizia,2,0.0,0.0,0.0,0.0,0.001224739742804654
826,Pseudomiltemia,2,0.0,0.0,0.0,0.0,0.001224739742804654
833,Pteralyxia,2,0.0,0.0,0.0,0.0,0.001224739742804654
836,Ptycanthera,2,0.0,0.0,0.0,0.0,0.001224739742804654
848,Ramosmania,2,0.0,0.0,0.0,0.0,0.001224739742804654
858,Rhadinopus,2,0.0,0.0,0.0,0.0,0.001224739742804654
873,Robbrechtia,2,0.0,0.0,0.0,0.0,0.001224739742804654
875,Rogersonanthus,2,0.0,0.0,0.0,0.0,0.001224739742804654
881,Roraimaea,2,0.0,0.0,0.0,0.0,0.001224739742804654
885,Rovaeanthus,2,0.0,0.0,0.0,0.0,0.001224739742804654
897,Sacleuxia,2,0.0,0.0,0.0,0.0,0.001224739742804654
898,Sacosperma,2,0.0,0.0,0.0,0.0,0.001224739742804654
911,Schizocolea,2,0.0,0.0,0.0,0.0,0.001224739742804654
914,Schizostephanus,2,0.0,0.0,0.0,0.0,0.001224739742804654
916,Schlechterella,2,0.0,0.0,0.0,0.0,0.001224739742804654
925,Scyphostachys,2,0.0,0.0,0.0,0.0,0.001224739742804654
929,Secamonopsis,2,0.0,0.0,0.0,0.0,0.001224739742804654
931,Senaea,2,0.0,0.0,0.0,0.0,0.001224739742804654
938,Sicyocarpus,2,0.0,0.0,0.0,0.0,0.001224739742804654
943,Sinogentiana,2,0.0,0.0,0.0,0.0,0.001224739742804654
948,Sipapoantha,2,0.0,0.0,0.0,0.0,0.001224739742804654
978,Stephanostegia,2,0.0,0.0,0.0,0.0,0.001224739742804654
984,Stigmatorhynchus,2,0.0,0.0,0.0,0.0,0.001224739742804654
987,Stipularia,2,0.0,0.0,0.0,0.0,0.001224739742804654
988,Stomatostemma,2,0.0,0.0,0.0,0.0,0.001224739742804654
1011,Talayotea,2,0.0,0.0,0.0,0.0,0.001224739742804654
1020,Tarennoidea,2,0.0,0.0,0.0,0.0,0.001224739742804654
1029,Tessiera,2,0.0,0.0,0.0,0.0,0.001224739742804654
1044,Tobagoa,2,0.0,0.0,0.0,0.0,0.001224739742804654
1046,Topea,2,0.0,0.0,0.0,0.0,0.001224739742804654
1063,Tulearia,2,0.0,0.0,0.0,0.0,0.001224739742804654
1072,Vahadenia,2,0.0,0.0,0.0,0.0,0.001224739742804654
1090,Wandersong,2,0.0,0.0,0.0,0.0,0.001224739742804654
1113, Orbelia,2,0.0,0.0,0.0,0.0,0.001224739742804654
3,Acrobotrys,1,0.0,0.0,0.0,0.0,0.000612369871402327
5,Acunaeanthus,1,0.0,0.0,0.0,0.0,0.000612369871402327
6,Adelphacme,1,0.0,0.0,0.0,0.0,0.000612369871402327
8,Adenolisianthus,1,0.0,0.0,0.0,0.0,0.000612369871402327
9,Adenorandia,1,0.0,0.0,0.0,0.0,0.000612369871402327
11,Adolphoduckea,1,0.0,0.0,0.0,0.0,0.000612369871402327
17,Aidiopsis,1,0.0,0.0,0.0,0.0,0.000612369871402327
19,Aitchisonia,1,0.0,0.0,0.0,0.0,0.000612369871402327
28,Allowoodsonia,1,0.0,0.0,0.0,0.0,0.000612369871402327
38,Amphineurion,1,0.0,0.0,0.0,0.0,0.000612369871402327
42,Anechites,1,0.0,0.0,0.0,0.0,0.000612369871402327
51,Anthospermopsis,1,0.0,0.0,0.0,0.0,0.000612369871402327
56,Aphanocarpus,1,0.0,0.0,0.0,0.0,0.000612369871402327
65,Aripuana,1,0.0,0.0,0.0,0.0,0.000612369871402327
74,Asterostemma,1,0.0,0.0,0.0,0.0,0.000612369871402327
76,Atherandra,1,0.0,0.0,0.0,0.0,0.000612369871402327
85,Baharuia,1,0.0,0.0,0.0,0.0,0.000612369871402327
89,Balmea,1,0.0,0.0,0.0,0.0,0.000612369871402327
93,Baseonema,1,0.0,0.0,0.0,0.0,0.000612369871402327
97,Baynesia,1,0.0,0.0,0.0,0.0,0.000612369871402327
101,Benzonia,1,0.0,0.0,0.0,0.0,0.000612369871402327
102,Berghesia,1,0.0,0.0,0.0,0.0,0.000612369871402327
107,Blepharidium,1,0.0,0.0,0.0,0.0,0.000612369871402327
110,Boholia,1,0.0,0.0,0.0,0.0,0.000612369871402327
112,Bothriospora,1,0.0,0.0,0.0,0.0,0.000612369871402327
119,Brargentina,1,0.0,0.0,0.0,0.0,0.000612369871402327
124,Bridsonia,1,0.0,0.0,0.0,0.0,0.000612369871402327
125,Bruceholstia,1,0.0,0.0,0.0,0.0,0.000612369871402327
132,Caa,1,0.0,0.0,0.0,0.0,0.000612369871402327
137,Calocrater,1,0.0,0.0,0.0,0.0,0.000612369871402327
145,Campestigma,1,0.0,0.0,0.0,0.0,0.000612369871402327
151,Capirona,1,0.0,0.0,0.0,0.0,0.000612369871402327
152,Carajasia,1,0.0,0.0,0.0,0.0,0.000612369871402327
159,Carterella,1,0.0,0.0,0.0,0.0,0.000612369871402327
170,Ceratopyxis,1,0.0,0.0,0.0,0.0,0.000612369871402327
176,Chalepophyllum,1,0.0,0.0,0.0,0.0,0.000612369871402327
177,Chamaeclitandra,1,0.0,0.0,0.0,0.0,0.000612369871402327
197,Cinchonopsis,1,0.0,0.0,0.0,0.0,0.000612369871402327
198,Cionura,1,0.0,0.0,0.0,0.0,0.000612369871402327
200,Clarkella,1,0.0,0.0,0.0,0.0,0.000612369871402327
202,Clitandra,1,0.0,0.0,0.0,0.0,0.000612369871402327
205,Coddia,1,0.0,0.0,0.0,0.0,0.000612369871402327
206,Coelopyrena,1,0.0,0.0,0.0,0.0,0.000612369871402327
213,Congolanthus,1,0.0,0.0,0.0,0.0,0.000612369871402327
214,Conomitra,1,0.0,0.0,0.0,0.0,0.000612369871402327
224,Coryphothamnus,1,0.0,0.0,0.0,0.0,0.000612369871402327
226,Cosmocalyx,1,0.0,0.0,0.0,0.0,0.000612369871402327
242,Crobylanthe,1,0.0,0.0,0.0,0.0,0.000612369871402327
254,Cycladenia,1,0.0,0.0,0.0,0.0,0.000612369871402327
257,Cylindropsis,1,0.0,0.0,0.0,0.0,0.000612369871402327
261,Dalzielia,1,0.0,0.0,0.0,0.0,0.000612369871402327
266,Decanema,1,0.0,0.0,0.0,0.0,0.000612369871402327
267,Deccania,1,0.0,0.0,0.0,0.0,0.000612369871402327
275,Dewevrella,1,0.0,0.0,0.0,0.0,0.000612369871402327
276,Diacrodon,1,0.0,0.0,0.0,0.0,0.000612369871402327
277,Diadorimia,1,0.0,0.0,0.0,0.0,0.000612369871402327
278,Dialypetalanthus,1,0.0,0.0,0.0,0.0,0.000612369871402327
279,Dibrachionostylus,1,0.0,0.0,0.0,0.0,0.000612369871402327
286,Didymopogon,1,0.0,0.0,0.0,0.0,0.000612369871402327
291,Dioicodendron,1,0.0,0.0,0.0,0.0,0.000612369871402327
300,Ditrichanthus,1,0.0,0.0,0.0,0.0,0.000612369871402327
302,Djaloniella,1,0.0,0.0,0.0,0.0,0.000612369871402327
305,Dolichodelphys,1,0.0,0.0,0.0,0.0,0.000612369871402327
307,Dolichometra,1,0.0,0.0,0.0,0.0,0.000612369871402327
309,Dolichopetalum,1,0.0,0.0,0.0,0.0,0.000612369871402327
310,Donnellyanthus,1,0.0,0.0,0.0,0.0,0.000612369871402327
311,Duidania,1,0.0,0.0,0.0,0.0,0.000612369871402327
313,Duperrea,1,0.0,0.0,0.0,0.0,0.000612369871402327
316,Durringtonia,1,0.0,0.0,0.0,0.0,0.000612369871402327
318,Duvaliandra,1,0.0,0.0,0.0,0.0,0.000612369871402327
323,Ecua,1,0.0,0.0,0.0,0.0,0.000612369871402327
324,Edithcolea,1,0.0,0.0,0.0,0.0,0.000612369871402327
326,Eizia,1,0.0,0.0,0.0,0.0,0.000612369871402327
328,Eleuthranthes,1,0.0,0.0,0.0,0.0,0.000612369871402327
329,Elytropus,1,0.0,0.0,0.0,0.0,0.000612369871402327
330,Emicocarpus,1,0.0,0.0,0.0,0.0,0.000612369871402327
332,Emmeorhiza,1,0.0,0.0,0.0,0.0,0.000612369871402327
336,Eosanthe,1,0.0,0.0,0.0,0.0,0.000612369871402327
340,Eriosemopsis,1,0.0,0.0,0.0,0.0,0.000612369871402327
343,Etericius,1,0.0,0.0,0.0,0.0,0.000612369871402327
345,Eucorymbia,1,0.0,0.0,0.0,0.0,0.000612369871402327
349,Everistia,1,0.0,0.0,0.0,0.0,0.000612369871402327
350,Exaculum,1,0.0,0.0,0.0,0.0,0.000612369871402327
353,Exallosperma,1,0.0,0.0,0.0,0.0,0.000612369871402327
359,Fanninia,1,0.0,0.0,0.0,0.0,0.000612369871402327
362,Farquharia,1,0.0,0.0,0.0,0.0,0.000612369871402327
365,Fergusonia,1,0.0,0.0,0.0,0.0,0.000612369871402327
370,Flexanthera,1,0.0,0.0,0.0,0.0,0.000612369871402327
372,Foonchewia,1,0.0,0.0,0.0,0.0,0.000612369871402327
383,Gallienia,1,0.0,0.0,0.0,0.0,0.000612369871402327
385,Ganguelia,1,0.0,0.0,0.0,0.0,0.000612369871402327
387,Gardeniopsis,1,0.0,0.0,0.0,0.0,0.000612369871402327
398,Gentianothamnus,1,0.0,0.0,0.0,0.0,0.000612369871402327
400,Gillespiea,1,0.0,0.0,0.0,0.0,0.000612369871402327
402,Glionnetia,1,0.0,0.0,0.0,0.0,0.000612369871402327
406,Gomphocalyx,1,0.0,0.0,0.0,0.0,0.000612369871402327
415,Graciemoriana,1,0.0,0.0,0.0,0.0,0.000612369871402327
420,Guihaiothamnus,1,0.0,0.0,0.0,0.0,0.000612369871402327
426,Gyrostelma,1,0.0,0.0,0.0,0.0,0.000612369871402327
428,Habroneuron,1,0.0,0.0,0.0,0.0,0.000612369871402327
433,Harmandiella,1,0.0,0.0,0.0,0.0,0.000612369871402327
434,Hedstromia,1,0.0,0.0,0.0,0.0,0.000612369871402327
437,Heinsenia,1,0.0,0.0,0.0,0.0,0.000612369871402327
439,Hekistocarpa,1,0.0,0.0,0.0,0.0,0.000612369871402327
449,Heynella,1,0.0,0.0,0.0,0.0,0.000612369871402327
456,Hockinia,1,0.0,0.0,0.0,0.0,0.000612369871402327
457,Hodgkinsonia,1,0.0,0.0,0.0,0.0,0.000612369871402327
460,Holstianthus,1,0.0,0.0,0.0,0.0,0.000612369871402327
470,Hydrophylax,1,0.0,0.0,0.0,0.0,0.000612369871402327
476,Hypolobus,1,0.0,0.0,0.0,0.0,0.000612369871402327
477,Hyptianthera,1,0.0,0.0,0.0,0.0,0.000612369871402327
487,Ixodonerium,1,0.0,0.0,0.0,0.0,0.000612369871402327
489,Jackiopsis,1,0.0,0.0,0.0,0.0,0.000612369871402327
491,Jamaicanthus,1,0.0,0.0,0.0,0.0,0.000612369871402327
492,Janotia,1,0.0,0.0,0.0,0.0,0.000612369871402327
496,Jovetia,1,0.0,0.0,0.0,0.0,0.000612369871402327
503,Karina,1,0.0,0.0,0.0,0.0,0.000612369871402327
506,Kerbera,1,0.0,0.0,0.0,0.0,0.000612369871402327
508,Khasiaclunea,1,0.0,0.0,0.0,0.0,0.000612369871402327
510,Kindia,1,0.0,0.0,0.0,0.0,0.000612369871402327
512,Klossia,1,0.0,0.0,0.0,0.0,0.000612369871402327
524,Lagenanthus,1,0.0,0.0,0.0,0.0,0.000612369871402327
525,Lagenias,1,0.0,0.0,0.0,0.0,0.000612369871402327
527,Landiopsis,1,0.0,0.0,0.0,0.0,0.000612369871402327
533,Latouchea,1,0.0,0.0,0.0,0.0,0.000612369871402327
535,Lavrania,1,0.0,0.0,0.0,0.0,0.000612369871402327
538,Lecariocalyx,1,0.0,0.0,0.0,0.0,0.000612369871402327
541,Lelya,1,0.0,0.0,0.0,0.0,0.000612369871402327
543,Lepidostoma,1,0.0,0.0,0.0,0.0,0.000612369871402327
551,Leptoscela,1,0.0,0.0,0.0,0.0,0.000612369871402327
554,Leucocodon,1,0.0,0.0,0.0,0.0,0.000612369871402327
557,Limahlania,1,0.0,0.0,0.0,0.0,0.000612369871402327
559,Lintersemina,1,0.0,0.0,0.0,0.0,0.000612369871402327
565,Lucya,1,0.0,0.0,0.0,0.0,0.000612369871402327
568,Macbrideina,1,0.0,0.0,0.0,0.0,0.000612369871402327
570,Maclaudia,1,0.0,0.0,0.0,0.0,0.000612369871402327
577,Maguireocharis,1,0.0,0.0,0.0,0.0,0.000612369871402327
579,Mahawoa,1,0.0,0.0,0.0,0.0,0.000612369871402327
587,Margaretta,1,0.0,0.0,0.0,0.0,0.000612369871402327
600,Mericarpaea,1,0.0,0.0,0.0,0.0,0.000612369871402327
610,Microphysa,1,0.0,0.0,0.0,0.0,0.000612369871402327
612,Microrphium,1,0.0,0.0,0.0,0.0,0.000612369871402327
619,Mitrasacmopsis,1,0.0,0.0,0.0,0.0,0.000612369871402327
623,Molopanthera,1,0.0,0.0,0.0,0.0,0.000612369871402327
626,Monosalpinx,1,0.0,0.0,0.0,0.0,0.000612369871402327
628,Morelia,1,0.0,0.0,0.0,0.0,0.000612369871402327
631,Morindopsis,1,0.0,0.0,0.0,0.0,0.000612369871402327
632,Mortoniella,1,0.0,0.0,0.0,0.0,0.000612369871402327
635,Motleyothamnus,1,0.0,0.0,0.0,0.0,0.000612369871402327
642,Myriopteron,1,0.0,0.0,0.0,0.0,0.000612369871402327
646,Nargedia,1,0.0,0.0,0.0,0.0,0.000612369871402327
648,Nautonia,1,0.0,0.0,0.0,0.0,0.000612369871402327
652,Nematostylis,1,0.0,0.0,0.0,0.0,0.000612369871402327
667,Nesohedyotis,1,0.0,0.0,0.0,0.0,0.000612369871402327
671,Nichallea,1,0.0,0.0,0.0,0.0,0.000612369871402327
672,Nodocarpaea,1,0.0,0.0,0.0,0.0,0.000612369871402327
673,Normandia,1,0.0,0.0,0.0,0.0,0.000612369871402327
676,Notechidnopsis,1,0.0,0.0,0.0,0.0,0.000612369871402327
678,Obolaria,1,0.0,0.0,0.0,0.0,0.000612369871402327
681,Octotropis,1,0.0,0.0,0.0,0.0,0.000612369871402327
684,Oldenlandiopsis,1,0.0,0.0,0.0,0.0,0.000612369871402327
685,Oligocodon,1,0.0,0.0,0.0,0.0,0.000612369871402327
687,Oncinema,1,0.0,0.0,0.0,0.0,0.000612369871402327
693,Oreonesion,1,0.0,0.0,0.0,0.0,0.000612369871402327
694,Oreopolus,1,0.0,0.0,0.0,0.0,0.000612369871402327
697,Orinoquia,1,0.0,0.0,0.0,0.0,0.000612369871402327
703,Osa,1,0.0,0.0,0.0,0.0,0.000612369871402327
706,Ottoschmidtia,1,0.0,0.0,0.0,0.0,0.000612369871402327
718,Paganuccia,1,0.0,0.0,0.0,0.0,0.000612369871402327
721,Papuechites,1,0.0,0.0,0.0,0.0,0.000612369871402327
724,Parachimarrhis,1,0.0,0.0,0.0,0.0,0.000612369871402327
726,Paragenipa,1,0.0,0.0,0.0,0.0,0.000612369871402327
728,Parainvolucrella,1,0.0,0.0,0.0,0.0,0.000612369871402327
729,Paraknoxia,1,0.0,0.0,0.0,0.0,0.000612369871402327
745,Pentaloncha,1,0.0,0.0,0.0,0.0,0.000612369871402327
759,Peripeplus,1,0.0,0.0,0.0,0.0,0.000612369871402327
761,Peruviasclepias,1,0.0,0.0,0.0,0.0,0.000612369871402327
765,Petitiocodon,1,0.0,0.0,0.0,0.0,0.000612369871402327
767,Phellocalyx,1,0.0,0.0,0.0,0.0,0.000612369871402327
772,Phuopsis,1,0.0,0.0,0.0,0.0,0.000612369871402327
776,Phyllocrater,1,0.0,0.0,0.0,0.0,0.000612369871402327
778,Phyllomelia,1,0.0,0.0,0.0,0.0,0.000612369871402327
782,Picardaea,1,0.0,0.0,0.0,0.0,0.000612369871402327
785,Pimentelia,1,0.0,0.0,0.0,0.0,0.000612369871402327
787,Pinckneya,1,0.0,0.0,0.0,0.0,0.000612369871402327
791,Placocarpa,1,0.0,0.0,0.0,0.0,0.000612369871402327
797,Pleiocoryne,1,0.0,0.0,0.0,0.0,0.000612369871402327
799,Plocaniophyllon,1,0.0,0.0,0.0,0.0,0.000612369871402327
804,Polyura,1,0.0,0.0,0.0,0.0,0.000612369871402327
805,Pomax,1,0.0,0.0,0.0,0.0,0.000612369871402327
815,Preussiodora,1,0.0,0.0,0.0,0.0,0.000612369871402327
818,Pseudaidia,1,0.0,0.0,0.0,0.0,0.000612369871402327
819,Pseudocoptosperma,1,0.0,0.0,0.0,0.0,0.000612369871402327
820,Pseudodiplospora,1,0.0,0.0,0.0,0.0,0.000612369871402327
821,Pseudogalium,1,0.0,0.0,0.0,0.0,0.000612369871402327
822,Pseudohamelia,1,0.0,0.0,0.0,0.0,0.000612369871402327
825,Pseudomantalania,1,0.0,0.0,0.0,0.0,0.000612369871402327
828,Pseudonesohedyotis,1,0.0,0.0,0.0,0.0,0.000612369871402327
832,Pteleocarpa,1,0.0,0.0,0.0,0.0,0.000612369871402327
834,Pteridocalyx,1,0.0,0.0,0.0,0.0,0.000612369871402327
835,Pterygocalyx,1,0.0,0.0,0.0,0.0,0.000612369871402327
837,Pubistylus,1,0.0,0.0,0.0,0.0,0.000612369871402327
838,Puffia,1,0.0,0.0,0.0,0.0,0.000612369871402327
839,Purdieanthus,1,0.0,0.0,0.0,0.0,0.000612369871402327
840,Pycnobotrya,1,0.0,0.0,0.0,0.0,0.000612369871402327
841,Pycnorhachis,1,0.0,0.0,0.0,0.0,0.000612369871402327
842,Pycnosphaera,1,0.0,0.0,0.0,0.0,0.000612369871402327
843,Pygmaeothamnus,1,0.0,0.0,0.0,0.0,0.000612369871402327
846,Rachicallis,1,0.0,0.0,0.0,0.0,0.000612369871402327
847,Ramonadoxa,1,0.0,0.0,0.0,0.0,0.000612369871402327
851,Raritebe,1,0.0,0.0,0.0,0.0,0.000612369871402327
859,Rhaphidura,1,0.0,0.0,0.0,0.0,0.000612369871402327
861,Rhigospira,1,0.0,0.0,0.0,0.0,0.000612369871402327
863,Rhyssolobium,1,0.0,0.0,0.0,0.0,0.000612369871402327
867,Richtersveldia,1,0.0,0.0,0.0,0.0,0.000612369871402327
870,Riodocea,1,0.0,0.0,0.0,0.0,0.000612369871402327
871,Riparoampelos,1,0.0,0.0,0.0,0.0,0.000612369871402327
872,Riqueuria,1,0.0,0.0,0.0,0.0,0.000612369871402327
874,Robynsia,1,0.0,0.0,0.0,0.0,0.000612369871402327
877,Roigella,1,0.0,0.0,0.0,0.0,0.000612369871402327
878,Rojasia,1,0.0,0.0,0.0,0.0,0.000612369871402327
884,Rotundanthus,1,0.0,0.0,0.0,0.0,0.000612369871402327
896,Saccifolium,1,0.0,0.0,0.0,0.0,0.000612369871402327
903,Sarcorrhiza,1,0.0,0.0,0.0,0.0,0.000612369871402327
905,Schinziella,1,0.0,0.0,0.0,0.0,0.000612369871402327
907,Schistonema,1,0.0,0.0,0.0,0.0,0.000612369871402327
913,Schizomussaenda,1,0.0,0.0,0.0,0.0,0.000612369871402327
921,Schwendenera,1,0.0,0.0,0.0,0.0,0.000612369871402327
933,Seychellea,1,0.0,0.0,0.0,0.0,0.000612369871402327
935,Shaolinchiana,1,0.0,0.0,0.0,0.0,0.000612369871402327
939,Siemensia,1,0.0,0.0,0.0,0.0,0.000612369871402327
941,Sindechites,1,0.0,0.0,0.0,0.0,0.000612369871402327
945,Sinoswertia,1,0.0,0.0,0.0,0.0,0.000612369871402327
949,Siphonandrium,1,0.0,0.0,0.0,0.0,0.000612369871402327
952,Socotrella,1,0.0,0.0,0.0,0.0,0.000612369871402327
957,Spermadictyon,1,0.0,0.0,0.0,0.0,0.000612369871402327
960,Spirolobium,1,0.0,0.0,0.0,0.0,0.000612369871402327
971,Stelmagonum,1,0.0,0.0,0.0,0.0,0.000612369871402327
973,Stenosepala,1,0.0,0.0,0.0,0.0,0.000612369871402327
977,Stephanococcus,1,0.0,0.0,0.0,0.0,0.000612369871402327
979,Stephanostema,1,0.0,0.0,0.0,0.0,0.000612369871402327
982,Steyermarkia,1,0.0,0.0,0.0,0.0,0.000612369871402327
983,Stichianthus,1,0.0,0.0,0.0,0.0,0.000612369871402327
986,Stipecoma,1,0.0,0.0,0.0,0.0,0.000612369871402327
990,Streblosiopsis,1,0.0,0.0,0.0,0.0,0.000612369871402327
993,Streptoechites,1,0.0,0.0,0.0,0.0,0.000612369871402327
997,Stylosiphonia,1,0.0,0.0,0.0,0.0,0.000612369871402327
999,Suberogerens,1,0.0,0.0,0.0,0.0,0.000612369871402327
1003,Synaptantha,1,0.0,0.0,0.0,0.0,0.000612369871402327
1010,Tainus,1,0.0,0.0,0.0,0.0,0.000612369871402327
1013,Tammsia,1,0.0,0.0,0.0,0.0,0.000612369871402327
1014,Tamridaea,1,0.0,0.0,0.0,0.0,0.000612369871402327
1015,Tangshuia,1,0.0,0.0,0.0,0.0,0.000612369871402327
1026,Temnocalyx,1,0.0,0.0,0.0,0.0,0.000612369871402327
1027,Temnopteryx,1,0.0,0.0,0.0,0.0,0.000612369871402327
1028,Tennantia,1,0.0,0.0,0.0,0.0,0.000612369871402327
1030,Tetragonocarpus,1,0.0,0.0,0.0,0.0,0.000612369871402327
1031,Tetrapollinia,1,0.0,0.0,0.0,0.0,0.000612369871402327
1032,Thamnoldenlandia,1,0.0,0.0,0.0,0.0,0.000612369871402327
1038,Thogsennia,1,0.0,0.0,0.0,0.0,0.000612369871402327
1040,Thyrsanthella,1,0.0,0.0,0.0,0.0,0.000612369871402327
1047,Tortuella,1,0.0,0.0,0.0,0.0,0.000612369871402327
1051,Trailliaedoxa,1,0.0,0.0,0.0,0.0,0.000612369871402327
1052,Tressensia,1,0.0,0.0,0.0,0.0,0.000612369871402327
1053,Treutlera,1,0.0,0.0,0.0,0.0,0.000612369871402327
1056,Trichosandra,1,0.0,0.0,0.0,0.0,0.000612369871402327
1061,Tromlyca,1,0.0,0.0,0.0,0.0,0.000612369871402327
1068,Urogentias,1,0.0,0.0,0.0,0.0,0.000612369871402327
1070,Usteria,1,0.0,0.0,0.0,0.0,0.000612369871402327
1073,Vailia,1,0.0,0.0,0.0,0.0,0.000612369871402327
1088,Voyriella,1,0.0,0.0,0.0,0.0,0.000612369871402327
1089,Vulcanoa,1,0.0,0.0,0.0,0.0,0.000612369871402327
1093,White-sloanea,1,0.0,0.0,0.0,0.0,0.000612369871402327
1095,Wittmackanthus,1,0.0,0.0,0.0,0.0,0.000612369871402327
1099,Xantonneopsis,1,0.0,0.0,0.0,0.0,0.000612369871402327
1102,Yanomamua,1,0.0,0.0,0.0,0.0,0.000612369871402327
1104,Zonanthus,1,0.0,0.0,0.0,0.0,0.000612369871402327
1105,Zuccarinia,1,0.0,0.0,0.0,0.0,0.000612369871402327
1106,Zygostelma,1,0.0,0.0,0.0,0.0,0.000612369871402327
1107,Zygostigma,1,0.0,0.0,0.0,0.0,0.000612369871402327
1108, Duvaliaranthus,1,0.0,0.0,0.0,0.0,0.000612369871402327
1109, Galiasperula,1,0.0,0.0,0.0,0.0,0.000612369871402327
1110, Hoodiapelia,1,0.0,0.0,0.0,0.0,0.000612369871402327
1111, Hoodiorbea,1,0.0,0.0,0.0,0.0,0.000612369871402327
1112, Hoodiotriche,1,0.0,0.0,0.0,0.0,0.000612369871402327
1114, Staparesia,1,0.0,0.0,0.0,0.0,0.000612369871402327
1115, Stapvalia,1,0.0,0.0,0.0,0.0,0.000612369871402327
1116, Tridentapelia,1,0.0,0.0,0.0,0.0,0.000612369871402327
