,Group,PD,SR,MFAD,MFAD_loess_prediction,MFAD_residuals,MFAD_highlight_high,MFAD_highlight_low,R2
0,ABT,-0.7385007097709098,-0.7758306895441908,-1.0373899450667414,-0.6727902097954296,-0.36459973527131184,False,False,0.8512597436997424
1,AFG,0.3691825928408257,0.4611131282587262,0.5746530701853699,0.3882167272987158,0.18643634288665412,False,False,0.8512597436997424
2,AGE,0.5465771888562153,0.4059955480378393,0.1352980249134698,0.5408990721554893,-0.4056010472420195,False,False,0.8512597436997424
3,AGS,-0.9058457016297332,-1.3606375673589184,-2.471907185902327,-0.8558274222824646,-1.6160797636198625,False,True,0.8512597436997424
4,AGW,-0.1329690172554453,-0.4078260557832601,-0.907384902133986,-0.07241750027954208,-0.834967401854444,False,True,0.8512597436997424
5,ALA,-0.1474256745288218,-0.2373600847840067,-0.092042604562999,-0.08543156855392195,-0.006611036009077045,False,False,0.8512597436997424
6,ALB,-0.0345757146385128,0.433913264707048,0.3682079870426729,0.014634916089984537,0.35357307095268836,False,False,0.8512597436997424
7,ALD,-1.2513469347384405,-1.7447056892362882,-1.2520069891001695,-1.2132759843221976,-0.03873100477797187,False,False,0.8512597436997424
8,ALG,-0.1942775305972008,0.1145389224482926,0.2366423162398549,-0.12827564995085447,0.3649179661907094,False,False,0.8512597436997424
9,ALT,-0.14427155534903,0.220928367474343,-0.1948781614817363,-0.0826212999596753,-0.112256861522061,False,False,0.8512597436997424
10,ALU,-1.1829095744412936,-1.3606375673589184,-1.4698633403652657,-1.1457745328137323,-0.32408880755153335,False,False,0.8512597436997424
11,AMU,-0.5173802077877031,-0.3478112764350301,-0.014795749738744,-0.44300712167552303,0.42821137193677905,False,False,0.8512597436997424
12,AND,1.2506958371546515,0.981757459988118,1.2697293249290127,1.174132749075941,0.09559657585307169,False,False,0.8512597436997424
13,ANG,1.1904967604162071,1.204599274217144,1.196177756124798,1.115492262835911,0.08068549328888697,False,False,0.8512597436997424
14,ARI,-0.0399348950649968,-0.0465899257343305,-0.4317821311439525,0.009890507729873304,-0.4416726388738258,False,False,0.8512597436997424
15,ARK,-0.2295782476755851,-0.4715702278899226,-0.0828628175243388,-0.16065985486229714,0.07779703733795834,False,False,0.8512597436997424
16,ARU,-0.7446799850308468,-1.213130445937304,-1.5735678636416108,-0.6794072794491225,-0.8941605841924883,False,True,0.8512597436997424
17,ASK,-0.9019672955167786,-0.9708682891234034,-1.3007760815837175,-0.8514979126874449,-0.4492781688962726,False,False,0.8512597436997424
18,ASS,1.847171750854199,1.6504701239951474,1.8733287220489712,1.7582365710734427,0.1150921509755285,False,False,0.8512597436997424
19,AUT,0.0621139741541596,0.6341746128716227,0.1569074451868812,0.10072926488541356,0.05617818030146765,False,False,0.8512597436997424
20,AZO,-1.0606646912619926,-1.3606375673589184,-1.1170577965868602,-1.022922766072562,-0.09413503051429828,False,False,0.8512597436997424
21,BAH,-0.1302358631697786,-0.3478112764350301,-0.3395697913828729,-0.07001168582902235,-0.26955810555385057,False,False,0.8512597436997424
22,BAL,-0.5231611265605729,-0.3478112764350301,-0.3590605419465212,-0.4489378245681427,0.08987728262162148,False,False,0.8512597436997424
23,BAN,1.801597551339997,1.7113299291882984,2.127620506195284,1.713580979688231,0.4140395265070531,False,False,0.8512597436997424
24,BEN,1.0229664843569537,1.1495104228008612,1.3083827535512187,0.9563201724261646,0.35206258112505406,False,False,0.8512597436997424
25,BER,-1.6792306604068477,-1.7447056892362882,-1.945567594077864,-1.60119577242634,-0.34437182165152413,False,False,0.8512597436997424
26,BGM,-0.48912678370378,-0.0465899257343305,-0.3700164586566433,-0.41406153001977125,0.04404507136312796,False,False,0.8512597436997424
27,BIS,0.1417759728485544,-0.0465899257343305,0.2893897763426156,0.17457587697210836,0.11481389937050723,False,False,0.8512597436997424
28,BKN,0.7352659049197241,0.6788568558602504,0.8162575232796944,0.6998452581723145,0.1164122651073799,False,False,0.8512597436997424
29,BLR,-0.5127861878304757,-0.0910936706383567,-0.3973935314282248,-0.43829693168917194,0.04090340026094713,False,False,0.8512597436997424
30,BLT,-0.6727600580773268,-0.1862733238983291,-0.5294548090831607,-0.6031314521652653,0.07367664308210464,False,False,0.8512597436997424
31,BLZ,0.940224459336712,0.8219889543502039,0.650386227371027,0.8807278479412673,-0.23034162057024032,False,False,0.8512597436997424
32,BOL,1.6523911644984683,1.685656484757793,1.168393402013158,1.5675617876164545,-0.3991683856032966,False,False,0.8512597436997424
33,BOR,1.653523366173444,1.4765469632901145,1.8094569823147373,1.5686694556440597,0.2407875266706776,False,False,0.8512597436997424
34,BOT,0.3050456994469861,0.0370833440830452,0.1866135792046611,0.3282670734573544,-0.1416534942526933,False,False,0.8512597436997424
35,BRC,-0.4299535387756404,-0.6123776352883421,-0.9612791621080488,-0.3551379049866308,-0.606141257121418,False,False,0.8512597436997424
36,BRY,-0.2471081507580919,0.0370833440830452,0.0143280100598632,-0.1765640069791444,0.1908920170390076,False,False,0.8512597436997424
37,BUL,0.1728491368733148,0.7425575116536355,0.3405666071676916,0.2042388256345946,0.136327781533097,False,False,0.8512597436997424
38,BUR,0.7625868551740667,0.5634271192824869,0.7833413752772102,0.7234035604959816,0.059937814781228504,False,False,0.8512597436997424
39,BZC,1.409874915967665,1.444682692005843,0.939952311675678,1.3300891977998224,-0.3901368861241443,False,False,0.8512597436997424
40,BZE,1.484716403585402,1.4869659638476924,0.8409673793848144,1.4034390750824508,-0.5624716956976364,False,False,0.8512597436997424
41,BZL,1.5305017385344175,1.566940682918563,1.082325723533975,1.4482792580126778,-0.3659535344787028,False,False,0.8512597436997424
42,BZN,1.8494895487409813,1.8687789953376424,1.167351078133787,1.7605087897354463,-0.5931577116016593,False,False,0.8512597436997424
43,BZS,0.7688385016925147,0.8596013411073246,0.5203170756033704,0.7288248322801714,-0.208507756676801,False,False,0.8512597436997424
44,CAB,0.201255213047368,0.4611131282587262,0.4561832113594948,0.2305923493833136,0.2255908619761812,False,False,0.8512597436997424
45,CAF,1.2902945074547207,1.4229133206964009,1.2904469261421934,1.2128687390147515,0.07757818712744191,False,False,0.8512597436997424
46,CAL,-0.0397668852614965,0.0370833440830452,-0.3935079441607976,0.010038988965582108,-0.4035469331263797,False,False,0.8512597436997424
47,CAY,-0.1840408559639587,-0.4715702278899226,-0.4137943646856626,-0.11885262706658915,-0.29494173761907344,False,False,0.8512597436997424
48,CBD,1.902878785959765,1.8238450678272684,2.213380194019663,1.8128840877423034,0.40049610627735954,False,False,0.8512597436997424
49,CHA,0.6119698841332201,0.4611131282587262,0.6501128075968942,0.5958960517995238,0.0542167557973704,False,False,0.8512597436997424
50,CHC,2.571750269882863,2.345528929111655,2.675640023813948,2.4803213627552436,0.19531866105870455,False,False,0.8512597436997424
51,CHH,1.5678535907796654,1.2947602093750512,1.9692753566073256,1.484843071036002,0.48443228557132345,False,False,0.8512597436997424
52,CHI,0.1697057670206973,0.5875361130708013,0.5579947343727676,0.20119443378145788,0.35680030059130974,False,False,0.8512597436997424
53,CHM,-0.1583073156335223,0.220928367474343,0.1568400863449929,-0.09542613644646183,0.2522662227914547,False,False,0.8512597436997424
54,CHN,0.8470867279739338,1.0914737743627525,1.061700824949241,0.7974719679723931,0.26422885697684795,False,False,0.8512597436997424
55,CHQ,0.0132368605440539,0.3478443658847058,0.3128348006257981,0.0571818918666104,0.2556529087591877,False,False,0.8512597436997424
56,CHS,2.267053046174749,2.0939710691392035,2.507842828859088,2.173152314488613,0.33469051437047526,False,False,0.8512597436997424
57,CHT,1.094321223322122,1.1495104228008612,0.722774213965544,1.0230885952203594,-0.30031438125481547,False,False,0.8512597436997424
58,CHX,-0.0491812737650045,0.1866512807783093,-0.0778837961214447,0.001741452777164922,-0.07962524889860963,False,False,0.8512597436997424
59,CKI,-0.8841991460483198,-1.5340381556825426,-0.509877779434607,-0.8319144260764798,0.3220366466418728,False,False,0.8512597436997424
60,CLC,-0.7715598349487119,-0.9708682891234034,-2.218573380961356,-0.7083455204670136,-1.5102278604943424,False,True,0.8512597436997424
61,CLM,1.8846344886448885,1.816176128021224,1.2972267015661787,1.7949780448109423,-0.49775134324476356,False,False,0.8512597436997424
62,CLN,-0.8743459233620694,-1.213130445937304,-2.347726307099221,-0.8210206035419249,-1.5267057035572962,False,True,0.8512597436997424
63,CLS,-1.16981538538618,-1.5340381556825426,-2.5526159294555857,-1.1328051505759893,-1.4198107788795964,False,True,0.8512597436997424
64,CMN,1.5211431950754806,1.7113299291882984,1.4374633544340014,1.4391159110028644,-0.001652556568862984,False,False,0.8512597436997424
65,CNT,-0.5786479220544717,-0.7758306895441908,-0.4242735650769934,-0.5059582508956451,0.08168468581865168,False,False,0.8512597436997424
66,CNY,-0.8516857509688187,-0.9708682891234034,-0.9407745117548312,-0.7959590528860248,-0.14481545886880642,False,False,0.8512597436997424
67,COL,-0.2441315092787649,-0.0910936706383567,-0.298817147868495,-0.1738586511150943,-0.1249584967534007,False,False,0.8512597436997424
68,COM,0.2005744948053958,-0.1375911635537256,0.2356445456815209,0.2299766414878043,0.0056679041937166,False,False,0.8512597436997424
69,CON,1.3059815270387394,1.497286990686708,1.3428093239590382,1.2282337814340532,0.11457554252498503,False,False,0.8512597436997424
70,COO,-0.8636777676002957,-1.3606375673589184,-1.727429600607564,-0.8092096881620712,-0.9182199124454928,False,True,0.8512597436997424
71,COR,-0.3640957800078013,-0.0039131215192864,0.2233590064337198,-0.28933202995215146,0.5126910363858712,False,False,0.8512597436997424
72,COS,1.3619356687419308,1.2947602093750512,0.994337775506995,1.2830831741981814,-0.28874539869118643,False,False,0.8512597436997424
73,CPI,-2.900139546856515,-1.7447056892362882,-2.552309361038372,-2.4569276786919114,-0.09538168234646038,False,False,0.8512597436997424
74,CPP,0.5244243646117056,0.3478443658847058,0.5503220409646034,0.5224531318191039,0.027868909145499443,False,False,0.8512597436997424
75,CPV,-0.0484653674682219,-0.4078260557832601,0.0156696913895614,0.0023708777353997463,0.013298813654161653,False,False,0.8512597436997424
76,CRL,-0.1263393588527728,-0.4715702278899226,-0.7966546157301561,-0.06657529828601616,-0.7300793174441399,False,False,0.8512597436997424
77,CTA,-0.4139263340529477,-0.1375911635537256,-0.0680576683619682,-0.33892144738920116,0.27086377902723296,False,False,0.8512597436997424
78,CTM,-3.53289647622703,-1.7447056892362882,-2.4854662695355683,-2.9060063826387443,0.42054011310317607,False,False,0.8512597436997424
79,CUB,0.6664595587851398,0.656749766401354,0.3073806615512957,0.6412762912742233,-0.3338956297229276,False,False,0.8512597436997424
80,CVI,-1.1788400300551116,-1.5340381556825426,-0.7798141770437935,-1.1417465513914915,0.361932374347698,False,False,0.8512597436997424
81,CYP,-0.5860372579881165,-0.4715702278899226,-0.1780294467090346,-0.5134077617358976,0.33537831502686305,False,False,0.8512597436997424
82,CZE,-0.1374094235615766,0.433913264707048,-0.0929222992843165,-0.07637423530646412,-0.016548063977852384,False,False,0.8512597436997424
83,DEL,-1.0789276246140262,-0.8686427403087341,-0.374624306778948,-1.041626432468073,0.6670021256891251,False,False,0.8512597436997424
84,DEN,-0.8535070539849265,-0.4715702278899226,-0.6513224104034999,-0.797969640551957,0.14664723014845704,False,False,0.8512597436997424
85,DJI,-0.4866557336771762,-0.4715702278899226,-0.3197289987843804,-0.4116129487932874,0.09188395000890703,False,False,0.8512597436997424
86,DOM,0.3978280470231371,0.3773202831553167,0.0290999807799201,0.4140783649091163,-0.3849783841291962,False,False,0.8512597436997424
87,EAI,-0.3753895894845951,-0.0465899257343305,0.047098841818689,-0.3000963527756345,0.3471951945943235,False,False,0.8512597436997424
88,ECU,1.3505365438779209,1.3665171774227878,0.8269218007076291,1.2719060717914048,-0.4449842710837757,False,False,0.8512597436997424
89,EGY,-0.5396121911449238,-0.4078260557832601,-0.1575338992629077,-0.4658418782842614,0.30830797902135365,False,False,0.8512597436997424
90,EHM,1.7834453921737297,1.6141250212300915,1.6505473678680194,1.6958052651901208,-0.04525789732210139,False,False,0.8512597436997424
91,ELS,0.7914396779477082,0.5875361130708013,0.460452703893105,0.748534718581082,-0.288082014687977,False,False,0.8512597436997424
92,EQG,0.1038711315156461,0.2862986308019837,0.0375818130338623,0.1393159092990431,-0.10173409626518082,False,False,0.8512597436997424
93,ERI,-0.0186693267924406,-0.0910936706383567,0.0769804034846046,0.028749697361282266,0.04823070612332233,False,False,0.8512597436997424
94,ETH,0.8089200919170635,0.700515240754854,1.2004058504855983,0.7638324469981985,0.4365734034873998,False,False,0.8512597436997424
95,FIJ,-0.1381954598541714,-0.2373600847840067,-0.3741034207018004,-0.07709050717732494,-0.29701291352447545,False,False,0.8512597436997424
96,FIN,-0.6841179199811426,-0.4715702278899226,-0.8469071690457924,-0.6151100918851377,-0.23179707716065479,False,False,0.8512597436997424
97,FLA,0.2336274023696958,0.0765290130562803,0.0771430176388344,0.2607737250388395,-0.1836307074000051,False,False,0.8512597436997424
98,FOR,-1.4498858831265256,-2.0137945668490214,-1.7255965036310636,-1.4077267262129949,-0.31786977741806877,False,False,0.8512597436997424
99,FRA,0.216155748997503,0.7425575116536355,0.4363927200601636,0.24409108445297764,0.19230163560718597,False,False,0.8512597436997424
100,FRG,1.3343457765587403,1.3070521355377744,0.7422299791271549,1.2560324106308833,-0.5138024315037284,False,False,0.8512597436997424
101,GAB,1.2928285191133315,1.4660280750138088,1.160716078400415,1.2153501577609807,-0.054634079360565746,False,False,0.8512597436997424
102,GAL,-1.4498858831265256,-2.0137945668490214,-0.939973006987558,-1.4077267262129949,0.46775371922543685,False,False,0.8512597436997424
103,GAM,0.2808849784330062,0.220928367474343,0.0733995148311211,0.3054608988510259,-0.23206138401990478,False,False,0.8512597436997424
104,GEO,-0.2179050377587534,-0.3478112764350301,-0.035856862181904,-0.14985328302269207,0.11399642084078807,False,False,0.8512597436997424
105,GER,-0.0341579531521061,0.4876317759548556,0.1211184918747591,0.015005237984735643,0.10611325389002345,False,False,0.8512597436997424
106,GGI,0.3821707702610564,0.3478443658847058,0.2818119112351279,0.39998547414901886,-0.11817356291389097,False,False,0.8512597436997424
107,GHA,1.2028093963679782,1.3070521355377744,1.3552104684784574,1.127451821333539,0.22775864714491845,False,False,0.8512597436997424
108,GIL,-0.7150932295904245,-1.0846843279216114,-1.031958986471069,-0.6478453518318181,-0.38411363463925086,False,False,0.8512597436997424
109,GNB,0.785635851848584,0.721743096981282,0.968982096818834,0.7434717138180235,0.2255103830008105,False,False,0.8512597436997424
110,GNL,-0.9823443133281768,-1.0846843279216114,-1.6894949960536776,-0.9402940630978938,-0.7492009329557838,False,False,0.8512597436997424
111,GRB,-0.8175933747809684,-0.1862733238983291,-0.5686616029367684,-0.7584629637828081,0.1898013608460397,False,False,0.8512597436997424
112,GRC,0.1211015489692543,0.6341746128716227,0.4805645789036373,0.15530756855472166,0.32525701034891563,False,False,0.8512597436997424
113,GST,-0.4540905243205775,-0.6908187644805573,-0.1862319158176406,-0.3795274806079105,0.19329556479026988,False,False,0.8512597436997424
114,GUA,1.2795617502156234,1.0612459368974017,0.8397502144924051,1.2023616710549798,-0.36261145656257476,False,False,0.8512597436997424
115,GUI,1.2062923168595912,1.354880366926274,1.2835624623257782,1.1308386127223984,0.1527238496033798,False,False,0.8512597436997424
116,GUY,1.306089590930998,1.2947602093750512,0.7710425590077244,1.2283396546103176,-0.45729709560259313,False,False,0.8512597436997424
117,HAI,0.2741595527441054,0.2862986308019837,0.0826830765813051,0.2993002946586551,-0.21661721807735002,False,False,0.8512597436997424
118,HON,1.1418299071548492,0.9981301919424256,0.7646345489380704,1.068471665644189,-0.3038371167061187,False,False,0.8512597436997424
119,HUN,-0.4096144533246616,0.1145389224482926,-0.2202786872259754,-0.33453535617748226,0.11425666895150685,False,False,0.8512597436997424
120,ICE,-0.965374096862864,-0.8686427403087341,-1.2429410176263518,-0.9218375116084376,-0.32110350601791415,False,False,0.8512597436997424
121,IDA,-0.3559014021731879,-0.4078260557832601,-0.8236718702845859,-0.28106746078589345,-0.5426044094986924,False,False,0.8512597436997424
122,ILL,-0.3024651526936323,-0.2911066102048046,-0.3071228457878451,-0.2295460150786985,-0.07757683070914659,False,False,0.8512597436997424
123,IND,2.0613012041690264,1.8465391515831195,2.0907792513672634,1.9688464014184186,0.12193284994884479,False,False,0.8512597436997424
124,INI,-0.435398374887247,-0.5395487887108873,-0.3699594717642234,-0.3605071843957585,-0.009452287368464873,False,False,0.8512597436997424
125,IOW,-1.1081376707160158,-0.7758306895441908,-0.504440267580532,-1.071221812100741,0.5667815445202091,False,False,0.8512597436997424
126,IRE,-0.94922349189759,-0.5395487887108873,-0.705229056770982,-0.9040861896542893,0.1988571328833073,False,False,0.8512597436997424
127,IRK,-0.3962815978849715,-0.1375911635537256,-0.4967249804094755,-0.3209737407383087,-0.1757512396711668,False,False,0.8512597436997424
128,IRN,0.2372713336422473,0.53875848842133,0.5061214934308528,0.2643407093506539,0.24178078408019887,False,False,0.8512597436997424
129,IRQ,-0.057504424754854,0.1145389224482926,0.266467020796533,-0.0055596712573693675,0.2720266920539024,False,False,0.8512597436997424
130,ITA,0.3155511240127948,0.8219889543502039,0.5781694567017658,0.3381652985631351,0.24000415813863069,False,False,0.8512597436997424
131,IVO,1.2769435601176833,1.400702438085161,1.3136666337186491,1.1997993262939224,0.11386730742472673,False,False,0.8512597436997424
132,JAM,0.2711787327538849,0.1145389224482926,-0.0996851159700651,0.2965718274273521,-0.39625694339741724,False,False,0.8512597436997424
133,JAP,1.032293092945288,1.0458092442334497,1.2936152528366305,0.9649824248947337,0.32863282794189674,False,False,0.8512597436997424
134,JAW,1.7059785710309283,1.497286990686708,1.565442841551497,1.6199889379786039,-0.05454609642710695,False,False,0.8512597436997424
135,KAM,-0.8446231483659629,-0.7758306895441908,-1.0262859440448169,-0.7881691036615679,-0.23811684038324898,False,False,0.8512597436997424
136,KAN,-1.166837205767435,-0.7758306895441908,-0.6547798896824015,-1.1298515094533315,0.47507161977092993,False,False,0.8512597436997424
137,KAZ,0.12489810489125,0.4611131282587262,-0.0605557636040778,0.1587003485405232,-0.219256112144601,False,False,0.8512597436997424
138,KEN,1.324937504351327,1.3070521355377744,1.5939443388886083,1.2468099591061037,0.3471343797825046,False,False,0.8512597436997424
139,KGZ,-0.0142869141859617,0.1512156976782091,-0.1100249984724735,0.03262695263836978,-0.14265195111084328,False,False,0.8512597436997424
140,KHA,-0.3590965185691552,-0.1375911635537256,0.0121832225615226,-0.28428850931638444,0.29647173187790704,False,False,0.8512597436997424
141,KOR,0.5357290798300853,0.656749766401354,0.8708893781087701,0.5316822458555054,0.3392071322532647,False,False,0.8512597436997424
142,KRA,-0.2706564349073708,0.0370833440830452,-0.4181905511422383,-0.19892088456389392,-0.21926966657834437,False,False,0.8512597436997424
143,KRI,-0.5543515629821311,-0.3478112764350301,-0.5284818118749187,-0.4810256968870504,-0.047456114987868336,False,False,0.8512597436997424
144,KRY,-0.2550136075142512,0.1866512807783093,-0.095052763108819,-0.18400109170259454,0.08894832859377555,False,False,0.8512597436997424
145,KTY,-0.316076465277092,-0.4715702278899226,-0.3223180169008389,-0.2423511552668659,-0.07996686163397299,False,False,0.8512597436997424
146,KUR,-0.7043448340749994,-0.8686427403087341,-0.6974155646545611,-0.6365123120609564,-0.06090325259360474,False,False,0.8512597436997424
148,KZN,-2.289487945482032,-2.0137945668490214,-0.5375592042595636,-2.017301095822359,1.4797418915627956,True,False,0.8512597436997424
149,LAB,-1.1472098202811292,-1.213130445937304,-1.809152325364011,-1.1103434612620857,-0.6988088641019252,False,False,0.8512597436997424
150,LAO,1.7998782333000327,1.6682034251296716,2.0737337872295947,1.7118970844457422,0.3618367027838525,False,False,0.8512597436997424
151,LBR,0.9513961585247428,1.204599274217144,0.8730684547569384,0.890843060255228,-0.017774605498289575,False,False,0.8512597436997424
152,LBS,-0.1995583022388139,0.0765290130562803,0.2844267973924645,-0.1330066251276621,0.4174334225201266,False,False,0.8512597436997424
153,LBY,-0.5163956959416253,-0.2373600847840067,-0.0262153880343141,-0.44199751544946614,0.415782127415152,False,False,0.8512597436997424
154,LDV,-0.4103955426171011,-0.6123776352883421,0.2400963574250047,-0.3353299037269373,0.575426261151942,False,False,0.8512597436997424
155,LEE,0.360152584295806,0.3175208796893813,-0.0651997991747791,0.3798932365376101,-0.4450930357123892,False,False,0.8512597436997424
156,LES,-0.6803996225191898,-0.9708682891234034,-1.0180922650589257,-0.6111856479135732,-0.4069066171453525,False,False,0.8512597436997424
157,LOU,-0.2075495706840561,-0.3478112764350301,-0.0466425944258845,-0.14032986658682578,0.09368727216094128,False,False,0.8512597436997424
158,LSI,0.9976906283526756,0.762974568606399,1.1258836687000535,0.9329890257415958,0.1928946429584577,False,False,0.8512597436997424
159,MAG,-1.3086737389980398,-0.7758306895441908,-1.0315712110975344,-1.270075025251845,0.23850381415431054,False,False,0.8512597436997424
160,MAI,-0.4809653179802796,-0.6123776352883421,-0.3414320175597675,-0.40600164660349347,0.06456962904372598,False,False,0.8512597436997424
161,MAN,-0.66961133933481,-0.5395487887108873,-0.5585613069713115,-0.5998151037228864,0.04125379675157492,False,False,0.8512597436997424
162,MAS,-0.5404369373855582,-0.6908187644805573,-0.3878782732633773,-0.4666904901250685,0.07881221686169121,False,False,0.8512597436997424
163,MAU,-0.9940005198661872,-1.213130445937304,-0.7059682065536822,-0.9529157056175618,0.24694749906387958,False,False,0.8512597436997424
164,MCI,-1.2685440601244593,-1.7447056892362882,-1.849619380967459,-1.2302040530137057,-0.6194153279537533,False,False,0.8512597436997424
165,MDG,0.9781801691062716,1.0301489093247012,1.1759079933792769,0.9151210602468368,0.26078693313244006,False,False,0.8512597436997424
166,MDR,-3.0945798514948133,-2.0137945668490214,-1.9993232249590611,-2.5969868801806264,0.5976636552215653,False,False,0.8512597436997424
167,MDV,-0.7094015441326795,-0.9708682891234034,-0.3512797660473971,-0.6418775160268043,0.29059774997940724,False,False,0.8512597436997424
168,MIC,-0.5720765914359263,-0.4715702278899226,-0.4698847873726312,-0.4993367535402584,0.02945196616762724,False,False,0.8512597436997424
169,MIN,-0.5028182619198294,-0.5395487887108873,-0.3883646548992107,-0.42808364338713834,0.03971898848792765,False,False,0.8512597436997424
170,MLI,0.6619265743628597,0.5634271192824869,0.7536538906381266,0.637463408201804,0.11619048243632257,False,False,0.8512597436997424
171,MLW,1.2059390387077846,1.106276940078676,1.108942661438999,1.1304950138202914,-0.021552352381292383,False,False,0.8512597436997424
172,MLY,2.1609233842024707,1.9190054333660689,2.241620346892809,2.067482973903118,0.17413737298969068,False,False,0.8512597436997424
173,MNT,-0.3248631738209807,-0.3478112764350301,-0.5005132307454871,-0.2506258522057845,-0.24988737853970266,False,False,0.8512597436997424
174,MOL,0.8621709834605815,0.7425575116536355,0.9369924682540512,0.8108383564608913,0.12615411179315994,False,False,0.8512597436997424
175,MON,-0.0753347481786902,0.220928367474343,0.0928008317061518,-0.021184903272775783,0.11398573497892758,False,False,0.8512597436997424
176,MOR,-0.080154327032154,0.0765290130562803,0.1332993617526486,-0.02548685029995549,0.15878621205260407,False,False,0.8512597436997424
177,MOZ,1.3226037308474576,1.269752601649205,1.2066716446595498,1.2445225159271107,-0.037850871267560926,False,False,0.8512597436997424
178,MRN,-0.5829021382217695,-1.0846843279216114,-1.0444655360848931,-0.5102450896110701,-0.534220446473823,False,False,0.8512597436997424
179,MRQ,-0.995162151666187,-1.5340381556825426,-1.3031620705836366,-0.9541624152031494,-0.3489996553804873,False,False,0.8512597436997424
180,MRS,-1.010767461190324,-1.5340381556825426,-1.224140591264296,-0.9708131673934142,-0.2533274238708818,False,False,0.8512597436997424
181,MRY,-0.4971522033657607,-0.6123776352883421,-0.2715073273563831,-0.4222806465182365,0.15077331916185338,False,False,0.8512597436997424
182,MSI,-0.6679474595856733,-0.7758306895441908,-0.3801255005656099,-0.5980633576266485,0.21793785706103863,False,False,0.8512597436997424
183,MSO,-0.3760425069554514,-0.5395487887108873,-0.4427363850135714,-0.3007182299000655,-0.14201815511350585,False,False,0.8512597436997424
184,MTN,-0.502154520371769,-0.4715702278899226,-0.1065862250790254,-0.4274038004536958,0.32081757537467037,False,False,0.8512597436997424
185,MXC,0.7768010971342538,0.6341746128716227,0.5373485900556303,0.7357447093784767,-0.1983961193228464,False,False,0.8512597436997424
186,MXE,0.9780504752335092,0.8596013411073246,0.8067121021226102,0.9150026720051666,-0.10829056988255636,False,False,0.8512597436997424
187,MXG,1.1969417183514002,0.965132346865476,0.6527004150083953,1.1217497449131324,-0.46904932990473713,False,False,0.8512597436997424
189,MXN,0.5852583832485266,0.4611131282587262,0.6249367646504584,0.5733924204313524,0.05154434421910603,False,False,0.8512597436997424
190,MXS,1.248807563307913,1.0612459368974017,0.760925097362609,1.172288022025755,-0.41136292466314595,False,False,0.8512597436997424
191,MXT,1.3008223652125086,1.1352899663565683,0.8088550290616695,1.223179612090425,-0.4143245830287555,False,False,0.8512597436997424
192,MYA,2.31634791131532,2.06356860745182,2.346366578705513,2.2224600297161365,0.12390654898937647,False,False,0.8512597436997424
193,NAM,0.1533848758001277,-0.1375911635537256,0.0457658739707546,0.1855426059743791,-0.1397767320036245,False,False,0.8512597436997424
194,NAT,0.6741487353994743,0.656749766401354,0.6531955892786742,0.6478017877048702,0.00539380157380398,False,False,0.8512597436997424
195,NBR,-0.6241662108297968,-0.8686427403087341,-0.521768339802972,-0.5524820528190565,0.0307137130160845,False,False,0.8512597436997424
196,NCA,-0.1599613700747242,-0.3478112764350301,-0.0434181056337179,-0.09695113812486625,0.053533032491148345,False,False,0.8512597436997424
197,NCB,0.8501532614131411,0.6341746128716227,1.1641153287598078,0.8001854230791523,0.36392990568065553,False,False,0.8512597436997424
198,NCS,-0.0853965133329883,0.3175208796893813,0.068327405627756,-0.0301426959853968,0.0984701016131528,False,False,0.8512597436997424
199,NDA,-1.201021922890697,-0.8686427403087341,-0.682277255124886,-1.1636762872586404,0.48139903213375435,False,False,0.8512597436997424
200,NEB,-0.7803204835596383,-0.6123776352883421,-0.4207760492226297,-0.7178312141314455,0.2970551649088158,False,False,0.8512597436997424
201,NEP,1.6560597304958482,1.5572562346308276,1.4847258479593768,1.57115085490741,-0.08642500694803323,False,False,0.8512597436997424
202,NET,-0.48912678370378,-0.0465899257343305,-0.3700164586566433,-0.41406153001977125,0.04404507136312796,False,False,0.8512597436997424
203,NEV,-0.4188256842497161,-0.1375911635537256,-0.52208586584681,-0.34390467719561785,-0.1781811886511922,False,False,0.8512597436997424
204,NFK,-2.1235021938365857,-2.0137945668490214,-1.9429880370961488,-1.902855086131303,-0.040132950964845815,False,False,0.8512597436997424
205,NFL,-0.8841297636953138,-1.0846843279216114,-1.3902526305269511,-0.8318383033975275,-0.5584143271294236,False,False,0.8512597436997424
206,NGA,1.4964621600742338,1.6324472564544497,1.4938220010446008,1.4149447726792406,0.07887722836536026,False,False,0.8512597436997424
207,NGR,-0.2731072356650171,-0.3478112764350301,0.3250730041942441,-0.20116899443513422,0.5262419986293784,False,False,0.8512597436997424
208,NIC,1.2479395697347755,1.106276940078676,0.826270933279575,1.1714401352207737,-0.3451692019411987,False,False,0.8512597436997424
209,NLA,-0.6877780655495506,-1.0846843279216114,-0.6663444041566943,-0.6189760772230909,-0.04736832693360338,False,False,0.8512597436997424
210,NNS,0.7143608773083021,0.700515240754854,1.054617818893848,0.681982439055937,0.37263537983791095,False,False,0.8512597436997424
211,NOR,-0.5618226096281547,-0.1862733238983291,-0.754817572675678,-0.4887368590158526,-0.26608071365982533,False,False,0.8512597436997424
212,NRU,-0.9992542342584176,-1.5340381556825426,-1.171862364460618,-0.9585461440719486,-0.2133162203886695,False,False,0.8512597436997424
213,NSC,-0.8308643319415635,-0.9708682891234034,-0.708596334324887,-0.773025546502317,0.06442921217743003,False,False,0.8512597436997424
214,NSW,-0.133742418478339,-0.2373600847840067,-0.218492322968451,-0.07309844148417943,-0.14539388148427157,False,False,0.8512597436997424
215,NTA,0.4720901400797102,0.1512156976782091,0.8153343687324687,0.47897687817511814,0.33635749055735054,False,False,0.8512597436997424
216,NUE,-0.7621917823031715,-1.3606375673589184,-1.953578530783752,-0.6982313871936957,-1.2553471435900563,False,True,0.8512597436997424
217,NUN,-1.1134390664821303,-1.3606375673589184,-1.7218870441118015,-1.0765574181629196,-0.6453296259488819,False,False,0.8512597436997424
218,NWC,0.345642286431532,0.7425575116536355,0.1639985152497108,0.36644328831268946,-0.20244477306297867,False,False,0.8512597436997424
219,NWG,1.1498333899807414,1.0914737743627525,1.0505438036291483,1.0761723512185244,-0.02562854758937605,False,False,0.8512597436997424
220,NWH,-0.5175832519500445,-0.6123776352883421,-0.3831998999629276,-0.4432153554763497,0.060015455513422133,False,False,0.8512597436997424
221,NWJ,-0.6179218027073942,-0.6908187644805573,-0.5137397659885808,-0.5459566902838933,0.03221692429531242,False,False,0.8512597436997424
222,NWM,0.0702458220704505,0.0370833440830452,-0.1410947263770383,0.10821131180774185,-0.24930603818478014,False,False,0.8512597436997424
223,NWT,-1.6783077373150332,-1.213130445937304,-1.775704332828252,-1.6004887312300553,-0.1752156015981967,False,False,0.8512597436997424
224,NWY,-0.411609163748422,-0.4715702278899226,-0.3712404348851336,-0.3365644253740406,-0.03467600951109301,False,False,0.8512597436997424
225,NZN,-1.0631595424876008,-0.5395487887108873,-2.1611841366523743,-1.0254880978154606,-1.1356960388369137,False,True,0.8512597436997424
226,NZS,-1.0625806749819375,-0.6123776352883421,-1.6858447472585394,-1.0248931791537,-0.6609515681048395,False,False,0.8512597436997424
227,OFS,-0.4093914925531765,-0.6123776352883421,-0.3007262840174247,-0.33430855309015123,0.033582269072726545,False,False,0.8512597436997424
228,OGA,-1.1590590916384884,-1.5340381556825426,-0.1875473956813602,-1.1221299236445716,0.9345825279632114,True,False,0.8512597436997424
229,OHI,-0.63543017758971,-0.6123776352883421,-0.498973445356399,-0.5642667056097932,0.06529326025339421,False,False,0.8512597436997424
230,OKL,-0.6174764099192638,-0.5395487887108873,-0.3603665823319471,-0.5454914975089497,0.18512491517700252,False,False,0.8512597436997424
231,OMA,-0.0352769838609279,-0.1375911635537256,0.217595978356231,0.014013500673394973,0.20358247768283605,False,False,0.8512597436997424
232,ONT,-0.202052412826854,-0.1375911635537256,-0.2692671618152885,-0.13524314799649959,-0.1340240138187889,False,False,0.8512597436997424
233,ORE,-0.4011617829370851,-0.5395487887108873,-0.972418196032082,-0.3259371978899138,-0.6464809981421682,False,False,0.8512597436997424
234,PAK,0.8469182976567861,0.965132346865476,1.1108179389409718,0.7973229874632286,0.3134949514777432,False,False,0.8512597436997424
235,PAL,-0.0604079990674312,0.1866512807783093,0.4526941141056948,-0.008100362588980012,0.4607944766946748,False,False,0.8512597436997424
236,PAN,1.455317510930172,1.354880366926274,1.049557782807865,1.374633522133108,-0.32507573932524303,False,False,0.8512597436997424
237,PAR,0.7147619640076209,0.7830094256513634,0.314417196694159,0.6823237410012164,-0.3679065443070574,False,False,0.8512597436997424
238,PEI,-1.2489387444590836,-1.3606375673589184,-0.995844241709702,-1.210905114301942,0.21506087259224005,False,False,0.8512597436997424
239,PEN,-0.4126762827699386,-0.5395487887108873,-0.3495865212413949,-0.3376499075277598,-0.01193661371363508,False,False,0.8512597436997424
240,PER,1.7246517634634757,1.6769644200842262,1.1066839848772496,1.6382598346889328,-0.5315758498116832,False,False,0.8512597436997424
241,PHI,1.517056838656032,1.400702438085161,1.4801568815932211,1.4351144737504031,0.04504240784281799,False,False,0.8512597436997424
242,PIT,-1.4498858831265256,-2.0137945668490214,-1.4090976913683826,-1.4077267262129949,-0.0013709651553877045,False,False,0.8512597436997424
243,POL,-0.2761032666333507,0.220928367474343,-0.226185862694854,-0.2039188490708534,-0.022267013624000603,False,False,0.8512597436997424
244,POR,-0.3357550127418187,0.0765290130562803,0.1106611338362258,-0.2609949057402387,0.37165603957646454,False,False,0.8512597436997424
245,PRM,-0.4313942747688793,-0.0465899257343305,0.2493626006605188,-0.3565359553931256,0.6058985560536444,False,False,0.8512597436997424
246,PUE,0.0967561324462617,0.1866512807783093,-0.0461662676352096,0.13263385089540164,-0.17880011853061123,False,False,0.8512597436997424
247,QLD,0.9326708352773694,0.8779247069864101,1.1066064929220103,0.8739060171292768,0.23270047579273345,False,False,0.8512597436997424
248,QUE,-0.2807466703457117,-0.2911066102048046,-0.2847027538221033,-0.20818413044773668,-0.07651862337436663,False,False,0.8512597436997424
249,REU,-0.7027848670185388,-1.0846843279216114,-0.7519740938254597,-0.6348583689483803,-0.11711572487707933,False,False,0.8512597436997424
250,RHO,-0.5786479220544717,-0.7758306895441908,-0.4242735650769934,-0.5059582508956451,0.08168468581865168,False,False,0.8512597436997424
251,ROD,-2.1235021938365857,-2.0137945668490214,-1.271165095841167,-1.902855086131303,0.6316899902901358,False,False,0.8512597436997424
252,ROM,0.1145044574750321,0.6111107467498976,0.2254404751597928,0.14910133873147013,0.07633913642832266,False,False,0.8512597436997424
253,RUC,-0.4689908793542097,-0.0465899257343305,-0.3514428426938258,-0.3942302664419886,0.0427874237481628,False,False,0.8512597436997424
254,RUE,-0.394705652499324,0.0765290130562803,-0.2735671094877179,-0.31937112471224277,0.045804015224524874,False,False,0.8512597436997424
255,RUN,-0.5631584649720442,0.0370833440830452,-0.4691260878662158,-0.49011671003472673,0.020990622168510942,False,False,0.8512597436997424
256,RUS,-0.2732152044184576,0.1145389224482926,-0.1817168801908913,-0.20126806110936415,0.019551180918472855,False,False,0.8512597436997424
257,RUW,-0.8688808504026836,-0.1375911635537256,-0.5371890455157885,-0.814967529141061,0.27777848362527247,False,False,0.8512597436997424
258,RWA,0.5795562218746101,0.3773202831553167,0.584697839287575,0.5686953324440344,0.016002506843540654,False,False,0.8512597436997424
259,SAK,-0.8284499846361024,-0.9708682891234034,-0.7736986966043377,-0.7703728698918095,-0.003325826712528124,False,False,0.8512597436997424
260,SAM,-0.2960187621422182,-0.6908187644805573,-0.453512022875128,-0.22318012142705418,-0.2303319014480738,False,False,0.8512597436997424
261,SAR,-0.4033153588279262,-0.0465899257343305,0.1763110154033765,-0.3281277546411512,0.5044387700445276,False,False,0.8512597436997424
262,SAS,-0.7622170668415115,-0.8686427403087341,-0.9435467821271596,-0.6982586441861027,-0.24528813794105686,False,False,0.8512597436997424
263,SAU,0.2863106888344157,0.1866512807783093,0.4521952209459297,0.31057952445621584,0.14161569648971384,False,False,0.8512597436997424
264,SCA,-0.2466862362147162,-0.4078260557832601,-0.0985202537959374,-0.17618043539609082,0.07766018160015342,False,False,0.8512597436997424
265,SCI,-0.4773454213474875,-0.8686427403087341,-0.8138717960002834,-0.40243797447331575,-0.4114338215269676,False,False,0.8512597436997424
266,SCS,-0.7422190783495282,-1.0846843279216114,-0.1629969103516935,-0.6767704769039325,0.513773566552239,False,False,0.8512597436997424
267,SCZ,-0.8397294618942052,-1.3606375673589184,-0.2633608201751455,-0.7827778687251932,0.5194170485500477,False,False,0.8512597436997424
268,SDA,-0.5672218609601208,-0.5395487887108873,-0.4426730850649308,-0.49431590563214056,0.05164282056720976,False,False,0.8512597436997424
269,SEL,-1.402983837357319,-1.7447056892362882,-1.6992436815658614,-1.3628789763716527,-0.3363647051942087,False,False,0.8512597436997424
270,SEN,0.9201742291930696,0.8596013411073246,0.9039324053869936,0.8626501560830067,0.04128224930398694,False,False,0.8512597436997424
271,SEY,-0.9064940610999714,-1.213130445937304,-0.5562043747904136,-0.856551264924608,0.30034689013419436,False,False,0.8512597436997424
272,SIC,-0.4365014865268516,-0.0039131215192864,0.0723691712513834,-0.36163011458472094,0.43399928583610436,False,False,0.8512597436997424
273,SIE,1.0019125264198845,1.1495104228008612,0.8902988471773654,0.9368714221382486,-0.046572574960883184,False,False,0.8512597436997424
274,SIN,-0.5189623471388264,-0.3478112764350301,-0.324812520021951,-0.44462983119400973,0.11981731117205874,False,False,0.8512597436997424
275,SOA,-2.1235021938365857,-2.0137945668490214,-1.913174258860193,-1.902855086131303,-0.010319172728890047,False,False,0.8512597436997424
276,SOC,-0.5309246053193378,-0.6908187644805573,-0.3596300444593277,-0.45690978508791813,0.0972797406285904,False,False,0.8512597436997424
277,SOL,0.3533910639904763,0.2541216101099962,0.4809060374383406,0.37361723659234747,0.10728880084599313,False,False,0.8512597436997424
278,SOM,0.4861934874034022,0.3773202831553167,0.595603025615567,0.49083701163010346,0.10476601398546354,False,False,0.8512597436997424
279,SPA,0.0978095884013859,0.53875848842133,0.3701675136979774,0.1336212534614622,0.2365462602365152,False,False,0.8512597436997424
280,SRL,1.662087258637728,1.3894256513837262,1.7601961566264213,1.5770477444753817,0.1831484121510396,False,False,0.8512597436997424
281,SUD,1.082546770871424,1.1352899663565683,1.52731085674735,1.011939145891523,0.5153717108558269,False,False,0.8512597436997424
282,SUL,1.1062649535201607,0.9981301919424256,1.034647378918927,1.0344403729000207,0.00020700601890633052,False,False,0.8512597436997424
283,SUM,1.7392959331114026,1.4660280750138088,1.7176136062011556,1.6525899658834164,0.0650236403177391,False,False,0.8512597436997424
284,SUR,1.2215500215378388,1.204599274217144,0.6562543464751694,1.1456926103803284,-0.489438263905159,False,False,0.8512597436997424
285,SWC,-0.1444965297402069,-0.4078260557832601,-0.2550216458565733,-0.08281992180335807,-0.1722017240532152,False,False,0.8512597436997424
286,SWE,-0.6314434592779613,-0.2373600847840067,-0.593894302373693,-0.5600938601936004,-0.033800442180092594,False,False,0.8512597436997424
287,SWI,0.0441075438922741,0.5875361130708013,0.0631188511389005,0.08463228182762729,-0.021513430688726784,False,False,0.8512597436997424
288,SWZ,0.5135735098200488,0.3773202831553167,0.3166271870538167,0.5135889912374525,-0.1969618041836358,False,False,0.8512597436997424
289,TAI,1.4232895284000626,1.354880366926274,1.7417518440615962,1.3432406516865942,0.398511192375002,False,False,0.8512597436997424
290,TAN,1.5841250342152209,1.566940682918563,1.534401314549322,1.5007674718892194,0.03363384266010261,False,False,0.8512597436997424
291,TAS,-1.4498858831265256,-2.0137945668490214,-1.9145589780487904,-1.4077267262129949,-0.5068322518357955,False,False,0.8512597436997424
292,TCI,-0.6790305689427815,-0.9708682891234034,-0.5092236032561481,-0.6097414256734266,0.10051782241727847,False,False,0.8512597436997424
293,TCS,0.0456340922906444,0.4611131282587262,0.1490068567039335,0.0860243294698913,0.06298252723404218,False,False,0.8512597436997424
294,TEN,-0.2075114955471064,-0.4715702278899226,-0.1486981871925231,-0.1402939204488001,-0.008404266743722993,False,False,0.8512597436997424
295,TEX,0.1630881364575602,0.1512156976782091,0.060005644548447,0.19479284417430962,-0.1347871996258626,False,False,0.8512597436997424
296,THA,2.417828198020495,2.2400104353614547,2.4725593425903654,2.3244390958733816,0.14812024671698376,False,False,0.8512597436997424
297,TKM,-0.4633121465310171,-0.2911066102048046,-0.4268276760556677,-0.388664522840861,-0.03816315321480668,False,False,0.8512597436997424
298,TOG,0.7356004306094368,0.7830094256513634,0.9204589873942036,0.7001323009495545,0.22032668644464914,False,False,0.8512597436997424
299,TON,-0.3548803458366834,-0.6908187644805573,-0.4787011750279526,-0.2800385295750825,-0.1986626454528701,False,False,0.8512597436997424
300,TRT,0.6392615160772857,0.6111107467498976,0.2729328798859406,0.6185698222567364,-0.3456369423707958,False,False,0.8512597436997424
301,TUA,-1.1233760112743676,-1.5340381556825426,-1.0194351810639268,-1.0865331721196991,0.0670979910557723,False,False,0.8512597436997424
302,TUB,-0.9989096324544816,-1.3606375673589184,-1.2520818746974962,-0.9581774652817017,-0.29390440941579454,False,False,0.8512597436997424
303,TUE,-0.1597115222762207,0.1145389224482926,0.135916980950301,-0.0967206845000742,0.2326376654503752,False,False,0.8512597436997424
304,TUN,-0.4588625371026864,-0.2373600847840067,-0.0569612204120063,-0.3843107109011592,0.3273494904891529,False,False,0.8512597436997424
305,TUR,0.3231343796611457,0.700515240754854,0.5188822269379737,0.34539266022767046,0.17348956671030324,False,False,0.8512597436997424
306,TVA,-0.4188943448450438,-0.2373600847840067,-0.5855348204014418,-0.3439745084486465,-0.24156031195279526,False,False,0.8512597436997424
307,TVL,0.8633240976580049,0.700515240754854,0.834689619090473,0.8118620958040372,0.02282752328643578,False,False,0.8512597436997424
308,TZK,-0.0468225408884728,0.1145389224482926,-0.1465203793337992,0.003816179845291586,-0.15033655917909078,False,False,0.8512597436997424
309,UGA,1.1303205024586551,1.191086799262218,1.31089844012886,1.0574235148520863,0.2534749252767736,False,False,0.8512597436997424
310,UKR,0.0547930031295272,0.5135030942945985,0.2703328116788783,0.09416762750493352,0.17616518417394478,False,False,0.8512597436997424
311,URU,-0.1999206354944906,-0.3478112764350301,-0.5880207982787738,-0.1333314509454023,-0.4546893473333715,False,False,0.8512597436997424
312,UTA,-0.2536980282037941,-0.0910936706383567,-0.242285415562177,-0.18280194566513625,-0.05948346989704076,False,False,0.8512597436997424
313,UZB,-0.139881912956015,0.0370833440830452,-0.1244653487352538,-0.078628331774716,-0.04583701696053781,False,False,0.8512597436997424
314,VAN,0.1961569892547853,-0.0465899257343305,-0.242170370619915,0.22598166174568599,-0.468152032365601,False,False,0.8512597436997424
315,VEN,1.722744494425738,1.6324472564544497,1.114410638867913,1.6363935715239206,-0.5219829326560077,False,False,0.8512597436997424
316,VER,-0.4673941951580295,-0.5395487887108873,-0.3448575612491782,-0.3926642907801413,0.0478067295309631,False,False,0.8512597436997424
317,VIC,-1.7916431982894347,-1.7447056892362882,-2.3918603891019035,-1.6823993645109623,-0.7094610245909412,False,False,0.8512597436997424
318,VIE,2.4038250694649537,2.218741337222272,2.6210409469088023,2.3103289995587044,0.3107119473500979,False,False,0.8512597436997424
319,VNA,-0.0407250963514931,-0.2373600847840067,-0.3500137629733944,0.009192358148025135,-0.3592061211214196,False,False,0.8512597436997424
320,VRG,-0.128258165745159,-0.4078260557832601,-0.0706651387123116,-0.06827144296185304,-0.0023936957504585576,False,False,0.8512597436997424
321,WAL,-0.45702917436053,-0.9708682891234034,-0.7626370578440586,-0.382516682937828,-0.3801203749062306,False,False,0.8512597436997424
322,WAS,-0.5289457384981022,-0.7758306895441908,-1.1330026522204328,-0.45487692018890186,-0.678125732031531,False,False,0.8512597436997424
323,WAU,-0.0826868697094607,-0.3478112764350301,0.5954965234598659,-0.027719092013399227,0.6232156154732651,False,False,0.8512597436997424
324,WDC,-2.155405867884763,-1.3606375673589184,-0.5190310614267152,-1.9245355331833387,1.4055044717566236,True,False,0.8512597436997424
325,WHM,1.331415546304621,1.269752601649205,1.300205062407852,1.2531599047482422,0.047045157659609815,False,False,0.8512597436997424
326,WIN,0.3130715864823575,0.2541216101099962,-0.0351209242784712,0.3357795636572061,-0.3709004879356773,False,False,0.8512597436997424
327,WIS,-0.4343155922829657,-0.4715702278899226,-0.4068671064929461,-0.3594048747102678,-0.04746223178267833,False,False,0.8512597436997424
328,WSA,-3.023969764977934,-2.0137945668490214,-1.3443586022684904,-2.5462987033182176,1.2019401010497273,True,False,0.8512597436997424
329,WSB,-0.0849230804129376,0.3175208796893813,-0.2563223683415701,-0.029719056880574062,-0.22660331146099602,False,False,0.8512597436997424
330,WVA,-0.8444831018195256,-0.8686427403087341,-0.48189113848142,-0.7880147438584063,0.3061236053769863,False,False,0.8512597436997424
331,WYO,-0.6425115143770274,-0.4078260557832601,-0.504275269679456,-0.5716282019238257,0.06735293224436967,False,False,0.8512597436997424
332,XMS,-1.1436225237504456,-1.7447056892362882,-0.2947992612749104,-1.1067690448544083,0.8119697835794979,True,False,0.8512597436997424
333,YAK,-0.6475134135690396,-0.3478112764350301,-0.6531205589208101,-0.5767526461232133,-0.0763679127975968,False,False,0.8512597436997424
334,YEM,0.2594528371293268,0.1512156976782091,0.4133583816917742,0.28525207962468463,0.12810630206708956,False,False,0.8512597436997424
335,YUG,0.2491069564569007,0.8219889543502039,0.5459174900087456,0.27550587989665065,0.2704116101120949,False,False,0.8512597436997424
336,YUK,-1.6169643546153625,-1.213130445937304,-1.399323164469923,-1.5516627796036,0.1523396151336769,False,False,0.8512597436997424
337,ZAI,1.6987213896018574,1.8006774286986813,1.6997365238685151,1.6128885273737859,0.0868479964947293,False,False,0.8512597436997424
338,ZAM,1.2481235032927127,1.076465400425215,1.079370990308913,1.1716198032675584,-0.0922488129586454,False,False,0.8512597436997424
339,ZIM,1.1323574092006017,0.9981301919424256,1.0597290436135895,1.0593764792321851,0.0003525643814044077,False,False,0.8512597436997424
