,Assigned_group,number_of_species_in_group,H,Hbc,G,FAD,MFAD,APWD,N
0,ABT,-0.6971096871339764,0.6970508072323643,0.6737545030899293,1.0550259497106036,-0.9447256844745714,-0.9316909274799049,0.07823298374251536,-0.9676441326539584
1,AFG,0.48297785673039295,2.011189043828812,2.024560207446205,1.4291004663581606,0.556798750199093,0.5658662943787618,0.9164338132684434,0.5528005053869096
2,AGE,0.4294401441020305,-0.23415702526278406,-0.2422893430954999,0.04585024680549011,0.15476534779638249,0.16711922901584547,0.8336042694370251,0.1463631940986017
3,AGS,-1.2393864426907168,-1.5750542303753006,-1.212346069454765,-1.2999191993366261,-2.118521417375406,-2.1203324380527433,-2.229819360536049,-2.115861785567774
4,AGW,-0.3507090239236603,1.6105943751610408,1.6095784706527592,1.7105186912789252,-0.8198866939664874,-0.7997961537486104,0.8026945388616251,-0.8479185170954325
5,ALA,-0.18890272909742223,-0.806823614683377,-0.8534362165411166,-0.8360327790346017,-0.05757036489721451,-0.06261975398883668,-0.3478587835521535,-0.049447763864240095
6,ALB,0.4565465473528458,0.44884851476134746,0.4127013550366899,0.4934163121793232,0.3821078972491419,0.38630952656740053,0.47335810083887836,0.382944037649741
7,ALD,-1.5900336236727,0.5548729717789712,0.7798342767143464,0.6622385743101469,-1.1578131078972693,-1.1409914448982952,0.20490743119894655,-1.1884391439110897
8,ALG,0.14781400305322098,-0.9678808893180062,-1.0149230678745094,-1.1272182143010312,0.2592235663797904,0.25677978915091787,0.01228425101018803,0.2665503971964376
9,ALT,0.25032717013311157,0.15778243954201482,0.11549681716675222,0.34533868148197544,-0.1637820301125075,-0.16675304437034805,-0.32379810490854344,-0.158774985658352
10,ALU,-1.2393864426907168,-0.9453772924039935,-0.8708204757586449,-0.388678937786419,-1.2766409367355895,-1.2960852437669588,-1.720033080986717,-1.270685987753579
11,AMU,-0.2938402379697424,1.131105233496171,1.1205855519971126,0.8976450324835111,-0.01372181257901325,-0.008401240458849905,0.24241575050849778,-0.015994602177393326
12,AND,0.9930727461841349,0.584065999565584,0.5634349807082387,0.5652444055778317,1.2725754892757601,1.2762481326649326,1.1799608127621237,1.270403183947008
13,ANG,1.2138132728808655,1.0689231144294562,1.0501903879585621,0.8096022481343336,1.1901964709477104,1.1962194910116224,1.2524349836639677,1.186396065150296
14,ARI,-0.006813347367150472,0.34707981336238947,0.39077330335722993,0.06340935986169499,-0.3793883104967604,-0.37616944491327486,-0.14963294939735214,-0.383234819847804
15,ARK,-0.4109959271303944,-0.7374464654138981,-0.7852552068925271,-0.8695313005721392,-0.04903300051965859,-0.05392996702489165,-0.3345101581275524,-0.040999099354731304
16,ARU,-1.1035573850157074,0.684168032442804,0.8234940063789171,1.0056509517055925,-1.3990664452725863,-1.385157488863558,-0.3438640732720277,-1.4303515986985484
17,ASK,-0.879082920465226,-0.3400101538470986,-0.39289876982167116,0.09968006290345356,-1.1336621395620152,-1.1491829846583461,-1.5147771206151515,-1.1297142329416745
18,ASS,1.6598146648534997,1.3296568112906662,1.3191891430980558,1.1686495278151687,1.8871179576020403,1.8812623216788087,1.199759413401404,1.8862561259645407
19,AUT,0.6516553569808523,1.161422674044263,1.1467158223531082,1.3592187247968035,0.17882724115756787,0.1821789847071649,0.2684248650998023,0.1798150051291028
20,AZO,-1.2393864426907168,0.5015132006712766,0.6377680121547983,0.979593212177925,-1.0268270193816615,-1.01273736868625,0.09202378695736539,-1.0523047759985196
21,BAH,-0.2938402379697424,-1.0453287004413672,-1.0278931061492984,-1.1823719645526287,-0.2840666313762763,-0.2781982637479715,0.07851468013539224,-0.2895102800840796
22,BAL,-0.2938402379697424,-0.5365683226832212,-0.5509886458496668,-0.6907222477568424,-0.3168069564047493,-0.3089974709733307,0.17832740970067973,-0.3246434374851047
23,BAN,1.7211400710660893,0.946741650025307,0.9243099353457381,0.8247980161120001,2.1674351029391756,2.1560139434637833,1.174013883330365,2.166928264658647
24,BEN,1.1591094026752593,0.31883346649502997,0.27938326697215987,0.3320721345787997,1.311538102864124,1.3176929217327444,1.3692061077168938,1.3064420695878767
25,BER,-1.5900336236727,-1.2581666785382843,-0.9477313334645829,-1.1317688059171491,-1.7083979167572005,-1.6978809568223885,-1.1379692383334226,-1.7374974160304557
26,BGM,-0.006813347367150472,1.3859788067786305,1.4699323430098228,1.7051150024784292,-0.32382952250115016,-0.31942963549681785,-0.0397632639840174,-0.32821729248442616
27,BIS,-0.006813347367150472,1.6614580958433234,1.6624029373305051,1.7416978398269916,0.2919597795498164,0.3022447621322959,0.7918917319078106,0.2862925160909216
28,BKN,0.695347697153904,-0.5241117704674977,-0.5689674232375431,-0.520248714484954,0.8156806653399689,0.8173120798225574,0.6688657418466758,0.8187594579876254
29,BLR,-0.049387378980997654,0.8041548939596369,0.9529746795884673,1.4689928317191203,-0.3510508545457766,-0.34524908728333925,0.02564228679090962,-0.3572234556508489
30,BLT,-0.14024519090725746,0.31731605508187777,0.3629236676902331,0.7104909359794893,-0.46668371047998225,-0.46972188703633405,-0.5449696769693865,-0.46516048718612807
31,BLZ,0.8357008559823083,0.2764682381197418,0.24300255496086604,0.08620886191379534,0.6564014854595989,0.6658726756296642,1.023328290702429,0.651893478745401
32,BOL,1.695257109638632,0.9369588946556971,0.9142724840449956,0.7805863303502422,1.1792352573526386,1.186378459833481,1.3141985620319514,1.1743883877291046
33,BOR,1.4851535388797386,0.5662147878591268,0.5330596170887174,0.2529165668496791,1.8328783948979133,1.8246002688247431,1.0211131766703396,1.835409320828136
34,BOT,0.07338885692247045,-1.0145236983583117,-1.0724297662364972,-1.3368232019155424,0.2068727733883792,0.19927672152814624,-0.27486751859653813,0.2193205354242075
35,BRC,-0.5437434903362077,-0.7695054200588531,-0.7322392771738938,-0.39018352000877865,-0.8661569963972074,-0.8624552224038646,-0.49140608431394617,-0.8779585387650275
36,BRY,0.07338885692247045,1.5364197783763347,1.5345359742221127,1.3449739687711593,0.022524744851954596,0.023907544262554266,0.040178583184915094,0.024593451338137097
37,BUL,0.7577378138865689,1.1888612383388153,1.1739016513018408,1.3578956824703354,0.35194223273147407,0.35666531708625465,0.4813213834883531,0.35217126510767127
38,BUR,0.5825943773002878,1.288100440358603,1.2763358903186044,0.9629836889474549,0.7691686164257625,0.7733238587664212,0.7787046600268073,0.7698268597260117
39,BZC,1.4532492746950956,0.5268524685069235,0.4926872011604697,0.4959496115987562,0.9459337942979477,0.955483578107407,1.2694335406759878,0.9402943042424323
40,BZE,1.495592014816278,0.06149965852662074,0.01742229448966384,0.2100815918713135,0.8477755017715837,0.8572923792281887,1.1841839457452534,0.8426529944286708
41,BZL,1.5758211970559006,0.22860168603487463,0.18700237347535897,0.15525902673856865,1.0918396197768563,1.097636253569934,1.151959572436259,1.0890735184706077
42,BZN,1.880292173331422,0.3390075636922213,0.3000745283706806,0.38687972393424763,1.174598941544439,1.180783833381752,1.2488935365378808,1.170769136911809
43,BZS,0.8726820941457922,-0.11100107953747443,-0.15062437877829704,-0.08970378237972519,0.5316694025087875,0.544595140188844,1.1626918920861784,0.5237244798102271
44,CAB,0.48297785673039295,0.341328796044861,0.3025624692833853,-0.054262392057739244,0.4516388499134048,0.46566592483174246,1.1802009077862503,0.44251352280756245
45,CAF,1.431469540179614,0.3022161833861882,0.2623652402092299,0.33620137444310494,1.299077640226457,1.3052030392180052,1.356099073400677,1.2941394031239404
46,CAL,0.07338885692247045,-0.28548729656062355,-0.33498569050948035,-0.486233336478059,-0.33964112154096043,-0.34025685022267826,-0.3311954635002822,-0.33900720708198717
47,CAY,-0.4109959271303944,-1.0425891366128968,-1.0690937223693655,-1.36823171603212,-0.354091406068944,-0.3512556908633979,-0.1532001131440055,-0.3572234556508489
48,CBD,1.8347989225632808,0.30741817196999177,0.26770291846912836,0.46780804842065205,2.26387302185444,2.2502987970436603,1.1578028606492798,2.2635268972752174
49,CGS,-1.8331076142452871,-1.9747347699875093,-1.9816175944802426,-1.6426610245757987,-2.2351088590906003,-2.218364988665145,-2.202723060518035,-2.2402523119487814
50,CHA,0.48297785673039295,-0.8626169301274019,-0.9118408009868649,-1.1466162790810397,0.6651611278458568,0.6572014366986418,0.05100563878914508,0.6785492258701836
51,CHC,2.3665783737317367,0.6524604914858266,0.6216208211162474,0.6080390193952384,2.758611282317775,2.732858937963495,1.0599792264091463,2.75867282003872
52,CHH,1.3035345925239012,1.1155316007330718,1.0982372467094892,0.9315840063495405,1.9980175624156506,1.9872370116587914,1.0465000295949523,2.00017659080961
53,CHI,0.606112240077248,0.6881743194586014,0.6586350363591035,0.3846718956182936,0.5307440741318895,0.532069520909814,0.4227571468116868,0.5346970041653768
54,CHM,0.25032717013311157,-0.22777913921887244,-0.2746763126905549,-0.08517792561638171,0.15998008235189373,0.15877091953516773,0.002246512789341974,0.16558335757938464
55,CHN,1.1015738565095081,0.5152622257361432,0.48075607618448707,0.03368712533486641,1.0516189964614628,1.04090518807974,0.22781610158419438,1.0660684876750508
56,CHQ,0.37305200710878783,0.9120100987088366,0.8909564317715337,0.6252258950627144,0.29443581724731516,0.2986922860968383,0.4092806974865027,0.2949747962625541
57,CHS,2.1091686938129333,0.857036174611082,0.8319656557655186,0.747416787651372,2.57428754809754,2.551440980948715,1.0141909140866114,2.576157839452534
58,CHT,1.1591094026752593,1.1009155347816422,1.0832177896901465,0.6600030690533569,0.7105793952897622,0.7086439613839524,0.38710918257032634,0.7176593216619175
59,CHX,0.2172628054809549,0.32801273415141513,0.29031057151113676,0.5977545274488871,-0.07220675571233598,-0.06948813763103871,0.04572529847456871,-0.07226595946771859
60,CKI,-1.3982377258940535,1.4400022475196759,1.4347738555940845,1.4692371671500455,-0.46390484241712343,-0.4603466365253777,-0.19182318585481878,-0.46921946391245795
61,CLC,-0.879082920465226,-0.39292294447689274,0.08090188685661082,0.2171301896104592,-1.9329439955228487,-1.9201308245718336,-1.5705736110148,-1.9595804840046969
62,CLM,1.8270403698005757,0.998020055925413,0.977139070794499,0.8284192387975514,1.3098524602809498,1.31655912158116,1.4029528727637117,1.3042117961335014
63,CLN,-1.1035573850157074,-0.7402904367827329,0.4815374220741971,-0.3602240773186438,-2.04740133515728,-2.0229555478289902,-1.3664681064101059,-2.0806051475146243
64,CLS,-1.3982377258940535,-2.0079420603030407,-2.0498113081931404,-1.7367624600667104,-2.1728347984539584,-2.1828051172416787,-2.306414000636773,-2.1538244585235926
65,CMN,1.7211400710660893,0.28140760523635316,0.2410543864496439,0.29908840727455116,1.4438187380673728,1.447878160238651,1.358344704436517,1.439378981283993
66,CNT,-0.6971096871339764,-0.8739629620868535,-0.9339887333926121,-1.3179965351081981,-0.3474422171604421,-0.3692845338688774,-1.180983026209757,-0.3246434374851047
67,CNY,-0.879082920465226,-1.1185900527700197,-1.1075017124868358,-0.9508289966636272,-0.8444948121550461,-0.8370624726591128,-0.2430661081337417,-0.8598196680014369
68,COL,-0.049387378980997654,-1.1923353409347726,-1.2529378538589988,-1.153662006395137,-0.23737082034165738,-0.25068311917813085,-0.8234153425388995,-0.2223138741083325
69,COM,-0.09380672076892609,-0.2056804364384396,-0.21689399413565677,-0.22649523127514046,0.24567980023185815,0.2494745778559506,0.3448385807373722,0.24651345488402626
70,CON,1.5059354425589038,0.21036567796921574,0.16834178751131176,0.23676963427616762,1.3473272370477067,1.3514534907731832,1.2746860767270272,1.3439197106357077
71,COO,-1.2393864426907168,-1.2871722341289198,-1.348224828530356,-0.8169414638511858,-1.5150561262699405,-1.5158197684980628,-1.3736105228828643,-1.531921016336221
72,COR,0.03406745253172233,0.7774408778867923,0.7502550710295731,0.8184502563758237,0.23438969123811623,0.24694305236051836,0.9072617200588122,0.226171104170488
73,COS,1.3035345925239012,0.8159249143706492,0.8064517931037875,0.8569880784460373,0.9975309782456563,1.0089927072639386,1.4443052834225398,0.9896367652861002
74,CPI,-1.5900336236727,-2.223590248064896,-2.0697377701334982,-2.149945822687637,-2.172695136103757,-2.1825690649347766,-2.3060723099868965,-2.1538244585235926
75,CPP,0.37305200710878783,0.5118372409834554,0.4774846483890209,-0.028083019782798868,0.5486379340161243,0.5497574511083166,0.4252615327244045,0.5528005053869096
76,CPV,-0.3507090239236603,-1.200438369433589,-1.2539861403219987,-1.491225929119309,0.04624288866272421,0.03773602399694134,-0.43094612083452233,0.058738329539753026
77,CRL,-0.4109959271303944,-0.8529419758036906,-0.7544693336987407,-0.31796041211286663,-0.7100781049162633,-0.7049698279618742,-0.28393708297416187,-0.7207179757679749
78,CTA,-0.09380672076892609,1.345010432165334,1.3754098439902402,1.3322252255274087,-0.057932061253582995,-0.055132145717074484,0.06085169169977374,-0.05795488746315414
79,CTM,-1.5900336236727,-1.600731618076779,-1.063701255462,-1.406960146892928,-2.1245591201270653,-2.1308735350506836,-2.263895166812996,-2.115861785567774
80,CUB,0.6737230936706672,-0.06188064814527238,-0.09669578587416346,-0.16873801842754285,0.321908172898093,0.3300216456400696,0.6702765922426327,0.31856785534910637
81,CVI,-1.3982377258940535,-0.9887778257787768,-0.9537052561646647,-1.0675957131197944,-0.7054831358151016,-0.6958880272935819,0.012977442845626063,-0.7207179757679749
82,CYP,-0.4109959271303944,-0.44647925592461524,-0.4752357532874458,-0.3935672491834958,-0.15400298851159047,-0.14745060137670024,0.21592052137288487,-0.158774985658352
83,CZE,0.4565465473528458,1.1691080210080285,1.2226875039157847,1.5849411388948973,-0.054204473459612205,-0.05598693485674848,-0.1847291567524996,-0.049447763864240095
84,DEL,-0.7838444495028952,-0.17743323804550148,-0.22720527714824446,-0.67172980560799,-0.30826483257176196,-0.32254346119299215,-0.9068878160280623,-0.2929752538512798
85,DEN,-0.4109959271303944,0.4496120882621675,0.513050433009302,0.8339587644850045,-0.5827206856446839,-0.5836246118054961,-0.5235241480684429,-0.5850897160469901
86,DJI,-0.4109959271303944,-1.1120822537423174,-1.1256675034227233,-1.4445000042249838,-0.28318028075767865,-0.28309577395640667,-0.253394919282841,-0.28261164312180814
87,DOM,0.4016219149117465,-0.426583852670838,-0.449538508232903,-0.5395318195473471,0.0524166584970599,0.06250302073373093,0.5991042552112519,0.04571475294875245
88,EAI,-0.006813347367150472,0.14667607802197608,0.1592050613419507,0.3254248638594545,0.07071041856804586,0.07601187788193636,0.30374172630904805,0.06906170048752343
89,ECU,1.3751105943061201,0.7643652652153168,0.7367459513742237,0.5897136503430691,0.8298452605542137,0.8364606880276175,0.9804949375231812,0.8277629789107304
90,EGY,-0.3507090239236603,-0.2725431152340794,-0.2427218314747841,-0.4241441511535906,-0.12231445755921122,-0.11727042285621932,0.14588938236342516,-0.12522594685057747
91,EHM,1.6232427676496295,1.4837345100073551,1.478383442003187,1.2126096638407993,1.6650873898561915,1.6637515801692366,1.2427656947979016,1.6631841453239098
92,ELS,0.606112240077248,0.5056091071853185,0.4849102866538711,0.2973299925861529,0.46645749650825125,0.47799084328596975,1.0127475653285218,0.4599008553383153
93,EQG,0.3134798895684396,-0.976168903865857,-0.9785347329874325,-1.1336009138449092,0.04435091073593181,0.05420155593699344,0.5770997493987835,0.03783570167650276
94,ERI,-0.049387378980997654,-1.4215731803877363,-1.4712402282269292,-1.707802867191371,0.11177878202824675,0.09882911570413666,-0.5702438693273575,0.1293091170657952
95,ETH,0.7165472154778854,1.7055656184331895,1.707865583983467,0.6719169126344974,1.1500188638176294,1.1585699459513155,1.3802191211851034,1.1439841266037036
96,FAL,-2.1678427269782197,-1.9747347699875093,-1.9816175944802426,-1.6426610245757987,-2.433233826742556,-2.445548168277303,-2.3513663676986925,-2.347399817488226
97,FIJ,-0.18890272909742223,-0.11138661733546859,-0.1603272972510232,0.5655010783855328,-0.3316891752122727,-0.31399567951675134,0.908613792963002,-0.3499014640428991
98,FIN,-0.4109959271303944,0.35671884124905606,0.32026922267797153,0.7215804062303468,-0.7406417934915557,-0.7451827573148325,-0.816373323603831,-0.7416794737492449
99,FLA,0.11126927913294059,-1.015769134650265,-1.070323790964609,-1.0216442647043122,0.10204071756916362,0.1010939541929935,-0.026892108499453234,0.10704648873373294
100,FOR,-1.8331076142452871,-0.1239677791429869,-0.17059109398138872,0.35427659680495693,-1.501433527407501,-1.5142737867238396,-1.7461744136447837,-1.5051499849271288
101,FRA,0.7577378138865689,0.7863558744953788,0.7593995623744724,0.9744444079218075,0.4502437025758523,0.45534438843240815,0.5804300692764505,0.45026775953356374
102,FRG,1.3157848948196156,0.08985510116782283,0.04829887953063208,0.2668528091132817,0.7472098758021877,0.7529258068303964,0.8559057223755997,0.7463372747362633
103,GAB,1.4746181871710922,0.39046632513624335,0.35277749398959246,0.2421802052843588,1.1634733588181312,1.1707278730808008,1.3074428767583146,1.1586477309582008
104,GAL,-1.8331076142452871,-1.7283483161621132,-1.7308477754447165,-1.8693514587506554,-0.8124064487943602,-0.8291273696622996,-1.324735055829125,-0.8017513573126904
105,GAM,0.25032717013311157,-0.6640908499345273,-0.6660877172193461,-0.41631847679231887,0.08858348512947842,0.09893401217890067,0.6438790630460912,0.08184918860411726
106,GEO,-0.2938402379697424,-0.02885363247300929,-0.07598114388646131,-0.2634883830467499,-0.0056620609824898855,-0.008333020696624846,-0.19446665970000346,0.0003993434790849048
107,GER,0.5087680028595476,1.1842301895414482,1.1702788039080534,1.3568964252272537,0.14363378251070727,0.14746634818383875,0.27018022051477064,0.14394058602954843
108,GGI,0.37305200710878783,0.30812332490406535,0.3143808458498043,0.452995221599746,0.28447515962280717,0.2959564436432793,0.8689123685234054,0.2775539850605987
109,GHA,1.3157848948196156,0.44580354875215766,0.409510700009755,0.44964330915753564,1.3547050019323685,1.3606517694755496,1.3950858256725727,1.3493629288887936
110,GIL,-0.9847576143361562,-0.8085511467370144,-0.7656787023105547,-0.0388318499435705,-0.9216532362819211,-0.9115491239552961,-0.12349094679042201,-0.9411122518014196
111,GNB,0.7373386043261162,0.4534248200061968,0.4173328006372177,0.36409423979070266,0.966817572894749,0.9750396893962787,1.1993786827021686,0.962413577462635
112,GNL,-0.9847576143361562,-0.9263956551328498,-0.9146149486053695,-0.6660956560157689,-1.4672942732061927,-1.4837735790945397,-1.800840567527747,-1.4667873775945872
113,GRB,-0.14024519090725746,0.03634864075410554,0.08984294515771479,0.5150187693406416,-0.49736576497642393,-0.5066271863286964,-0.843288055120332,-0.48974673209938513
114,GRC,0.6516553569808523,1.0187740505322025,0.9985874220816959,0.7336722377654482,0.4806912948896217,0.4838352615649444,0.4876842586261849,0.48275564471859417
115,GST,-0.6174419642785243,-1.017464298930689,-1.0381615108792959,-1.155224584171888,-0.1419828487629438,-0.1414952125556971,-0.12926006031617485,-0.14035902617144685
116,GUA,1.071645841040112,0.4414142950264428,0.40963116305859865,0.32048788812391366,0.841452420817492,0.8491642818375866,1.0602237930894567,0.8382010457965927
117,GUI,1.3634929629245698,0.41908586769434414,0.38211754580463336,0.44054636665074737,1.2813038995591706,1.2889949467126711,1.4409222147742387,1.2749499652709766
118,GUY,1.3035345925239012,0.4218615246906347,0.3865083475570141,0.4950182954348101,0.7802489645917011,0.7876211831893748,0.9874835990460575,0.7775766771012855
119,HAI,0.3134798895684396,0.20459511856297088,0.2003925558911825,-0.030857440246236618,0.10394365118849662,0.11701493179788469,0.8482165376931697,0.09450980956456062
120,HAW,-1.8331076142452871,-2.3606019532695637,-2.3994999812252393,-2.2593797410798873,-2.3067833838284044,-2.297480320406651,-2.3176961416231885,-2.290515208680733
121,HON,1.0092418855359944,0.7134924248148503,0.6896120808978812,0.5772673736829981,0.763975355570624,0.7737393770356743,1.1309927229993695,0.758910313291548
122,HUN,0.14781400305322098,1.3018896374200866,1.3706377001369516,1.6989933871350358,-0.1829521718234914,-0.1774309905080047,0.13070614486689136,-0.18694482270573035
123,ICE,-0.7838444495028952,-0.17432787693397453,-0.22422572448305741,0.38253756946304024,-1.0850030974621159,-1.098472982420042,-1.4171705756266573,-1.0824380518003949
124,IDA,-0.3507090239236603,-0.5282483301792019,-0.5810836321211279,-0.46827293438574685,-0.709889605826422,-0.7241388559968286,-1.1756313940209668,-0.7001907338975006
125,ILL,-0.24001094625727942,-0.3982738366929293,-0.4522233895668904,-0.9397465003061941,-0.2446019221116367,-0.2586397581622935,-0.8553709529207233,-0.2288609346133729
126,IND,1.857768179435254,1.2053003518846075,1.190826829180745,0.99614478636253,2.1267989620005068,2.1173618137648873,1.2374577440781762,2.125097906758272
127,INI,-0.4751560959681369,-0.6773826173330697,-0.735317047761545,-1.1659844105932113,-0.29929114737052026,-0.31805981554859203,-1.0552486378748727,-0.27917783256329937
128,IOW,-0.6971096871339764,-0.8360044374971191,-0.8954510747567205,-1.3059292612161857,-0.4197565499528646,-0.44469064425986465,-1.3123299788923621,-0.3945714391446942
129,IRE,-0.4751560959681369,0.2108208676435874,0.2879352948325038,0.6546295681577645,-0.6284953087197076,-0.6339939161652547,-0.7766896516311466,-0.6267463261913009
130,IRK,-0.09380672076892609,0.1919462601916225,0.19072133111119935,0.4108639089511143,-0.4307575822819907,-0.4370175986144095,-0.6687971430238238,-0.42538390700671713
131,IRN,0.5585481621598753,0.5341120865631219,0.5001101367739326,0.42199076509523453,0.5077790073823791,0.5136012049927454,0.6698543837638768,0.507106479483966
132,IRQ,0.14781400305322098,0.6082070406741327,0.5879863364310508,0.813270530555195,0.2739790857416014,0.2816208111172909,0.6031535584071717,0.2709626519982516
133,ITA,0.8357008559823083,0.9689501514263933,0.94718596416905,1.0963685664385654,0.585466512583635,0.5895309293361365,0.6247334633053184,0.586584709845418
134,IVO,1.4092622752237824,0.45596248628125907,0.41993049932307824,0.4664451995900649,1.3138958000421774,1.3212479547972054,1.4483093308140738,1.3075561172100598
135,JAM,0.14781400305322098,0.31641682184818276,0.3225607073137912,-0.05585227999337552,-0.07224683452815128,-0.05835050056268862,0.7824903852856104,-0.08383675725818367
136,JAP,1.056372521250494,0.5090769455182009,0.47440949196489257,0.03766290038506051,1.3003811054188124,1.2924598240335217,0.5672089602448471,1.3097820398031224
137,JAW,1.5059354425589038,1.2925367661035783,1.280892918396193,1.0022673617746929,1.568163136388332,1.5676306470083647,1.199178984434998,1.5668118904987702
138,JNF,-2.1678427269782197,,,,,,,
139,KAM,-0.6971096871339764,-0.5090861145021588,-0.5646857488905999,-0.11531844692262025,-0.8944951078986488,-0.906481926517004,-1.227376825525018,-0.8902494512177851
140,KAN,-0.6971096871339764,-1.788863120255335,-1.8021565367731,-1.9570190416893296,-0.535552580440431,-0.5734485360204545,-1.6642665524009277,-0.4980687197840493
141,KAZ,0.48297785673039295,0.6402490658653994,0.6093329693170777,0.7716232593789228,-0.039393622299558576,-0.04301464013664249,-0.26605173027607837,-0.032607956461431636
142,KEN,1.3157848948196156,1.6045855352983818,1.603361745161628,1.0477097357866052,1.5633594022316644,1.5704897027468494,1.6646073879347179,1.5542762446606817
143,KGZ,0.18311706435543804,1.6862146172432377,1.691646266296577,1.9210536484228764,-0.08211355794951755,-0.07786924444416088,0.12736448651237925,-0.08383675725818367
144,KHA,-0.09380672076892609,1.1008797986491858,1.087454182997778,0.843947816231314,0.013027510118040903,0.018103061022611604,0.24726515964099358,0.011210071450419527
145,KOR,0.6737230936706672,1.2410276385532466,1.2276934700050959,0.7638630080191676,0.8601698394859338,0.8616062316014579,0.6943613381933603,0.8632611681797469
146,KRA,0.07338885692247045,0.26477540853528403,0.2259592172513399,0.24740821891901504,-0.3699274135835635,-0.37185705374729394,-0.4203556280744868,-0.36829701185513797
147,KRI,-0.2938402379697424,0.8954563884593072,0.9250712582971266,1.622974352949402,-0.47811245035188593,-0.47264290741964415,-0.087783927283333,-0.48560982846954387
148,KRY,0.2172628054809549,1.2221488686752824,1.2492660548873464,1.6670080916184213,-0.07390056969823841,-0.06725167691652191,0.2805340007245316,-0.0780376332127028
149,KTY,-0.4109959271303944,-1.0523047699306831,-1.0663071384640948,-1.250268476490859,-0.25837726119856325,-0.27309906043160537,-0.8896324808698315,-0.2420664858384321
150,KUR,-0.7838444495028952,-1.2201070636331277,-1.2570013277108363,-0.7255376187033077,-0.5979241411406563,-0.6092004823007656,-0.9921815522050584,-0.5896361879958683
151,KUW,-2.1678427269782197,-2.2170913642006695,-2.2469645220626813,-2.182708427534314,-1.3696884290216935,-1.3914420952300128,-1.8350454539125889,-1.3624415329477064
152,KZN,-1.8331076142452871,1.0997908236058627,1.1086189974396585,1.2852966795850047,-0.48922539038869084,-0.48661984551077286,-0.26524688459561413,-0.4938996469608336
153,LAB,-1.1035573850157074,-1.2086356148193456,-1.0923621076112835,-1.0650664984221019,-1.5573925511671416,-1.5844740598625535,-2.044806452716667,-1.545698117214068
154,LAO,1.6776725374344685,-0.2769132903179602,-0.32894002959499125,-0.01990729317034049,2.117952462658593,2.104931783039751,1.0468640419007673,2.120076615400282
155,LBR,1.2138132728808655,0.4101001604466446,0.3729291086265346,0.09195547447300288,0.8661479767256957,0.8805789900599872,1.5448643236753061,0.8559325092907804
156,LBS,0.11126927913294059,-0.18551315593305975,-0.19802295189827074,-0.21845382574513775,0.29667417105949956,0.298917217617392,0.29372644389491004,0.29929510727611736
157,LBY,-0.18890272909742223,-1.3604293084397634,-1.3943300442640914,-1.5060513274615501,0.016055300317710186,0.011152785934419008,-0.28787547326022717,0.024593451338137097
158,LDV,-0.5437434903362077,1.6956247492785557,1.7132790084814562,1.4356112208509615,0.24551609062493363,0.25790741411141854,0.9039795135459328,0.2375107657328341
159,LEE,0.3436870812752859,0.31517213388772636,0.3199354065172881,0.09965711455791665,-0.03562817330153988,-0.024746709004450505,0.5896865873739177,-0.043808883762944166
160,LES,-0.879082920465226,-0.453470180087106,-0.2056876848130939,-0.6415217358193208,-0.926123654390167,-0.9203763974600823,-0.41837357787715845,-0.9411122518014196
161,LIN,-1.8331076142452871,-1.9747347699875093,-1.9816175944802426,-1.6426610245757987,-2.2351088590906003,-2.218364988665145,-2.202723060518035,-2.2402523119487814
162,LOU,-0.2938402379697424,-0.7830105967084733,-0.8296333844506137,-0.8239898627533647,-0.014973765495611708,-0.018812752580817885,-0.2590387278971167,-0.0077706300363340405
163,LSI,0.7777598672268838,1.0404095709965484,1.0208398639863725,0.7216928365947864,1.1276435449016706,1.1313722850888892,1.0558468425964078,1.1267105735796212
164,MAG,-0.6971096871339764,-0.7363595737737878,-0.7949449766446174,-0.4249968651807617,-0.8939450273701786,-0.9112028279139488,-1.3958180345684394,-0.8840837529949335
165,MAI,-0.5437434903362077,-0.7586227427868056,-0.8174943076766379,-1.1358413097197193,-0.2723890187049155,-0.29106936485564766,-1.0350516311939346,-0.2520701286701871
166,MAN,-0.4751560959681369,-0.1432490160321123,-0.15448003360426676,-0.35259416782950304,-0.4818768240794411,-0.4918528651718699,-0.861263209600144,-0.4732937487512391
167,MAS,-0.6174419642785243,-0.8755137352835242,-0.9355567352378756,-1.2964965004665738,-0.3145899019125597,-0.3349481160775137,-1.1153947914511355,-0.2929752538512798
168,MAU,-1.1035573850157074,-0.6325317103462571,-0.576631620540281,-0.36840562145646083,-0.6293635755899261,-0.6220460940209751,-0.08315813926764866,-0.6410157745652986
169,MCI,-1.5900336236727,-1.3288222021869909,-1.3802874527229805,-0.8773720566726564,-1.6331760037687948,-1.618273380104627,-0.6804293195170329,-1.667194665459372
170,MDG,1.0408850153257265,0.19046141937511551,0.14797361228892003,0.21811880324516228,1.184373607024454,1.187087419717132,1.044497916099138,1.1840014393098568
171,MDR,-1.8331076142452871,-0.7183139105211537,-0.593190032996667,-0.5331872000000132,-1.7406082143702197,-1.7421488240474932,-1.712798246052637,-1.756358829610044
172,MDV,-0.879082920465226,1.3249084796617574,1.4095579049976483,1.2979394859569382,-0.3189255001315789,-0.31318614615364354,0.045165679402520434,-0.3246434374851047
173,MIC,-0.4109959271303944,-1.1435409068835423,-1.184202842928929,-1.4273720887558496,-0.38867028798760417,-0.4121917237588604,-1.2547907713395323,-0.36459362543434554
174,MIN,-0.4751560959681369,-0.7533846477633019,-0.8121940858285207,-1.1694511750343202,-0.31482595175102035,-0.3354105571256374,-1.1225404432836474,-0.2929752538512798
175,MLI,0.5825943773002878,-0.8181543679918177,-0.867633130755033,-0.9396774445242954,0.7594840090893434,0.755751663527379,0.33237244772841634,0.7682721476701441
176,MLW,1.1162398952119148,0.8058935156067512,0.7793508841218443,0.5897256426346397,1.100898136847063,1.1055864227783707,1.091060388196672,1.0991948360748085
177,MLY,1.9312130833153895,0.3183379383083602,0.27887069669949455,0.15204071197252797,2.2954689860039976,2.27965589118964,1.078024012034491,2.29671399618736
178,MNT,-0.2938402379697424,-0.36824837551892664,-0.389368314102606,-0.4824380067598291,-0.4186477088574489,-0.42800630479836826,-0.7924244465441005,-0.4098699240216365
179,MOL,0.7577378138865689,1.4017359558196043,1.393688055080504,1.1431173223682771,0.937830387673929,0.9422202834543212,0.9332530233387273,0.9375075432155574
180,MON,0.25032717013311157,1.5157849948373234,1.5128833553058088,1.2988825721150263,0.09079318897917193,0.09346520910028511,0.16336568965505494,0.09198769278397821
181,MOR,0.11126927913294059,-0.460000330167029,-0.5147488535770804,-0.7148822304444932,0.15512836387230658,0.15614098219768371,0.11806989652207658,0.1584089848705499
182,MOZ,1.278625227999623,0.46753991798739303,0.4318037156097487,0.37874030557746047,1.2058155908260286,1.2095144091924848,1.1224378799734196,1.2042471729034896
183,MRN,-0.9847576143361562,-0.10406595291225351,-0.02015270069682332,0.2589526256534816,-0.9304877968916385,-0.9227125714476737,-0.29185562626930406,-0.9476729502399123
184,MRQ,-1.3982377258940535,-1.2828149564766826,-1.2377446334564002,-0.8475211150145278,-1.150605526284645,-1.1512700255760444,-0.9726000999544882,-1.1627638369569435
185,MRS,-1.3982377258940535,-1.4128856008141866,-1.3824673973284183,-1.0127179311589536,-1.0840068904478641,-1.0819388392739004,-0.7711830929807073,-1.097908120592855
186,MRY,-0.5437434903362077,-0.26986316749517963,-0.3216154159109467,-0.7473136506224393,-0.21324913977503698,-0.224897827639755,-0.7428292425491879,-0.19968344549456496
187,MSI,-0.6971096871339764,-0.5337968682839862,-0.5841346734278915,-0.36571774357345943,-0.3474541805217519,-0.33813603298795764,0.2568831498040115,-0.3572234556508489
188,MSO,-0.4751560959681369,-1.43525955147333,-1.4566304136398944,-1.690943765496347,-0.3615436549971064,-0.38670796747363506,-1.2836194906758043,-0.3353990917391996
189,MTN,-0.4109959271303944,-1.9053001370002272,-1.9349290248688937,-2.0325341894965203,-0.045257269706162506,-0.07302770822562836,-1.1646000340031515,-0.013247226351915279
190,MXC,0.6516553569808523,1.1074677219840092,1.0940626954355874,0.8959892231204569,0.5384091397199723,0.5507636617742101,1.1272216695457793,0.5310488081027157
191,MXE,0.8726820941457922,0.6327649847491379,0.602882790884943,0.27340170114736884,0.8120168428394382,0.8159723960343341,0.8019994307462632,0.8127277022484757
192,MXG,0.9766623527619712,1.4112910080744474,1.405547004889958,1.1703216179037195,0.6510823810589534,0.6636038616667744,1.2292461884053874,0.6434641924664194
193,MXI,-2.1678427269782197,-1.1917066695605136,-0.8549588391690122,-1.0316995939989428,-1.7273932871158448,-1.716859098442938,-1.1778025311173508,-1.756358829610044
194,MXN,0.48297785673039295,0.8222671540448718,0.7979853431418867,0.47195507185348856,0.6248897567567817,0.6334889606053729,0.9401439283122955,0.6213197672017419
195,MXS,1.071645841040112,1.2188629057512408,1.2066192602436576,0.9841326406299828,0.7605910829758299,0.7701200277345468,1.1124365599741892,0.7557768230652918
196,MXT,1.1450026625869318,0.610243013211621,0.5832398155642893,0.507362760730916,0.8078661022372892,0.8181547229012962,1.2028528184162173,0.802114771799506
197,MYA,2.0781830420122143,1.0650438745776603,1.046189744457013,1.0128861502185988,2.3934620100268327,2.379442119149798,1.2606790721537562,2.390682779963695
198,NAM,-0.09380672076892609,-1.282570202367777,-1.3410228694614117,-1.6230753999034226,0.07190882061871733,0.06113808266031177,-0.5095002077064076,0.08692849481599729
199,NAT,0.6737230936706672,1.1058390358394687,1.0883499151081293,0.7346324590305333,0.6458445715484541,0.6532539594767068,0.8799723350437069,0.6434641924664194
200,NBR,-0.7838444495028952,-0.2725297333274355,-0.3174927065957656,-0.6931305134518664,-0.44689932922008324,-0.4575223695588945,-0.8627072210327632,-0.4371651852415534
201,NCA,-0.2938402379697424,0.0024646376107310248,-0.04400848244361737,-0.22853881079277594,-0.013358108049618341,-0.015628620433018135,-0.17986665919646452,-0.0077706300363340405
202,NCB,0.6516553569808523,1.1446871364494167,1.1283986976859088,0.980268755200036,1.1656812524645126,1.1715074733096755,1.2184057188498134,1.1622934516543673
203,NCS,0.3436870812752859,1.5521037983899828,1.550433544673818,1.7869335901830425,0.08181153386704987,0.08801748619467713,0.3677040115899931,0.07930193587050091
204,NDA,-0.7838444495028952,-0.4102335322659969,-0.4265091061647909,-0.6823955099189724,-0.5902404736798106,-0.6069946318046547,-1.1785601449422212,-0.576055986450684
205,NEB,-0.5437434903362077,-1.5955774331727828,-1.6218499301070333,-1.8043223838550189,-0.34063039123600714,-0.36603088034377523,-1.2774609507992367,-0.3139890453389919
206,NEP,1.566096051717064,1.9576125939086155,1.968994278138744,1.4929094962818281,1.47947216907876,1.4820041056044317,1.2979637937461876,1.476152173167886
207,NET,-0.006813347367150472,1.3859788067786305,1.4699323430098228,1.7051150024784292,-0.32382952250115016,-0.31942963549681785,-0.0397632639840174,-0.32821729248442616
208,NEV,-0.09380672076892609,0.12456906300100744,0.0839996679853728,-0.08366632818255372,-0.4527461329312423,-0.4576584112062043,-0.6234864130230878,-0.4490749933681024
209,NFK,-1.8331076142452871,-2.1373808114371906,-2.187172591401796,-2.0233509064306703,-1.6984428784284242,-1.6957506208920017,-1.4985957732006492,-1.7191847071958815
210,NFL,-0.9847576143361562,-1.3761392309453204,-1.4372993133447463,-0.8211080572810474,-1.257670876687698,-1.2500096962875167,-0.6165603679379822,-1.280366270348505
211,NGA,1.6416745422574683,0.28930568674339335,0.24914010793565056,0.3163886121770429,1.500166377933027,1.5030221946591735,1.3365466790135447,1.496256298313757
212,NGR,-0.2938402379697424,-1.8468559817353003,-1.8901565917496546,-1.9922734722650095,0.36268269308321727,0.33836375506041316,-0.8052823982310152,0.39305107996983174
213,NIC,1.1162398952119148,0.4982007656884873,0.4825333097303472,0.4629007577386504,0.8236111550275583,0.8344343552287444,1.2524943932002786,0.8172537365561471
214,NLA,-0.9847576143361562,-0.9380529224020575,-0.9350422176250079,-1.287732290363052,-0.5834785202748514,-0.5807637398157828,-0.32888767767375704,-0.5896361879958683
215,NNS,0.7165472154778854,-0.20183660875740386,-0.23188249415374898,-0.5695688680588823,1.0717663978695315,1.0618370420096073,0.2805036238817994,1.0852618108893082
216,NOR,-0.14024519090725746,0.38341492910996117,0.34751936205718686,0.8619168169374538,-0.6564336473737777,-0.6615795471526772,-0.781310236769139,-0.6554878377110515
217,NRU,-1.3982377258940535,-0.8017349613322532,-0.7427673386869961,-0.06758903479761318,-1.0421308368779332,-1.035835145797903,-0.4860628232900417,-1.0597406639088442
218,NSC,-0.879082920465226,-0.892909907535708,-0.8535058754218589,-1.1104713406697113,-0.6136984738643955,-0.6314662888208041,-1.2260727434132381,-0.5987893728782021
219,NSW,-0.18890272909742223,0.5694776398847762,0.5544534404283908,0.7553352414918273,-0.20664801458556634,-0.19004424237188347,0.9016814674718945,-0.2223138741083325
220,NTA,0.18311706435543804,1.155667568241533,1.1588781641063286,0.9596184017732937,0.8094817530465842,0.8154042235084149,0.9200929121619639,0.8081882908605825
221,NUE,-1.2393864426907168,-0.9738144334126253,-1.03047376429546,-0.10877584270039216,-1.720980950697607,-1.7044932912266093,-0.7655165685400057,-1.756358829610044
222,NUN,-1.2393864426907168,-0.8494361442612106,-0.8318349874079124,-0.5394366124552991,-1.4936021453994204,-1.5111445328167805,-1.8448702673643962,-1.4921334523530487
223,NWC,0.7577378138865689,-0.7136572052448992,-0.7575134301425156,-0.36395777485846253,0.17931944083589413,0.18773982700705258,0.5820468864531992,0.17508829763086708
224,NWG,1.1015738565095081,1.2575360963814033,1.2448372728301103,1.0940591091064504,1.0522208419648935,1.0559569769737136,0.9911235635435175,1.0518480266569246
225,NWH,-0.5437434903362077,-0.8632507550827921,-0.9231809597191071,-1.2800497384217586,-0.31065823173897383,-0.33053120646694034,-1.0977575514642368,-0.2895102800840796
226,NWJ,-0.6174419642785243,-0.8562505178087857,-0.9161049850221081,-1.3414405671353744,-0.4171577823726958,-0.4431859528189973,-1.3396873650967298,-0.3907796707693048
227,NWM,0.07338885692247045,-0.5481499601165155,-0.5572399848715576,-0.8098300948239107,-0.09229576441164913,-0.10073822761681471,-0.5261311345183942,-0.08093374473216364
228,NWT,-1.1035573850157074,-0.7256365577419152,-0.6981645631920195,-0.33127999801716296,-1.5361572757887296,-1.5564385444103044,-1.929768577214411,-1.531921016336221
229,NWY,-0.4109959271303944,-0.8725048342481738,-0.9325216375489415,-1.2822684366939,-0.29989154880563207,-0.3192366662877112,-1.0741732813310885,-0.27917783256329937
230,NZN,-0.4751560959681369,-1.4418026331005023,-1.0787265050950132,-1.5047000950283365,-1.8605042369589881,-1.8739517577537983,-2.1005357138943332,-1.8604996930606101
231,NZS,-0.5437434903362077,-0.2608188566909974,0.02596954086635769,0.09463627377576381,-1.4778171621680252,-1.4806840636430816,-1.411699901055296,-1.4921334523530487
232,OFS,-0.5437434903362077,0.39805349930526224,0.5147776199980948,0.3953435520933402,-0.2796644668851146,-0.2761560077888862,-0.060137810506686505,-0.28261164312180814
233,OGA,-1.3982377258940535,0.4939347563528888,0.4751614230850148,0.7905578648969742,-0.14927361157298558,-0.15293509791326096,-0.3472085168182334,-0.1434087054717702
234,OHI,-0.5437434903362077,-1.1981398005448523,-1.2393396823024432,-1.5028938689798776,-0.4134888489867396,-0.43957715272157866,-1.3390815827833455,-0.3870008321270906
235,OKL,-0.4751560959681369,-1.3919736772469384,-1.4304464636083276,-1.6394049603507765,-0.2880815128578046,-0.30903156333729914,-1.11690529227335,-0.2655442949741673
236,OMA,-0.09380672076892609,-0.8393057804902921,-0.88101120448885,-1.1204572878130579,0.23776398923075984,0.23386357277585285,-0.0769990499648908,0.24651345488402626
237,ONT,-0.09380672076892609,-0.4196450778744811,-0.47404435417393087,-0.8550504562945336,-0.2090368528608029,-0.22272056181292774,-0.8182387895261237,-0.19329692036959834
238,ORE,-0.4751560959681369,-0.01941107807763677,-0.06168661476987723,0.1428743172694385,-0.8802717131200505,-0.8726109523409168,-0.257324459701596,-0.8964562693748481
239,PAK,0.9766623527619712,1.5074603783204703,1.5029115593778823,0.9252570522168823,1.0956297923216445,1.1026271679294573,1.2313666933724894,1.091609725743152
240,PAL,0.2172628054809549,-0.3372812604795233,-0.3430745719416823,-0.5155793662058771,0.46332473737053986,0.4624921040074089,0.25177693641840215,0.4694686066830499
241,PAN,1.3634929629245698,0.9450166858136346,0.9240254649150208,0.8715063304318361,1.049705562261094,1.0599250335460983,1.4040744209516671,1.0427332733211137
242,PAR,0.797418931155874,-0.1294863433017732,-0.12051547108144928,0.18761279768453432,0.32535224497119036,0.336831518689624,0.8998825556282801,0.31856785534910637
243,PEI,-1.2393864426907168,-1.4433519868480047,-1.409207796112341,-1.6705142032064788,-0.8408567728308666,-0.8792551553969961,-1.8225837375892382,-0.8074017903298079
244,PEN,-0.4751560959681369,-0.6353479570354783,-0.6927533551313704,-1.1065868439527116,-0.2812106713666642,-0.2987769293663749,-1.0039010644427357,-0.2621609842843549
245,PER,1.6864984436004373,1.2553300784996912,1.242495356506581,1.0426427816200436,1.1122533683864948,1.1193543687061025,1.25253899986844,1.107999960493724
246,PHI,1.4092622752237824,1.0416412132149881,1.0220755607243204,0.9242344614266117,1.4927677716702934,1.4933657929119197,1.195571241202617,1.4912515642861066
247,PHX,-2.1678427269782197,-2.3606019532695637,-2.3994999812252393,-2.2593797410798873,-2.533115468438268,-2.509437172027983,-2.351232424791782,-2.4930289256549956
248,PIT,-1.8331076142452871,-1.8133504080099094,-1.7966515778223848,-1.402563892134935,-1.236037441115311,-1.2435277393623152,-1.3391328911661586,-1.2423306251942206
249,POL,0.25032717013311157,1.147171273461537,1.2085176082414495,1.487006664217394,-0.1827731174191463,-0.1831722245305914,-0.20621685197364126,-0.18062671854660986
250,POR,0.11126927913294059,0.284406885223792,0.24429604829471718,0.22282571417473357,0.12652711534197178,0.13742435596848665,0.7097415895114955,0.11946204659580006
251,PRM,-0.006813347367150472,0.16584170578688465,0.1257734999404394,-0.11428314033426723,0.23063542292863307,0.2328979710297057,0.24476644697031008,0.2329865000421007
252,PUE,0.2172628054809549,-0.26183367054995,-0.2779331071669218,-0.689144955529535,-0.018225098434031965,-0.006586798275140529,0.6557222700598034,-0.02704536535068559
253,QLD,0.8907129236050236,0.7714929645375028,0.7581161334261102,0.7850773051841521,1.1056091259056058,1.108712087402439,0.9991752274379837,1.1054890324454107
254,QUE,-0.24001094625727942,-0.470539626731991,-0.5256096316637282,-0.8794555567469102,-0.22271567009516358,-0.23736393982147805,-0.8631147472077073,-0.20610484082928174
255,REU,-0.9847576143361562,0.2939577551016437,0.3359747485169206,0.44867578010524534,-0.6899075767355481,-0.6799332157312197,0.05150410566818391,-0.7052829869584979
256,RHO,-0.6971096871339764,-0.8739629620868535,-0.9339887333926121,-1.3179965351081981,-0.3474422171604421,-0.3692845338688774,-1.180983026209757,-0.3246434374851047
257,ROD,-1.8331076142452871,0.6320561426446769,0.8700402308273363,0.7381508259493168,-1.1752356696543027,-1.158558123429878,0.17355951953715976,-1.2060105786845499
258,ROM,0.6291252501801798,1.097883461677202,1.0811259422486064,1.3275419144392684,0.24426737858656275,0.24886460087680948,0.39146654516908563,0.24426847491863224
259,RUC,-0.006813347367150472,1.013313502661971,1.0847557911090668,1.420700152050666,-0.3189717372743133,-0.30982507945405147,0.2657566252603755,-0.32821729248442616
260,RUE,0.11126927913294059,0.2152057609461804,0.17669810725391924,0.4322445405523636,-0.23142759609751043,-0.23586484799688606,-0.4432956610324146,-0.2255828126697146
261,RUN,0.07338885692247045,-0.0811562997169778,-0.04147383512288535,0.4114478232849342,-0.40369495749788165,-0.41319988813033154,-0.788016160568644,-0.3945714391446942
262,RUS,0.14781400305322098,1.0501182453166746,1.1077842844481582,1.5053363981442065,-0.15567209650769634,-0.15074932270906374,0.11417489239281878,-0.158774985658352
263,RUW,-0.09380672076892609,0.10042092760194318,0.14442511457817092,0.5608373403364002,-0.47235930991828173,-0.47701797458376327,-0.6258319353342199,-0.46921946391245795
264,RWA,0.4016219149117465,1.4755843418574341,1.4701142513362095,0.9819426073953877,0.5747556942199631,0.5804292699924609,0.7138119810848711,0.5742292859638768
265,SAK,-0.879082920465226,-1.0248059132612526,-1.0547854637014387,-0.4432881353834384,-0.672276281235124,-0.6787639162190328,-0.8518483212693415,-0.6701694252145826
266,SAM,-0.6174419642785243,-0.13506946048456428,-0.18447363269278483,0.4874508579625203,-0.40033781055945544,-0.38441305158309413,0.7141825051392175,-0.4175995316202621
267,SAR,-0.006813347367150472,0.6156362023327717,0.5839794900118507,0.6216059859339365,0.18958456878963162,0.20115060788061231,0.8034560808856586,0.18217198196884613
268,SAS,-0.7838444495028952,0.7137097246912815,0.8395547009391658,0.766284989470314,-0.8610006595428188,-0.8463853689598219,0.2750906395069755,-0.8840837529949335
269,SAU,0.2172628054809549,-1.1615440009368134,-1.2125058771534325,-1.435228013796644,0.4760981237204415,0.4620491810107904,-0.355939008148424,0.495919386370845
270,SCA,-0.3507090239236603,-0.8187090183170329,-0.8654612289885828,-0.8461314199144753,-0.0635100569810441,-0.06887094992791512,-0.3667749078742387,-0.05511262528316628
271,SCI,-0.7838444495028952,-0.7633563588590582,-0.7837916773472514,-0.03290126047960077,-0.7203485350063467,-0.7152528629629192,-0.29263556946108965,-0.7311430914536257
272,SCS,-0.9847576143361562,0.7247676644717237,0.6966559787633235,0.8570845995294928,-0.13137959244539843,-0.12934848851560563,-0.036530312646155465,-0.13125629786138085
273,SCZ,-1.2393864426907168,1.300082786127943,1.2893042017132543,1.3485767527764436,-0.23107133974607896,-0.22566723050930557,0.08847522658263665,-0.23544497328042913
274,SDA,-0.4751560959681369,-1.4651294925831428,-1.501984650168464,-1.604853061502775,-0.36324728343615137,-0.3866312935590309,-1.235386057615053,-0.33900720708198717
275,SEL,-1.5900336236727,-0.9552812353979377,-0.8928547612475082,-0.5866850909604413,-1.5028223205762938,-1.4920196740579628,-0.7357645850586543,-1.531921016336221
276,SEN,0.8726820941457922,-0.15349889457686097,-0.19745437611252556,-0.1000627819057113,0.9108293915253144,0.9123201231904094,0.7395158198173166,0.9136192047541415
277,SEY,-1.1035573850157074,-0.06910784394878759,-0.03657634933277777,0.48731610939562603,-0.5110512127021201,-0.49718069527978465,0.47265562513861104,-0.527717435962652
278,SIC,0.03406745253172233,0.5555891760590989,0.5572567108376653,0.8783866406042404,0.09188622064037655,0.10053053393544939,0.531466503894664,0.08692849481599729
279,SIE,1.1591094026752593,0.17615618967569066,0.14846128946613651,0.2536140113973128,0.8835104388871569,0.8948503998482533,1.338485385597336,0.876366311714752
280,SIN,-0.2938402379697424,-0.746750382208046,-0.7488129650351618,-0.7129509018288328,-0.27290104377627,-0.2726965171699972,-0.23954270716561793,-0.27234086498386423
281,SOA,-1.8331076142452871,-1.4648070431150724,-1.1759440966040726,-1.4979303982730277,-1.7367258442336733,-1.7347463271983692,-1.589060092094648,-1.756358829610044
282,SOC,-0.6174419642785243,-0.7733905272962389,-0.8200360829379497,-1.0710816280452877,-0.3265187141714954,-0.3247399750342866,-0.19271917743868966,-0.32821729248442616
283,SOL,0.2823787880413752,1.7607869799562053,1.7652152464555213,1.7686622336633173,0.4770018577500428,0.48949895199478205,1.0890187308425805,0.4694686066830499
284,SOM,0.4016219149117465,0.7675581319018464,0.740715013854361,0.3275033436896259,0.5829320410696824,0.5862427236363329,0.578101510456002,0.5848260649978371
285,SPA,0.5585481621598753,0.7404828994763516,0.7122346483539364,0.8540240593748767,0.3841387835072595,0.39031966654208256,0.5954326942514936,0.382944037649741
286,SRL,1.3979928118680731,1.3971145973535066,1.3888664750212314,1.1583057569847663,1.7747756986786836,1.7717743514981128,1.2510795965793151,1.7728822090443885
287,SUD,1.1450026625869318,1.7643338791616654,1.7687152671186694,1.0492344942013525,1.4962845803121023,1.5022632936715934,1.5273126717904373,1.4892457181172212
288,SUL,1.0092418855359944,0.8841131104709858,0.8751849923076481,0.9777231202107644,1.037614576796258,1.0411956061793208,0.969274522225426,1.037501697231211
289,SUM,1.4746181871710922,0.4099489316785746,0.37276677168876143,0.0057180120635069165,1.734684633895771,1.7278587993571648,1.0065062418252215,1.7373222142222695
290,SUR,1.2138132728808655,0.08063651722509631,0.039071337922665726,0.23686823626416256,0.6602960569769696,0.6670119769613878,0.8475897560791075,0.6586024769381555
291,SVA,-2.1678427269782197,-2.3606019532695637,-2.3994999812252393,-2.2593797410798873,-2.571529412626809,-2.5612778365217377,-2.3518031393371666,-2.4930289256549956
292,SWC,-0.3507090239236603,-0.7488816515203751,-0.7715745981486293,-1.0037614211565409,-0.2112404377301158,-0.2054498818897039,0.12668615429111002,-0.21580330628983935
293,SWE,-0.18890272909742223,0.33447832648225684,0.387107199383143,0.7257215046044568,-0.5276631552785291,-0.5300088659998033,-0.5554295225585596,-0.527717435962652
294,SWI,0.606112240077248,1.0267392472239274,1.0079089567752142,1.1173962007331424,0.0884518222280117,0.09128944068111663,0.1711235366558264,0.08946059560999997
295,SWZ,0.4016219149117465,1.8213293830145387,1.8311381277923884,1.4943086232083767,0.3073394918802624,0.3199926997316941,0.9694547274220038,0.29929510727611736
296,TAI,1.3634929629245698,0.8889965515106797,0.8648587451141511,0.3670609949235823,1.7643123262352065,1.7512185742524269,0.7200266544095116,1.7728822090443885
297,TAN,1.5758211970559006,0.7815755195435228,0.754336695019185,0.6609923581297086,1.5396108404010946,1.5409116525627966,1.2797908386267345,1.5367737021479928
298,TAS,-1.8331076142452871,-0.8928821505881346,-0.9528164610399542,0.06057480266558881,-1.6776209142555565,-1.6722359002452793,-1.3464971605750995,-1.7013845260156326
299,TCI,-0.879082920465226,-1.5173989640663987,-1.5132808701656417,-1.6713679621800914,-0.4360028023647697,-0.43607081932543423,-0.3724813477638814,-0.4371651852415534
300,TCS,0.48297785673039295,1.4852844629654718,1.4812239992918455,1.7238073566619747,0.16279699597679892,0.16663968160062456,0.28514239569483024,0.1631962805375889
301,TEN,-0.4109959271303944,-0.09567957415041796,-0.14415466732059615,-0.40964404541112026,-0.10560533841144151,-0.11011405349446748,-0.3566614122616397,-0.09845670719167675
302,TEX,0.18311706435543804,-0.5879560510792914,-0.5973877012780161,-0.7145513631626087,0.08490435438776968,0.0842898472140045,-0.022012662184001053,0.08946059560999997
303,THA,2.258382361683243,0.3204767428160774,0.2810613957254535,0.4350496680850215,2.5340811632532994,2.516805570527954,1.2369219791229353,2.5312774665292084
304,TKM,-0.24001094625727942,0.30823397567585603,0.3515955757219933,0.6857168710682703,-0.3955352095307186,-0.38980617608569595,-0.011293449418418375,-0.4021941851920022
305,TOG,0.797418931155874,0.5655580287775059,0.532388319438533,0.4815726671285052,0.921548377812709,0.9306989509748216,1.2220156858288334,0.9164484770731399
306,TOK,-1.8331076142452871,-1.9747347699875093,-1.9816175944802426,-1.6426610245757987,-2.2351088590906003,-2.218364988665145,-2.202723060518035,-2.2402523119487814
307,TON,-0.6174419642785243,-0.144209463064508,-0.19379076955793972,0.4508306175780775,-0.42363481763010563,-0.40779193937139946,0.6915563094679122,-0.4411206774268524
308,TRT,0.6291252501801798,0.07545051909825305,0.06147162817948394,0.11163507154559027,0.2879341279578461,0.2964075170081533,0.6677490984945508,0.2841131903238768
309,TUA,-1.3982377258940535,-0.6296049822185567,-0.6369352222195336,0.16689209226963556,-0.9034842944496031,-0.9003599634358491,-0.5553572815210204,-0.91533004439387
310,TUB,-1.2393864426907168,-1.5169377831788236,-1.4880481877648,-1.1898634537320518,-1.1003067662281694,-1.1065031570128407,-1.1714976289421266,-1.1057490531279404
311,TUE,0.14781400305322098,0.29021448845159403,0.27574280942773166,0.3831141785270466,0.15060177167733207,0.15653443935052244,0.4021312645406521,0.14878129270290302
312,TUN,-0.18890272909742223,-0.755902056302838,-0.7739130204618219,-0.9349589189315081,-0.030455054474767783,-0.02807111362313252,0.05731813118433513,-0.02982353277496376
313,TUR,0.7165472154778854,0.831513860696174,0.805708800286714,0.8682389898485274,0.5235795871614128,0.5286096100001205,0.6337718577392963,0.5237244798102271
314,TUV,-1.8331076142452871,-1.9747347699875093,-1.9816175944802426,-1.6426610245757987,-2.2351088590906003,-2.218364988665145,-2.202723060518035,-2.2402523119487814
315,TVA,-0.18890272909742223,0.15220776936181946,0.15221588705587874,0.3012577511306702,-0.5102940050715719,-0.520127896003027,-0.8753367067732544,-0.5022540994288661
316,TVL,0.7165472154778854,0.5062120304136533,0.47210040449247787,0.24103694689570304,0.8250717147994976,0.829968311813094,0.8697414667382858,0.8247676509523527
317,TZK,0.14781400305322098,1.7969569949973363,1.8042338947828618,1.9685166967242753,-0.12971834131237814,-0.12020309307646242,0.42732083425656575,-0.1373170958757023
318,UGA,1.2003870558998841,0.8257002887251048,0.7997253450629932,0.5655168721020979,1.3101602806275543,1.3127923345550643,1.1507739437651305,1.3086694402454557
319,UKR,0.5339483941819497,1.4878756982376722,1.482685949909248,1.6060988055706045,0.27926116983203003,0.28564855714546067,0.5276945594535747,0.2775539850605987
320,URU,-0.2938402379697424,-0.47274300020469323,-0.5263372371972528,-0.19633804357984538,-0.5253848127075925,-0.508820585020675,0.6823201156743308,-0.545039131234841
321,UTA,-0.049387378980997654,-0.7297731165667498,-0.7865734851615994,-0.9677342730507735,-0.18524621641178182,-0.19707266434976942,-0.7306566853416958,-0.17121237184826357
322,UZB,0.07338885692247045,1.7958292336335726,1.8030500275600474,1.9761432136199724,-0.11006782743131632,-0.09886278149425404,0.5586151462308138,-0.11922568501538133
323,VAN,-0.006813347367150472,-0.2686506668734533,-0.3205448325527598,0.3762801165809338,-0.205021572151128,-0.1899897200726236,0.7767011617768766,-0.21905405856288637
324,VEN,1.6416745422574683,0.8973848312922768,0.8738138250328572,0.8851615270513465,1.1221750406432935,1.1315656370336182,1.411537390260296,1.1155097800901344
325,VER,-0.4751560959681369,-0.7479424822875642,-0.8066948132422167,-1.1258318591736802,-0.2756653536270438,-0.2943061327675246,-1.0358722598444636,-0.25542396860910316
326,VIC,-1.5900336236727,-2.038113366927647,-2.0794355959071047,-1.8147088940562595,-2.0663933080445007,-2.057734179226111,-2.0194565455509643,-2.0806051475146243
327,VIE,2.236612563226658,0.596415864441523,0.5640582607064538,0.6102481315385335,2.695919334574245,2.674779405083692,1.2102527338065674,2.692950188817828
328,VNA,-0.18890272909742223,0.38734558241716477,0.410699735475654,0.17142321972266114,-0.29924462241018895,-0.28796513542301344,0.4285650171405699,-0.3104596985399629
329,VRG,-0.3507090239236603,-0.03190673806701876,-0.07909376145693546,-0.34822757579536745,-0.038921316884739036,-0.042083911735883675,-0.24313174997794393,-0.032607956461431636
330,WAL,-0.879082920465226,-0.9250618616115787,-0.9846009388196507,-0.6138009597350115,-0.6842358401910482,-0.6686990214887499,0.4847200384511316,-0.7052829869584979
331,WAS,-0.6971096871339764,-0.831693840867694,-0.8877191032623143,-0.4254972486996479,-1.0261631754102696,-1.018491965494798,-0.38280533324467697,-1.0449316834123132
332,WAU,-0.2938402379697424,1.4323583055527613,1.4495204305770955,1.1229194482955969,0.5920284938753242,0.5990621183940956,0.8127196346633005,0.5900956385294077
333,WDC,-1.2393864426907168,-1.4380254660513754,-1.4600150789657225,-1.5784476192197634,-0.432356798566345,-0.4585226210484976,-1.3522439997950926,-0.4060253762901515
334,WHM,1.278625227999623,1.9693535837744554,1.9811680121176443,1.5151305957701608,1.2945601155069673,1.2985022234356924,1.2159946061460956,1.2918930035623475
335,WIN,0.2823787880413752,0.0365410377258974,0.03015398321787759,-0.22636280607924758,-0.008797456820429966,0.0013354617079583307,0.557397836452218,-0.015994602177393326
336,WIS,-0.4109959271303944,-0.8687367233952645,-0.9287158287035169,-1.3022021373466213,-0.3322007728369223,-0.35287163759932094,-1.1361538470791508,-0.3104596985399629
337,WSA,-1.8331076142452871,-2.0665796820719704,-2.0970747139822383,-2.1051465159697615,-1.1897703150730075,-1.2117281546942902,-1.7158850243600425,-1.179792027702312
338,WSB,0.3436870812752859,0.38371476838810276,0.34715877825987795,0.48497562706709746,-0.2108440872301275,-0.21401231408279037,-0.3673506110547708,-0.20610484082928174
339,WVA,-0.7838444495028952,-1.16791953306988,-1.2088764020715466,-1.4604893573326343,-0.3980349935693331,-0.4235024683766918,-1.313574647510906,-0.3720127267932626
340,WYO,-0.3507090239236603,-0.8763132721799938,-0.9343214827870576,-0.7136940105506886,-0.4346487385476211,-0.4409368700054235,-0.6728069103642528,-0.42929692006628095
341,XMS,-1.5900336236727,0.6833606648674899,0.6727192344635746,0.9806852371520194,-0.25927695266357065,-0.25560822309963477,-0.03593240490004872,-0.2621609842843549
342,YAK,-0.2938402379697424,0.2053259284462646,0.21137526648546132,0.346087579440935,-0.5732257723385797,-0.5778419529871255,-0.6966163739404697,-0.5715683279862545
343,YEM,0.18311706435543804,-1.1750921336351707,-1.2314120194189164,-1.4718269575767724,0.428611386452793,0.4164833056874425,-0.3112367718984085,0.44639598801183883
344,YUG,0.8357008559823083,0.8638182078253491,0.8390051687868131,1.043018129271603,0.5581339875999138,0.5615054012239713,0.5619855789099109,0.5599787527107839
345,YUK,-1.1035573850157074,-0.0945069675345605,-0.142837839440437,0.5037747170516975,-1.2228829286228287,-1.2350486832811713,-1.4848330801091365,-1.223967559748522
346,ZAI,1.8113657708287292,0.7727976046615612,0.7453091211268614,0.6127475306449743,1.7071607339575072,1.7084433023851957,1.435194699525903,1.7019634191778195
347,ZAM,1.0867110221063423,0.258016933058629,0.2171878746704574,0.16680359679648443,1.0707849814148414,1.0736116900771873,0.9527396155055529,1.07120886207735
348,ZIM,1.0092418855359944,0.3575184955711213,0.31901917090079823,0.2322041315681033,1.0549860660268906,1.0588698396657472,1.002403151066052,1.0544428507005827
