,Genus,num_species_in_data,FAD,MFAD,APWD,N,MFAD_minmax,APWD_minmax,FAD_minmax,H,Hbc,G,J,H_minmax,Hbc_minmax,G_minmax,J_minmax
0,Acokanthera,4.0,179.55340319447822,8.550162056879916,0.8550162056879915,21.0,0.0388338089457861,0.8992411818442669,0.001565278287642,1.0861895081867026,1.4030271981873292,0.495274102079395,0.6062139069674717,0.6144674296320977,0.7937053850084425,0.6103937547374368,0.6062139069674717
1,Adenium,2.0,157.88510620512528,5.444314007073285,0.3888795719338061,29.0,0.0247274202038578,0.408994032551072,0.0013763823146101,-0.0,-0.0,0.0,-0.0,0.0,0.0,0.0,0.0
2,Adina,6.0,5882.601818908826,47.44033724926473,0.77138759754902,124.0,0.215468312858375,0.8112869560429348,0.0512822855939318,1.056717340321649,1.1009305081382543,0.612096,0.6565753994967588,0.5977947522611317,0.6228065100650625,0.7543692959739554,0.6565753994967588
3,Afrocanthium,1.0,,,,,,,,,,,,,,,
4,Aganosma,1.0,54.35948221052677,4.1814986315789815,0.696916438596497,13.0,0.0189918644682461,0.7329638405928676,0.0004738852938333,0.6172417697303416,0.6203112195798863,0.4260355029585799,0.8904916402194913,0.3491793658925468,0.3509157598639605,0.52506159561045,0.8904916402194913
5,Aidia,1.0,5.994266898001324,1.1988533796002647,0.5994266898001324,5.0,0.0054450480339077,0.6304315185828978,5.225573928894205e-05,-0.0,-0.0,0.0,-0.0,0.0,0.0,0.0,0.0
6,Alafia,1.0,84.88363834264499,4.993155196626176,0.624144399578272,17.0,0.0226783110837548,0.6564277305909412,0.0007399832791244,0.4659992569610425,0.4777138462074574,0.2906574394463668,0.6722948170756379,0.2636200805450062,0.2702471147514623,0.3582167633259298,0.6722948170756379
7,Alberta,1.0,7.430823754525796,1.4861647509051592,0.7430823754525796,5.0,0.0067499817681436,0.7815176707346095,6.477909566356646e-05,-0.0,-0.0,0.0,-0.0,0.0,0.0,0.0,0.0
8,Alibertia,1.0,121.93887306347908,6.096943653173954,0.6417835424393635,20.0,0.0276915856571472,0.674979242910365,0.0010630167238828,0.1985152433458726,0.3252127326074071,0.095,0.2863969571159562,0.1123019053324916,0.1839758327403042,0.1170814432989691,0.2863969571159562
9,Allamanda,3.0,1384.619919131222,23.076998652187036,0.7822711407521028,60.0,0.1048129556772659,0.8227334411358322,0.0120705899052513,1.0717834050802586,1.0717834455699005,0.6494444444444445,0.9755792977517328,0.6063177641454467,0.6063177488011546,0.8003988726110809,0.9755792977517328
10,Alstonia,30.0,80595.95505799874,181.11450574831176,0.8158311069743773,445.0,0.8226003281284017,0.8580292676799486,0.7026048867891338,0.4651103295183986,0.4797544964081303,0.2082868303571428,0.2595830174229705,0.2631172060864573,0.2714015293310836,0.256700239140861,0.2595830174229705
11,Alyxia,3.0,65.82680680684561,5.063600523603508,0.8439334206005847,13.0,0.0229982652964074,0.8875851492523391,0.0005738530688163,0.666278442414676,0.6669479255888184,0.4733727810650887,0.961236604722876,0.3769198642079423,0.377298573216523,0.5834017729004998,0.961236604722876
12,Amaioua,1.0,,,,,,,,,,,,,,,
13,Amalocalyx,1.0,1.0853878289819237,0.3617959429939745,0.3617959429939745,3.0,0.0016432337111415,0.3805095262522835,9.461998336707646e-06,-0.0,-0.0,0.0,-0.0,0.0,0.0,0.0,0.0
14,Amsonia,6.0,1171.0173657440569,21.68550677303809,0.8183210103033242,54.0,0.0984929667197465,0.8606479591121168,0.0102084840745994,1.0098709337000304,1.017897742834749,0.5401652892561983,0.7284678939934706,0.5712933076722025,0.575834111355558,0.6657192809065348,0.7284678939934706
15,Anodendron,2.0,1555.8504504320829,23.936160775878196,0.7480050242461935,65.0,0.1087151668333728,0.7866949392934104,0.0135633125607854,0.2164084047584739,0.2823315789161995,0.0889940828402364,0.1969834189829009,0.1224242318863065,0.1597175698612535,0.1096795333052936,0.1969834189829009
16,Anthocleista,5.0,212.0609193664133,9.220039972452753,0.8381854520411592,23.0,0.0418763139670126,0.8815398719743226,0.0018486664515187,1.210869382492037,1.4601781678393717,0.5729166666666667,0.6757990697343524,0.6849999852440075,0.8260362139687686,0.7060832655091337,0.6757990697343524
17,Antonia,1.0,21.003634742940186,2.33373719366002,0.583434298415005,9.0,0.0105995539856866,0.6136119345399191,0.0001831017003285,0.6365141682948128,0.6463081169323078,0.4444444444444444,0.9182958340544894,0.3600819396326721,0.3656224437035803,0.5477494423343582,0.9182958340544894
18,Apocynum,4.0,990.1534398183531,20.20721305751741,0.8419672107298922,49.0,0.0917787342487849,0.8855172388710936,0.0086317811481582,1.0020954898852816,1.0515870003134684,0.5889212827988339,0.7228590968773462,0.5668946673437082,0.594892434039781,0.7258079345217663,0.7228590968773462
19,Apteranthes,1.0,,,,,,,,,,,,,,,
20,Araujia,1.0,337.7984692963601,9.38329081378778,0.5361880465021589,36.0,0.0426177796773077,0.5639219109764085,0.0029447985957448,0.126930545341402,0.2088722084269334,0.0540123456790124,0.1831220683013725,0.0718057809893017,0.118160928612966,0.0665667725059117,0.1831220683013725
21,Argostemma,1.0,,,,,,,,,,,,,,,
22,Asclepias,20.0,28116.465026843245,102.24169100670272,0.7462897153773921,275.0,0.4643694784303617,0.7848909075520848,0.2451086498432811,0.5946295117767065,0.6031252927172175,0.2549557476321102,0.3318690493835599,0.336387402871155,0.3411935230357046,0.3142167043172124,0.3318690493835599
23,Asperula,1.0,7.89077903324495,1.57815580664899,0.789077903324495,5.0,0.0071677940926015,0.8298922776343827,6.87888108694968e-05,1.0549201679861442,1.3572884455193177,0.6399999999999999,0.9602297178607612,0.5967780752841582,0.7678305521163413,0.7887591969614757,0.9602297178607612
24,Aspidosperma,32.0,6063.318674687691,48.89773124748138,0.7950850609346566,124.0,0.2220876213239895,0.8362101502933457,0.0528577064187614,0.2101409544536188,0.2594957382175589,0.077824,0.1515846564389547,0.1188786774041974,0.1467991248324452,0.0959131183505154,0.1515846564389547
25,Baroniella,1.0,7.033144366918656,1.406628873383731,0.7033144366918656,5.0,0.0063887393669522,0.7396927696242034,6.13122779937837e-05,0.5004024235381879,0.7913473065443453,0.3199999999999998,0.7219280948873623,0.2830822693974414,0.4476724467121209,0.3943795984807376,0.7219280948873623
26,Bathysa,1.0,,,,,,,,,,,,,,,
27,Beaumontia,3.0,74.91571552044407,4.994381034696271,0.7134830049566102,15.0,0.0226838786930113,0.7503872983164349,0.0006530867186087,0.6909233093138181,0.6909555238369107,0.4977777777777777,0.9967916319816368,0.3908616928695187,0.3908798922638291,0.6134793754144812,0.9967916319816368
28,Benkara,1.0,,,,,,,,,,,,,,,
29,Blackstonia,1.0,21.392604072950764,2.1392604072950765,0.4753912016211281,10.0,0.0097162637841857,0.4999804017049795,0.0001864925870285,0.4741393130578373,0.5124438382305263,0.2975206611570247,0.6840384356390417,0.2682249854065976,0.2898941905356123,0.3666752465213471,0.6840384356390417
30,Boucerosia,1.0,7.1606066025249016,1.0229438003607003,0.3409812667869,7.0,0.004646087856723,0.3586182288620845,6.242344529186424e-05,-0.0,-0.0,0.0,-0.0,0.0,0.0,0.0,0.0
31,Bousigonia,2.0,2.172384609784508,0.7241282032615026,0.7241282032615026,3.0,0.0032889033109127,0.7615831103267527,1.893802290352809e-05,-0.0,-0.0,0.0,-0.0,0.0,0.0,0.0,0.0
32,Bouvardia,1.0,2.156648437601003,0.7188828125336677,0.7188828125336677,3.0,0.0032650793763468,0.7560664062854091,1.8800840938657407e-05,0.6365141682948128,1.0662472192320789,0.4444444444444444,0.9182958340544894,0.3600819396326721,0.603185854663513,0.5477494423343582,0.9182958340544894
33,Breonadia,1.0,0.8823529411764706,0.4411764705882353,0.8823529411764706,2.0,0.0020037705316256,0.9279918864097364,7.692017395875835e-06,-0.0,-0.0,0.0,-0.0,0.0,0.0,0.0,0.0
34,Breonia,1.0,52.24099103344999,4.353415919454165,0.7915301671734847,12.0,0.0197726921376411,0.8324713827169408,0.0004554170933813,0.6829081047004717,0.6830541399031924,0.489795918367347,0.9852281360342516,0.3863274176444153,0.3864100067296685,0.603642242572558,0.9852281360342516
35,Buchozia,1.0,,,,,,,,,,,,,,,
36,Burchellia,1.0,,,,,,,,,,,,,,,
37,Callichilia,3.0,149.34016918265286,7.111436627745374,0.7111436627745374,21.0,0.0322992908783188,0.7479269556766687,0.0013018908031568,-0.0,-0.0,0.0,-0.0,0.0,0.0,0.0,0.0
38,Calotropis,2.0,1481.068307083453,23.509020747356395,0.7583555079792386,63.0,0.1067751481354388,0.7975807928747164,0.0129113902735751,0.494931407168099,0.5592702947449618,0.2302847064751826,0.3570175433508064,0.2799872649428175,0.3163843474936449,0.2838112189873034,0.3570175433508064
39,Calycophyllum,1.0,64.60773540619618,4.307182360413079,0.6153117657732969,15.0,0.019562704866436,0.6471382364167433,0.0005632256679396,0.3926744672275521,0.4282343250170821,0.231111111111111,0.5665095065529053,0.2221395702507497,0.2422560947148025,0.2848297100138661,0.5665095065529053
40,Canscora,2.0,230.1236437944599,8.218701564087853,0.6087927084509521,28.0,0.0373283552053151,0.6402819864742773,0.0020061304141052,0.8401356023131106,0.8504459143237431,0.4911111111111111,0.7647243809111579,0.4752724641555059,0.4811050724670687,0.6052631337794658,0.7647243809111579
41,Canthium,1.0,20.402360786298672,2.266928976255408,0.566732244063852,9.0,0.0102961190877935,0.5960459808257754,0.0001778600226298,1.0608569471580214,1.1113254940861212,0.6419753086419753,0.965633607142825,0.6001365660544535,0.6286870491840251,0.7911936389274062,0.965633607142825
42,Caralluma,2.0,144.2050184869808,6.0085424369575335,0.5224819510397856,24.0,0.0272900779525814,0.5495068795418434,0.001257124512211,-0.0,-0.0,0.0,-0.0,0.0,0.0,0.0,0.0
43,Carapichea,3.0,2402.3459679591147,31.199298285183307,0.8210341653995608,77.0,0.1417034648921647,0.8635014498167795,0.0209427385733141,0.8111291402055163,0.8806668477125457,0.5245954174010575,0.5851059940475135,0.458863240829708,0.4982013323269373,0.6465304064983255,0.5851059940475135
44,Carissa,3.0,1138.3657318810174,21.891648690019565,0.8584960270595908,52.0,0.0994292385431951,0.9029009939764662,0.0099238395474974,1.338186915314305,1.4331487770542666,0.6984692061231756,0.7468563377487475,0.757024688622888,0.8107454391018575,0.8608187658188055,0.7468563377487475
45,Cascabela,2.0,2220.8202908910107,28.84182195962352,0.7589953147269346,77.0,0.1309960906211312,0.7982536930748795,0.0193602667520673,0.6717232186530262,0.6861186455155299,0.4095125653567213,0.6114288230540205,0.3800000243778616,0.3881436257286753,0.5046981284318771,0.6114288230540205
46,Catharanthus,6.0,57415.36512486398,156.87258230837153,0.8595757934705289,366.0,0.7124964240056126,0.9040366103741768,0.5005253189751521,1.315689009916,1.315690476333968,0.6409529371205032,0.7343000176708089,0.7442974158974491,0.744298198509452,0.7899336312082302,0.7343000176708089
47,Catunaregam,3.0,575.8999187240704,14.766664582668472,0.7771928727720249,39.0,0.067068416639943,0.817392504122302,0.0050204764855235,0.8528530929155265,0.9711607582733488,0.5088757396449703,0.6152034638780222,0.4824668659637893,0.5493945695039346,0.6271569058680372,0.6152034638780222
48,Centaurium,5.0,1011.99918783662,20.2399837567324,0.8261217859890775,50.0,0.0919275748279305,0.8688522231954091,0.0088222240717783,1.0594566565733778,1.193533811880518,0.5453898184407262,0.5912940184040575,0.5993444087469131,0.675193050357914,0.6721581800379254,0.5912940184040575
49,Cephalanthus,5.0,344.72135170533375,11.490711723511124,0.7924628774835258,30.0,0.0521894322883479,0.8334523366637082,0.0030051496519202,1.1396856259428152,1.175956066230318,0.6377777777777778,0.8221094003600669,0.6447306771824913,0.6652491580392923,0.786020449749804,0.8221094003600669
50,Cerbera,4.0,1863.773851878488,26.62534074112126,0.771749006989022,70.0,0.1209290991888484,0.8116670590746611,0.0162476716760448,0.7165994874445631,0.7554498614035423,0.4741122793096608,0.6522769632527272,0.4053869438131716,0.4273649319660694,0.5843131573404109,0.6522769632527272
51,Ceriscoides,1.0,,,,,,,,,,,,,,,
52,Ceropegia,2.0,124.35561847183048,4.974224738873219,0.4145187282394349,25.0,0.0225923312187249,0.4359593521138884,0.0010840849913015,-0.0,-0.0,0.0,-0.0,0.0,0.0,0.0,0.0
53,Chassalia,2.0,3.4661728584082576,0.8665432146020644,0.5776954764013763,4.0,0.0039357351843461,0.6075762769048958,3.021677684718752e-05,0.5623351446188083,0.8922673623509298,0.375,0.8112781244591328,0.3181181813130895,0.5047638501093799,0.4621635919696147,0.8112781244591328
54,Chimarrhis,2.0,342.7255760059593,11.055663742127718,0.7370442494751812,31.0,0.0502134966184855,0.7751672278963113,0.0029877512383359,0.793807480627502,0.864625007270246,0.5119667013527576,0.7225547072569756,0.449064218138324,0.4891263157050576,0.6309663191094012,0.7225547072569756
55,Chiococca,1.0,206.7821354499844,8.990527628260192,0.8173206934781994,23.0,0.0408338964706212,0.8595959017615545,0.0018026480207759,1.0014223119682,1.1131863987427848,0.551984877126654,0.7223735016560413,0.5665138443830032,0.6297397800568759,0.6802861694020289,0.7223735016560413
56,Chione,1.0,32.1938817681045,3.2193881768104498,0.7154195948467665,10.0,0.0146220743593954,0.7524240566491855,0.0002806540184145,0.639031859650177,1.0001114412098489,0.3399999999999998,0.5816718657178868,0.3615062208691206,0.5657722370046497,0.4190283233857838,0.5816718657178868
57,Chironia,4.0,147.67393477079733,6.712451580490788,0.6392811029038845,22.0,0.03048714872309,0.6723473668471889,0.0012873652051976,0.9680045912248362,0.9704140534660426,0.5729166666666666,0.8811157504877227,0.5476091313337879,0.5489721517294707,0.7060832655091336,0.8811157504877227
58,Chonemorpha,1.0,4.62608490843785,1.1565212271094625,0.7710141514063084,4.0,0.0052527804825846,0.8108941937204277,4.032844900256963e-05,0.6931471805599453,0.7393569925972749,0.5,1.0,0.3921197573583957,0.4182610481295543,0.6162181226261529,1.0
59,Ciliosemina,2.0,79.44862553126934,4.965539095704334,0.6620718794272445,16.0,0.0225528820708435,0.6963169766389986,0.0006926029042869,-0.0,-0.0,0.0,-0.0,0.0,0.0,0.0,0.0
60,Cinchona,3.0,2897.181380159659,33.68815558325185,0.7926624843118082,86.0,0.1530075557577581,0.8336622679831086,0.025256525518555,1.084998839650615,1.0983213186538867,0.6206057328285559,0.7826612226671109,0.6137938574521058,0.6213304675856826,0.7648569991492812,0.7826612226671109
61,Coelospermum,4.0,34.21031217361191,3.421031217361191,0.760229159413598,10.0,0.0155379128265382,0.7995513573143014,0.0002982324918721,1.193549604098133,1.459463630587622,0.6599999999999999,0.860964047443681,0.6752020267558372,0.8256319936762215,0.8134079218665218,0.860964047443681
62,Coffea,22.0,43018.318616790086,139.2178596012624,0.9040120753328728,309.0,0.6323107943020168,0.9507713206087112,0.3750173424939025,1.7676925672643722,1.767692678779552,0.8114009985119179,0.90841428013649,1.0,1.0,1.0,0.90841428013649
63,Comastoma,1.0,0.2195121951219512,0.1097560975609756,0.2195121951219512,2.0,0.0004984990103068,0.2308662741799831,1.913623839949598e-06,-0.0,-0.0,0.0,-0.0,0.0,0.0,0.0,0.0
64,Coprosma,12.0,104.17851277109182,5.787695153949546,0.6809053122293582,18.0,0.0262870161231712,0.7161245525170836,0.0009081886568466,0.900908873225472,0.9352264217934734,0.537037037037037,0.820042596026009,0.5096524644099689,0.5290661849882023,0.6618639094873494,0.820042596026009
65,Coptosperma,1.0,,,,,,,,,,,,,,,
66,Cordiera,2.0,765.9702782809736,17.813262285604036,0.8482505850287637,43.0,0.0809056974240272,0.8921256152888721,0.0066774375992959,0.7321645598907871,0.7891149664112365,0.4694429421308814,0.6664449027585687,0.4141922489518995,0.4464095913753833,0.5785584969599791,0.6664449027585687
67,Corynanthe,4.0,43.43211489668602,3.6193429080571686,0.6580623469194852,12.0,0.01643862070283,0.6921000545187689,0.0003786246611016,0.271189373041844,0.4412193857327778,0.1420118343195262,0.3912435636292555,0.1534143312383377,0.2496018629422643,0.1750205318701495,0.3912435636292555
68,Coussarea,4.0,643.9352672161592,15.70573822478437,0.7852869112392186,41.0,0.0713335763130989,0.8259051997515919,0.0056135827808772,0.8786857869752522,0.8789659703794979,0.5080309339678764,0.7998142711843476,0.4970806594130109,0.4972391303822972,0.6261157367313916,0.7998142711843476
69,Coutarea,1.0,57.37110901159876,3.5856943132249226,0.4780925750966563,16.0,0.0162857928272509,0.5028215013947592,0.0005001395110096,-0.0,-0.0,0.0,-0.0,0.0,0.0,0.0,0.0
70,Coutoubea,1.0,5.805915817481238,1.1611831634962475,0.5805915817481238,5.0,0.0052739544376229,0.6106221808040612,5.06137661959972e-05,0.6730116670092565,0.7070860020527115,0.48,0.9709505944546688,0.3807289115045549,0.4000050520890865,0.5915693977211068,0.9709505944546688
71,Craspidospermum,1.0,0.8202247191011236,0.4101123595505618,0.8202247191011236,2.0,0.0018626810709718,0.8626501356063542,7.150407182233642e-06,-0.0,-0.0,0.0,-0.0,0.0,0.0,0.0,0.0
72,Crioceras,1.0,55.136901856658014,4.241300142819847,0.7068833571366412,13.0,0.0192634757484474,0.7434462894023295,0.0004806625426675,-0.0,-0.0,0.0,-0.0,0.0,0.0,0.0,0.0
73,Crossopteryx,1.0,54.85633429268543,4.219718022514264,0.7032863370857106,13.0,0.0191654523506432,0.739663216590144,0.0004782166613404,0.6172417697303416,0.6203112195798863,0.4260355029585799,0.8904916402194913,0.3491793658925468,0.3509157598639605,0.52506159561045,0.8904916402194913
74,Crucianella,2.0,34.19483509113142,3.108621371921038,0.6217242743842075,11.0,0.0141189848378174,0.6538824265075286,0.0002980975685527,0.5859526183035508,0.5969524130464751,0.396694214876033,0.8453509366224364,0.3314788041510824,0.3377014682544378,0.4889003286951296,0.8453509366224364
75,Cruciata,4.0,169.25213269413945,7.358788378006063,0.6689807616369148,23.0,0.0334227328140539,0.7035832148250311,0.0014754757288353,0.6460905050608089,0.6461102488260164,0.4536862003780718,0.9321115676166748,0.3654993617248044,0.3655105078967137,0.5591393173167362,0.9321115676166748
76,Cruckshanksia,2.0,1.8220957125066717,0.6073652375022238,0.6073652375022238,3.0,0.0027585799469724,0.6387806808213043,1.588433750655904e-05,-0.0,-0.0,0.0,-0.0,0.0,0.0,0.0,0.0
77,Cryptolepis,5.0,1290.9718524996608,23.472215499993837,0.8693413148145864,55.0,0.1066079831232704,0.914307244891203,0.0112542016732819,1.31454764753206,1.352394813976981,0.694214876033058,0.8167743765548241,0.7436517366627922,0.7650621797623214,0.855575575216477,0.8167743765548241
78,Cryptostegia,2.0,292.6706317358549,9.755687724528496,0.6728060499674825,30.0,0.0443091617104786,0.707606362896835,0.0025513912693173,0.6108643020548935,0.6108724432642123,0.42,0.8812908992306927,0.3455715735685016,0.3455761573250221,0.5176232230059685,0.8812908992306927
79,Curtia,1.0,7.006378497421447,1.1677297495702412,0.4670918998280964,6.0,0.0053036882451406,0.4912518256812738,6.107894332215699e-05,-0.0,-0.0,0.0,-0.0,0.0,0.0,0.0,0.0
80,Cyclocotyla,1.0,,,,,,,,,,,,,,,
81,Cynanchum,13.0,5274.048291003003,44.31973353784037,0.7511819243701756,119.0,0.2012949056739517,0.7900361618375985,0.0459771473612289,1.0159479883755789,1.016999059550939,0.4994444444444444,0.6312439768733096,0.57473115358958,0.5753257179596932,0.615533435823235,0.6312439768733096
82,Cyrtophyllum,1.0,10.696077910302009,1.7826796517170014,0.7130718606868006,6.0,0.0080967168277955,0.7499548879637041,9.324433966751116e-05,0.7963116401738128,1.2257860513918968,0.4489795918367346,0.7248340915057597,0.4504808443055009,0.6934384387665181,0.553338722358178,0.7248340915057597
83,Damnacanthus,4.0,124.77495675132104,6.238747837566052,0.6567102986911634,20.0,0.0283356432279584,0.6906780727613959,0.0010877406229542,0.4227090878059908,0.4341835549247441,0.2550000000000001,0.6098403047164005,0.2391304323127651,0.2456216287689286,0.3142712425393381,0.6098403047164005
84,Debia,1.0,1.0779340709683347,0.2694835177420837,0.1796556784947224,4.0,0.0012239617649835,0.188948213589277,9.397019308895112e-06,-0.0,-0.0,0.0,-0.0,0.0,0.0,0.0,0.0
85,Decalepis,1.0,20.603445950379957,2.575430743797494,0.7358373553707126,8.0,0.011697297056172,0.7738979082347149,0.0001796130066206,-0.0,-0.0,0.0,-0.0,0.0,0.0,0.0,0.0
86,Deppea,1.0,,,,,,,,,,,,,,,
87,Desmidorchis,3.0,237.9925793441209,7.67717997884261,0.5118119985895073,31.0,0.0348688292172069,0.5382850329993094,0.0020747288017915,0.2392170938165126,0.2648276824621144,0.1207075962539021,0.3451173149449526,0.1353273177963959,0.1498154547118204,0.1487644167005904,0.3451173149449526
88,Dimetia,3.0,355.2130478838236,11.840434929460788,0.8165817192731577,30.0,0.0537778330781118,0.8588187047528038,0.003096612269373,1.329661348854758,1.332191873209549,0.7222222222222223,0.9591479170272448,0.7522016969910679,0.7536331904306575,0.8900928437933322,0.9591479170272448
89,Dioecrescis,1.0,12.724744067051708,1.8178205810073869,0.6059401936691289,7.0,0.0082563227072118,0.6372819278244286,0.0001109294797514,0.7963116401738128,1.2257860513918968,0.4489795918367346,0.7248340915057597,0.4504808443055009,0.6934384387665181,0.553338722358178,0.7248340915057597
90,Diplorhynchus,1.0,2.210631364168222,0.7368771213894073,0.7368771213894073,3.0,0.0033468073655435,0.7749914552543766,1.9271443563590787e-05,-0.0,-0.0,0.0,-0.0,0.0,0.0,0.0,0.0
91,Diplospora,2.0,1292.583930648826,21.54306551081377,0.7302734071462293,60.0,0.0978460156179524,0.7680461695848274,0.0112682551575377,0.3602305211946064,0.3603773463156675,0.2061111111111111,0.5197027865043053,0.2037857305425504,0.203868778007543,0.2540188038825586,0.5197027865043053
92,Dischidanthus,1.0,73.47600035209196,4.898400023472798,0.6997714319246853,15.0,0.0222479444700715,0.7359665059897552,0.0006405358292726,0.2449300267946353,0.3995782774403453,0.1244444444444445,0.3533593350214213,0.1385591767089238,0.2260451051458909,0.1533698438536204,0.3533593350214213
93,Dischidia,1.0,36.79759562279208,3.679759562279208,0.8177243471731573,10.0,0.0167130258885556,0.8600204340959069,0.0003207874450778,0.6730116670092565,0.675273474551831,0.48,0.9709505944546688,0.3807289115045549,0.3820084128073961,0.5915693977211068,0.9709505944546688
94,Diyaminauclea,1.0,,,,,,,,,,,,,,,
95,Dolichopentas,1.0,33.48443035179899,3.348443035179899,0.7440984522621998,10.0,0.0152082260229668,0.7825863032412791,0.0002919045301913,0.3250829733914482,0.525614975403492,0.1799999999999999,0.4689955935892811,0.1839024383603857,0.2973452239256806,0.221838524145415,0.4689955935892811
96,Dunnia,1.0,0.8255813953488372,0.4127906976744186,0.8255813953488372,2.0,0.0018748457609861,0.8682838813151564,7.197104648699329e-06,-0.0,-0.0,0.0,-0.0,0.0,0.0,0.0,0.0
97,Duroia,1.0,9.803267706616229,1.6338779511027044,0.6535511804410817,6.0,0.007420877378903,0.6873555518432066,8.54611598338158e-05,0.6931471805599453,0.7041495167593095,0.5,1.0,0.3921197573583957,0.3983438553614803,0.6162181226261529,1.0
98,Dyera,1.0,3.4295978973945083,0.8573994743486271,0.5715996495657514,4.0,0.0038942054145371,0.6011651486812213,2.989793024596678e-05,0.5623351446188083,0.8922673623509298,0.375,0.8112781244591328,0.3181181813130895,0.5047638501093799,0.4621635919696147,0.8112781244591328
99,Echites,1.0,,,,,,,,,,,,,,,
100,Emmenopterys,1.0,0.2839506172839506,0.1419753086419753,0.2839506172839506,2.0,0.0006448347965972,0.2986377181779481,2.475373499413541e-06,0.6365141682948128,1.0662472192320789,0.4444444444444444,0.9182958340544894,0.3600819396326721,0.603185854663513,0.5477494423343582,0.9182958340544894
101,Enicostema,2.0,,,,,,,,,,,,,,,
102,Eumachia,7.0,99.8025196323222,4.752500934872486,0.4752500934872485,21.0,0.0215852883362606,0.49983199487452,0.0008700404127859,0.3676494774001419,0.592933112202546,0.1694214876033056,0.3346489759784661,0.2079827025403547,0.3354277128148305,0.2088011820468781,0.3346489759784661
103,Eustoma,1.0,170.60266273350135,7.754666487886425,0.7385396655129929,22.0,0.0352207636329601,0.776739993039527,0.0014872491361326,0.8367742263818622,0.925483017481834,0.5330578512396694,0.7616647246830963,0.4733709027677979,0.5235542515912918,0.6569598166840804,0.7616647246830963
104,Exacum,2.0,10.411246410845877,1.7352077351409794,0.6940830940563918,6.0,0.0078811050854286,0.7299839437489638,9.076128697230652e-05,1.0114042647073516,1.257316134209515,0.6111111111111112,0.9206198357143048,0.5721607271747318,0.7112752964941788,0.7531554832097426,0.9206198357143048
105,Exallage,2.0,38.64834417243209,3.864834417243209,0.8588520927207131,10.0,0.0175536136470716,0.9032754768269567,0.0003369215671222,1.0296530140645737,1.079211089679745,0.62,0.9372305632161296,0.5824842131106733,0.610519635361534,0.7641104720564297,0.9372305632161296
106,Exostema,2.0,86.00143585578142,4.777857547543412,0.5621008879462838,18.0,0.0217004550249648,0.5911750718055743,0.0007497278127627,0.2145591551764049,0.3510231045086939,0.1049382716049383,0.309543429150325,0.1213780943303112,0.1985769974173603,0.1293297294400568,0.309543429150325
107,Fadogia,1.0,17.754405311239122,2.2193006639048902,0.6340859039728258,8.0,0.0100797970146063,0.666883450730041,0.0001547761537751,0.6931471805599453,0.6958654047974353,0.5,1.0,0.3921197573583957,0.3936574570631099,0.6162181226261529,1.0
108,Fagraea,5.0,246.7936183860936,9.492062245618984,0.7593649796495188,26.0,0.0431118064541562,0.7986424785969076,0.0021514529132592,0.6901856760188042,0.6901857131573994,0.4970414201183433,0.9957274520849256,0.3904444069066347,0.3904444032850306,0.6125718615455249,0.9957274520849256
109,Faramea,3.0,59.6218138458766,4.586293372759738,0.7643822287932897,13.0,0.0208303935553789,0.8039192406274254,0.0005197602998463,0.8981370031878679,1.021218923608283,0.5562130177514794,0.8175195311866702,0.5080843919470668,0.5777129338530449,0.6854970831580873,0.8175195311866702
110,Feretia,1.0,8.191782529093947,1.3652970881823243,0.5461188352729298,6.0,0.0062010153636851,0.5743663612353227,7.141284487929204e-05,0.4505612088663046,0.716345036462323,0.2777777777777777,0.6500224216483541,0.2548866342542695,0.4052429729792743,0.3423434014589737,0.6500224216483541
111,Forsteronia,1.0,0.3367231638418078,0.1122410546139359,0.1122410546139359,3.0,0.0005097853867277,0.1180466264043119,2.9354244917142727e-06,-0.0,-0.0,0.0,-0.0,0.0,0.0,0.0,0.0
112,Frasera,4.0,46.5645781989272,3.581890630686708,0.596981771781118,13.0,0.0162685169580923,0.6278601392870379,0.0004059322849428,0.9276173343271816,0.9665722427905944,0.5511111111111111,0.8443536850036222,0.5247616873576237,0.5467988041099621,0.6792093084946041,0.8443536850036222
113,Funastrum,1.0,1.0410972272879744,0.2602743068219936,0.1735162045479957,4.0,0.0011821346352715,0.1824911806453058,9.075889714176824e-06,-0.0,-0.0,0.0,-0.0,0.0,0.0,0.0,0.0
114,Funtumia,2.0,23.63266628084773,2.625851808983081,0.6564629522457702,9.0,0.0119263034772474,0.6904179325343446,0.0002060205974956,0.6909233093138181,0.6909555238369107,0.4977777777777777,0.9967916319816368,0.3908616928695187,0.3908798922638291,0.6134793754144812,0.9967916319816368
115,Galianthe,1.0,0.1999999999999999,0.0999999999999999,0.1999999999999999,2.0,0.0004541879871684,0.2103448275862068,1.7435239430651892e-06,-0.0,-0.0,0.0,-0.0,0.0,0.0,0.0,0.0
116,Galium,24.0,7198.1983332032,53.31998765335703,0.7958207112441348,135.0,0.2421729786812653,0.8369838514809004,0.0627511557043585,1.131849300267583,1.1414489291521472,0.6575582990397806,0.8164566862648426,0.6402975954236199,0.6457281533463299,0.8103986811030801,0.8164566862648426
117,Gardenia,25.0,30913.350737354744,113.65202476968656,0.8387603304035909,272.0,0.5161938436776639,0.8821444854244662,0.2694908358547496,0.815559367261498,0.826775374484575,0.469858347750865,0.5067355260869013,0.4613694611635061,0.4677144304605007,0.5790704579025283,0.5067355260869013
118,Gardneria,4.0,286.42096976110247,9.876585164175948,0.7054703688697105,29.0,0.0448582633581516,0.7419602155353852,0.0024969090928721,0.1499949236104149,0.2465484147730323,0.0665873959571936,0.2163969324512644,0.0848535126458909,0.1394747049262284,0.0820647202546123,0.2163969324512644
119,Geissospermum,3.0,175.71473106902363,7.987033230410165,0.7606698314676348,22.0,0.0362761454636777,0.8000148227504434,0.0015318142038405,-0.0,-0.0,0.0,-0.0,0.0,0.0,0.0,0.0
120,Gelsemium,3.0,6716.872207704025,50.12591199779123,0.7537731127487403,134.0,0.2276658707526125,0.7927613772012613,0.0585551375832055,0.7962447883674885,0.8267044855338341,0.446530612244898,0.4947347034737454,0.4504430256216628,0.4676743279293358,0.5503205111453154,0.4947347034737454
121,Geniostoma,1.0,1.6802785182461624,0.5600928394153875,0.5600928394153875,3.0,0.0025438743936155,0.5890631586954937,1.4648029137901414e-05,-0.0,-0.0,0.0,-0.0,0.0,0.0,0.0,0.0
122,Genipa,2.0,215.55223173922383,8.29047045150861,0.6632376361206888,26.0,0.0376543208705047,0.6975430310924485,0.0018791023850923,0.1630236294943657,0.2677552678073217,0.0739644970414201,0.2351933818192412,0.0922239718112614,0.1514716166569094,0.0911565270157031,0.2351933818192412
123,Gentiana,60.0,57107.70235757728,154.3451415069656,0.8365590325580792,370.0,0.7010170915028321,0.8798293273455661,0.4978432319693817,1.2692993309586007,1.2693045724738885,0.6522436336723225,0.7084094448823836,0.7180543463634801,0.718057266238292,0.8038486948728376,0.7084094448823836
124,Gentianella,17.0,2172.494584875388,28.585455064149844,0.7622788017106625,76.0,0.129831702978813,0.8017070155922486,0.0189389816245485,1.358821933626776,1.3646696596056105,0.7071389940508384,0.8442835372081581,0.7686981089305863,0.7720061727855342,0.8715037266995079,0.8442835372081581
125,Gentianopsis,11.0,364.4991835559929,11.390599486124778,0.7348773862015986,32.0,0.0517347345324535,0.7728882854878881,0.0031775652687879,1.1289106357375098,1.1792080804023566,0.64375,0.8143368878926562,0.638635165776919,0.6670888523544171,0.793380832881172,0.8143368878926562
126,Gomphocarpus,3.0,578.300939742727,13.769069993874451,0.671661950920705,42.0,0.0625374618569977,0.7064030863131553,0.0050414076736927,0.5251735991280766,0.6542866059776147,0.2498647917793401,0.3788326735339423,0.2970955520511236,0.3701359483082468,0.3079424258012792,0.3788326735339423
127,Gongronemopsis,1.0,304.1936346050784,8.4498231834744,0.48284703905568,36.0,0.0383780818363181,0.5078218859033876,0.0026518444263098,-0.0,-0.0,0.0,-0.0,0.0,0.0,0.0,0.0
128,Gonioma,2.0,26.67854738100101,2.9642830423334456,0.7410707605833614,9.0,0.0134634174839509,0.7794020068204318,0.0002325734306248,-0.0,-0.0,0.0,-0.0,0.0,0.0,0.0,0.0
129,Guettarda,7.0,480.42449517595855,12.984445815566447,0.7213581008648027,37.0,0.0589737930947034,0.7586697267716028,0.0041881580508714,0.4850451425563364,0.4851795800859154,0.3067932797662527,0.6997722217733069,0.2743945138078946,0.2744705490441316,0.3781031577837607,0.6997722217733069
130,Guettardella,1.0,0.0,0.0,0.0,2.0,0.0,0.0,0.0,-0.0,-0.0,0.0,-0.0,0.0,0.0,0.0,0.0
131,Gymnema,1.0,4862.883065223259,39.53563467661186,0.6481251586329814,123.0,0.1795661033519877,0.6816488737346873,0.0423927652827149,0.4628841521919353,0.522070919093994,0.183092074823187,0.2583405642004839,0.2618578370266505,0.2953403186884507,0.2256493092305428,0.2583405642004839
132,Gynochthodes,4.0,1227.9836266662192,21.54357239765297,0.7694132999161775,57.0,0.0978483178370846,0.8092105395670143,0.0107050942739228,0.9996329342771751,1.051979440843429,0.5350772889417361,0.6211068638027415,0.5655015769083519,0.5951144412555556,0.6594486449031365,0.6211068638027415
133,Halenia,4.0,800.6822479805996,16.680880166262494,0.7098246879260635,48.0,0.0757625538691341,0.7465397579912046,0.0069800433507071,0.8675632284814612,0.8676577492771633,0.5,0.7896900821428474,0.490788525418804,0.4908419657404535,0.6162181226261529,0.7896900821428474
134,Hamelia,2.0,60.04536699852176,4.618874384501674,0.7698123974169457,13.0,0.0209783725968087,0.8096302800419601,0.0005234526751602,0.6901856760188042,0.6903142447447023,0.4970414201183433,0.9957274520849256,0.3904444069066347,0.3905171147856471,0.6125718615455249,0.9957274520849256
135,Hancornia,1.0,2.685998578535892,0.895332859511964,0.895332859511964,3.0,0.0040664942930754,0.9416431798315484,2.341551416358196e-05,0.6365141682948128,1.0662472192320789,0.4444444444444444,0.9182958340544894,0.3600819396326721,0.603185854663513,0.5477494423343582,0.9182958340544894
136,Haplophyton,2.0,171.64962955196324,7.802255888725602,0.7430719894024382,22.0,0.0354369089747371,0.7815067474749782,0.0014963761947105,0.304636097349238,0.3351658012076001,0.165289256198347,0.4394969869215132,0.1723354518714098,0.1896063751528375,0.2037084702896372,0.4394969869215132
137,Hedyotis,4.0,662.8349993295813,15.414767426269332,0.7340365441080634,43.0,0.0700120219000754,0.7720039515619288,0.0057783434581636,0.5686327461499967,0.5686338049745494,0.3807463493780423,0.8203636429576731,0.3216807926222124,0.3216813713157113,0.469245601220997,0.8203636429576731
138,Heinsia,1.0,1.8118018543193424,0.6039339514397809,0.6039339514397809,3.0,0.0027429954578714,0.6351719144452868,1.579459956547841e-05,-0.0,-0.0,0.0,-0.0,0.0,0.0,0.0,0.0
139,Helia,2.0,576.9234411842363,15.59252543741179,0.8662514131895439,37.0,0.0708193774329141,0.9110575207683134,0.0050293991651013,1.4068820499195938,1.4555668003132485,0.7354570637119113,0.8741449664198834,0.7958861602822951,0.8234275209637677,0.906403942145394,0.8741449664198834
140,Hemidesmus,1.0,206.29178211312305,8.969207917961871,0.8153825379965337,23.0,0.0407370649075471,0.8575574968584234,0.001798373306859,0.8568590368853669,1.033881206825923,0.4650283553875236,0.6180931416277061,0.4847330654398893,0.5848761038823412,0.5731178002496545,0.6180931416277061
141,Heterophyllaea,1.0,62.28529689790958,4.448949778422113,0.6844538120649405,14.0,0.020206595448752,0.7198565954476098,0.0005429795322121,0.7589367727620595,0.9001105919054713,0.4387755102040817,0.6908140210976048,0.4293375368639849,0.5092008371765868,0.5407628423045833,0.6908140210976048
142,Heterostemma,1.0,26.910640292999567,2.9900711436666185,0.7475177859166546,9.0,0.013580543942325,0.7861824989813092,0.0002345967283702,-0.0,-0.0,0.0,-0.0,0.0,0.0,0.0,0.0
143,Himalrandia,1.0,29.230061440122817,3.247784604458091,0.8119461511145227,9.0,0.014751047522556,0.8539433658273429,0.0002548165598906,0.936888307539016,1.1017291467197388,0.5679012345679012,0.8527924884900403,0.5300063624688518,0.623258307253042,0.6999020652050132,0.8527924884900403
144,Himatanthus,4.0,426.4278126212568,13.325869144414275,0.8597334931880177,32.0,0.0605244968397209,0.9042024669736048,0.0037174355064703,1.280331710988801,1.359891226265094,0.6685032139577596,0.7955148198618226,0.7242954655685429,0.7693029691133803,0.8238875909492,0.7955148198618226
145,Hintonia,2.0,231.9516464578291,8.921217171454966,0.7136973737163972,26.0,0.0405190967019602,0.7506127551155212,0.002022066246163,1.0850861252397617,1.2605869209623382,0.5591715976331362,0.6742019166173902,0.6138432357154776,0.7131256106308428,0.6891433442387155,0.6742019166173902
146,Hoffmannia,1.0,237.3212517748938,9.888385490620577,0.85985960788005,24.0,0.0449118590233098,0.904335104839363,0.0020688764233386,1.198849312913621,1.232287076508673,0.6527777777777779,0.8647869792568111,0.6782001209457617,0.697116128443473,0.8045069934285887,0.8647869792568111
147,Holarrhena,5.0,3044.827286146602,34.60031006984775,0.7954094268930517,88.0,0.157150451860295,0.836551293801313,0.026543646379474,0.6940885357118229,0.6987042060396933,0.4315279010996516,0.6317866119568837,0.3926522906559332,0.3952633930249073,0.5318306261528631,0.6317866119568837
148,Hoodia,3.0,427.4155808592578,10.176561449029949,0.4964176316599974,42.0,0.0462207196083128,0.5220944057113767,0.0037260464943361,0.3144922012814106,0.317889331472434,0.1723356009070293,0.4537163391869447,0.1779111408315244,0.1798329173891871,0.2123926409051591,0.4537163391869447
149,Hoppea,2.0,20.538056727809582,2.282006303089954,0.5705015757724885,9.0,0.0103645984950621,0.6000102779676172,0.0001790429682448,0.3488320958430319,0.5623257226734768,0.1975308641975308,0.5032583347756457,0.1973375361208165,0.3181128311634559,0.243444196593048,0.5032583347756457
150,Hoya,18.0,3955.1525116785297,39.9510354715003,0.8153272545204143,99.0,0.1814528038609734,0.8574993538921599,0.0344795155129296,0.9281295378383556,0.9285254732313628,0.4850000000000001,0.6695039407709805,0.5250514456112133,0.5252753967801882,0.5977315789473685,0.6695039407709805
151,Hunteria,4.0,2443.100299622802,30.538753745285028,0.7731330062097476,80.0,0.1387033509420494,0.8131226444619759,0.0212980193385104,0.1931591886475104,0.1956230536464125,0.0917404557991001,0.278669803563899,0.1092719357565878,0.1106657599450342,0.1130642628827781,0.278669803563899
152,Hydnophytum,1.0,7.523235376800358,1.5046470753600716,0.7523235376800358,5.0,0.0068339262655673,0.7912368241117618,6.558470504383243e-05,0.5004024235381879,0.7913473065443453,0.3199999999999998,0.7219280948873623,0.2830822693974414,0.4476724467121209,0.3943795984807376,0.7219280948873623
153,Hymenodictyon,2.0,388.5040052359484,12.532387265675755,0.8354924843783836,31.0,0.0569205974661318,0.8787076128807139,0.0033868301755279,1.2496898172233637,1.2610212371033915,0.6847034339229969,0.9014606509787908,0.70696106345989,0.7133713072648036,0.8438533292154187,0.9014606509787908
154,Ichnocarpus,1.0,2.2530881893525923,0.7510293964508641,0.7510293964508641,3.0,0.0034110852987837,0.7898757445431501,1.96415660198682e-05,0.6365141682948128,1.0662472192320789,0.4444444444444444,0.9182958340544894,0.3600819396326721,0.603185854663513,0.5477494423343582,0.9182958340544894
155,Isertia,3.0,392.9614189395496,11.907921786046956,0.7442451116279348,33.0,0.0540843502736438,0.7827405484362763,0.0034256882131098,0.7304179453192747,0.7552715401189719,0.4224058769513314,0.6648550656617802,0.4132041729686331,0.4272640539759578,0.5205883129624065,0.6648550656617802
156,Ixanthus,1.0,4.317211963094316,1.079302990773579,0.719535327182386,4.0,0.0049020645292437,0.7567526716918197,3.7635812124712045e-05,0.9502705392332348,1.489524654318191,0.5599999999999999,0.8649735207179272,0.5375768144479133,0.842637791172268,0.6901642973412913,0.8649735207179272
157,Ixora,7.0,1230.909898302793,22.794627746348016,0.8601746319376611,54.0,0.1035304609436863,0.9046664232447816,0.0107306043972342,1.1890654761209851,1.2474645133748166,0.6467764060356653,0.7388079197927261,0.6726653141734636,0.7057021440152648,0.7971106853723762,0.7388079197927261
158,Jasminanthes,1.0,173.4022475795938,6.936089903183752,0.5780074919319793,25.0,0.0315028871194665,0.6079044311698403,0.0015116548521816,-0.0,-0.0,0.0,-0.0,0.0,0.0,0.0,0.0
159,Keetia,1.0,15.84371749639959,2.26338821377137,0.75446273792379,7.0,0.0102800373699368,0.7934866726439861,0.0001381195040106,0.6829081047004717,0.6911304685943378,0.489795918367347,0.9852281360342516,0.3863274176444153,0.3909788601214931,0.603642242572558,0.9852281360342516
160,Kibatalia,3.0,62.009229740597775,4.429230695756984,0.681420107039536,14.0,0.0201170337441071,0.7166659746450292,0.0005405728837188,0.5297061990576545,0.5333722182555544,0.345679012345679,0.7642045065086203,0.2996596856643527,0.3017335675247603,0.4260273440378341,0.7642045065086203
161,Knoxia,2.0,8.77455605906285,1.4624260098438082,0.5849704039375233,6.0,0.0066421632579379,0.6152274937963608,7.649324289371904e-05,0.8675632284814612,1.334905898014919,0.5,0.7896900821428474,0.490788525418804,0.7551685392149519,0.6162181226261529,0.7896900821428474
162,Kopsia,16.0,33849.08876293128,115.13295497595674,0.7858904776515818,294.0,0.5229200507728924,0.8265399851163188,0.2950834835455477,0.1742740198548257,0.1935365957759449,0.0655942137423618,0.1257121321001709,0.0985884214722512,0.1094854315454687,0.0808406864949136,0.1257121321001709
163,Ladenbergia,1.0,0.2857142857142857,0.1428571428571428,0.2857142857142857,2.0,0.0006488399816692,0.3004926108374384,2.4907484900931275e-06,-0.0,-0.0,0.0,-0.0,0.0,0.0,0.0,0.0
164,Lamprothamnus,1.0,0.5,0.25,0.5,2.0,0.0011354699679212,0.5258620689655172,4.358809857662974e-06,-0.0,-0.0,0.0,-0.0,0.0,0.0,0.0,0.0
165,Lasianthus,7.0,336.5736214658972,11.219120715529906,0.7737324631399936,30.0,0.0509558985558674,0.8137531077851656,0.0029341208381497,0.6389665889375296,0.7171703576938365,0.371111111111111,0.5816124537548851,0.361469296624568,0.4057098647876871,0.457370784349189,0.5816124537548851
166,Leichhardtia,1.0,9.520759688053564,1.5867932813422605,0.6347173125369042,6.0,0.0072070244650531,0.6675475183577786,8.299836236145625e-05,0.5982695885852573,0.6358207455054197,0.4081632653061224,0.8631205685666311,0.338446627917388,0.3596896412697722,0.5030352021437984,0.8631205685666311
167,Leptactina,1.0,,,,,,,,,,,,,,,
168,Leptadenia,5.0,575.6008402018908,13.70478190956883,0.6685259468082356,42.0,0.0622454731009008,0.7031048750914203,0.0050178692327021,0.5546026418180305,0.6485263078952034,0.2573696145124717,0.4000612405073954,0.3137438331125173,0.3668772947246452,0.317191641351784,0.4000612405073954
169,Leptopetalum,1.0,62.23429808962974,4.787253699202288,0.7978756165337146,13.0,0.0217431312170555,0.8391450449751137,0.0005425349439956,0.9110175397125628,1.032363787341963,0.5680473372781065,0.8292439007914473,0.5153710303383955,0.5840176857295842,0.7000821274805998,0.8292439007914473
170,Leptostigma,1.0,,,,,,,,,,,,,,,
171,Lerchea,1.0,,,,,,,,,,,,,,,
172,Leuconotis,2.0,750.3630593460148,16.67473465213366,0.7579424841878937,45.0,0.0757346416822112,0.7971464057838192,0.0065413797998071,-0.0,-0.0,0.0,-0.0,0.0,0.0,0.0,0.0
173,Lisianthius,2.0,0.295774647887324,0.147887323943662,0.295774647887324,2.0,0.000671686459897,0.3110733365711511,2.5784509017161257e-06,-0.0,-0.0,0.0,-0.0,0.0,0.0,0.0,0.0
174,Lomatogonium,2.0,51.06176245078343,3.9278278808294944,0.654637980138249,13.0,0.0178397223913819,0.6884985653178136,0.0004451370270402,0.8304717124362917,0.95624210189218,0.5,0.7559279292634754,0.4698055124605206,0.5409549484316399,0.6162181226261529,0.7559279292634754
175,Luculia,1.0,4.128511015430029,0.8257022030860058,0.4128511015430029,5.0,0.0037502402162021,0.4342054688641927,3.599078902305317e-05,-0.0,-0.0,0.0,-0.0,0.0,0.0,0.0,0.0
176,Macoubea,1.0,,,,,,,,,,,,,,,
177,Malouetia,2.0,10.143390992703589,1.6905651654505982,0.6762260661802393,6.0,0.0076783438967315,0.7112032764999068,8.842622529825244e-05,0.6365141682948128,0.6463081169323078,0.4444444444444444,0.9182958340544894,0.3600819396326721,0.3656224437035803,0.5477494423343582,0.9182958340544894
178,Mandevilla,5.0,207.84361869647847,9.036679073759933,0.8215162794327212,23.0,0.0410435107919856,0.8640085007826895,0.0018119016280531,0.8058274790573101,0.89318295231652,0.5066162570888468,0.73349578133178,0.455864042187146,0.5052818077705624,0.6243722376703553,0.73349578133178
179,Marsdenia,7.0,1294.072706320741,22.31159838484036,0.7828631012224688,58.0,0.1013365996092219,0.8233560202512172,0.0112812337376868,1.0490697942578466,1.171518796249162,0.5544444444444445,0.5854970001692349,0.593468464870764,0.6627389536160779,0.6833174293121119,0.5854970001692349
180,Mascarenhasia,1.0,,,,,,,,,,,,,,,
181,Matelea,2.0,325.05766525296525,10.485731137192428,0.6990487424794951,31.0,0.047624931191913,0.7352064360560208,0.002833729111227,0.5503536168824767,0.5860270679457384,0.2830385015608739,0.5009534506023884,0.3113401204906278,0.3315209000867404,0.3488269081255224,0.5009534506023884
182,Melanopsidium,1.0,1.8382352941176472,0.6127450980392157,0.6127450980392157,3.0,0.0027830146272578,0.6444388100067614,1.6025036241407993e-05,-0.0,-0.0,0.0,-0.0,0.0,0.0,0.0,0.0
183,Melodinus,12.0,7505.26451817283,53.60903227266307,0.7713529823404759,140.0,0.2434857846197102,0.8112505503925694,0.0654280419323597,0.2339058374974326,0.3051756141480483,0.0833673469387754,0.1453338682345785,0.1323226910771131,0.1726406506128357,0.1027449400378707,0.1453338682345785
184,Metagentiana,1.0,339.55169384931264,10.953280446752022,0.7302186964501347,31.0,0.0497484839900219,0.7679886290251416,0.002960082540673,1.2371209036519482,1.248325959296398,0.677734375,0.8923940963393694,0.6998507130493168,0.7061894718929682,0.8352644084034182,0.8923940963393694
185,Mexotis,1.0,0.575,0.2875,0.575,2.0,0.0013057904631093,0.6047413793103448,5.012631336312419e-06,-0.0,-0.0,0.0,-0.0,0.0,0.0,0.0,0.0
186,Microplumeria,1.0,0.7621487119437939,0.2540495706479312,0.2540495706479312,3.0,0.001153862631336,0.2671900656814449,6.644122637251494e-06,-0.0,-0.0,0.0,-0.0,0.0,0.0,0.0,0.0
187,Mitchella,2.0,20.261681858838973,2.532710232354872,0.7236314949585347,8.0,0.0115032656251427,0.7610607102150106,0.0001766336372382,-0.0,-0.0,0.0,-0.0,0.0,0.0,0.0,0.0
188,Mitracarpus,1.0,293.7931991304664,10.492614254659514,0.7772306855303344,28.0,0.0476561934845912,0.8174322727129378,0.0025611773849684,1.144717959157672,1.1601895557106443,0.6096938775510206,0.8257394614466541,0.6475775145274288,0.6563298980859392,0.7514088332022989,0.8257394614466541
189,Mitragyna,10.0,2994.1286195733783,34.81544906480672,0.8191870368189818,86.0,0.1581275873311136,0.8615587801027221,0.0261016746842145,1.0018054344547218,1.0018054350212628,0.597890751757707,0.9118826038886289,0.56673058030961,0.5667305448778167,0.7368622331673469,0.9118826038886289
190,Mondia,1.0,38.501166702539,3.500106063867181,0.7000212127734363,11.0,0.0158970612802403,0.7362292065375796,0.0003356385299091,0.4741393130578373,0.5124438382305263,0.2975206611570247,0.6840384356390417,0.2682249854065976,0.2898941905356123,0.3666752465213471,0.6840384356390417
191,Morinda,9.0,21429.978934786064,93.99113567888624,0.8281157328536233,228.0,0.4268964472567302,0.8709493052426038,0.1868184068609107,1.428622016751516,1.43162350251614,0.7312217539711295,0.797329128874095,0.8081846601654317,0.8098825772727415,0.9011841929109844,0.797329128874095
192,Mostuea,1.0,79.66389945568307,5.310926630378871,0.7587038043398387,15.0,0.0241215907625126,0.7979471045643132,0.0006944795804946,-0.0,-0.0,0.0,-0.0,0.0,0.0,0.0,0.0
193,Mussaenda,5.0,811.9005604505269,17.274480009585677,0.7510643482428556,47.0,0.0784586130493589,0.7899125041864515,0.0070778403326676,0.4208593206899597,0.4210042524054558,0.25350837483024,0.6071716548713028,0.2380840019830308,0.238165976167376,0.3124329096157952,0.6071716548713028
194,Mycetia,1.0,15.44118645448405,2.2058837792120074,0.735294593070669,7.0,0.010018859136079,0.7733270720226002,0.0001346103914636,-0.0,-0.0,0.0,-0.0,0.0,0.0,0.0,0.0
195,Nauclea,6.0,2284.5461428649505,30.460615238199345,0.8232598713026849,75.0,0.1383484552295134,0.8658422784390306,0.0199158044956113,0.9933012029529058,0.9969101030748342,0.550207756232687,0.7165153598045995,0.5619196580602864,0.5639612105895689,0.6780959812001088,0.7165153598045995
196,Neolamarckia,1.0,88.85555878387297,5.55347242399206,0.740462989865608,16.0,0.0252232046204862,0.7787627996862428,0.0007746089710705,0.900908873225472,0.9352264217934734,0.537037037037037,0.820042596026009,0.5096524644099689,0.5290661849882023,0.6618639094873494,0.820042596026009
197,Neonauclea,4.0,2533.133866420906,31.664173330261328,0.8016246412724386,80.0,0.1438148715022531,0.8430879847865302,0.0220828977354707,1.187876655381718,1.1882542017503666,0.6584409928872115,0.8568718799534863,0.671992787309187,0.6722063263682008,0.8114865449941151,0.8568718799534863
198,Nerium,1.0,5442.321432669284,45.73379355184272,0.7751490432515716,119.0,0.2077173963889034,0.8152429592818253,0.0474440886185787,0.6100761235537466,0.6474652412331819,0.2818055555555555,0.3790616083046488,0.3451256937160075,0.3662770395588242,0.3473073807801289,0.3790616083046488
199,Nernstia,1.0,14.037100409964465,2.005300058566352,0.6684333528554506,7.0,0.0091078319726909,0.7030074917962498,0.0001223701032799,-0.0,-0.0,0.0,-0.0,0.0,0.0,0.0,0.0
200,Notopleura,1.0,0.725,0.3625,0.725,2.0,0.0016464314534857,0.7625,6.320274293611311e-06,-0.0,-0.0,0.0,-0.0,0.0,0.0,0.0,0.0
201,Ochrosia,17.0,1184.1014218384655,21.144668247115455,0.7688970271678349,56.0,0.0960365431050268,0.8086675630558264,0.0103225458999644,0.1520053108362029,0.1696556835739284,0.0677131425053862,0.2192973081321753,0.0859908072541379,0.0959757799591396,0.0834521311035726,0.2192973081321753
202,Odontadenia,1.0,0.8571428571428572,0.4285714285714286,0.8571428571428572,2.0,0.0019465199450077,0.9014778325123152,7.472245470279384e-06,-0.0,-0.0,0.0,-0.0,0.0,0.0,0.0,0.0
203,Oldenlandia,4.0,846.1446291570089,17.628013107437685,0.7501282173377739,48.0,0.0800643179104673,0.788927952717314,0.0073763671011563,0.912156417282184,0.9123031034906788,0.5355902777777778,0.8302805518296419,0.516015303890659,0.5160982530744823,0.660080870938084,0.8302805518296419
204,Oncinotis,1.0,5.445458638949738,1.0890917277899477,0.5445458638949738,5.0,0.0049465237968676,0.5727120292688518,4.747143758990024e-05,-0.0,-0.0,0.0,-0.0,0.0,0.0,0.0,0.0
205,Ophiorrhiza,20.0,3407.404564581602,37.44400620419343,0.832089026759854,91.0,0.1700661780940676,0.8751281143508809,0.0297044572102881,1.2486860694177166,1.2488211509626868,0.687381852551985,0.900736599988036,0.7063932340622701,0.7064696063712252,0.8471543094137426,0.900736599988036
206,Orbea,1.0,102.388022987863,4.266167624494291,0.3709710977821123,24.0,0.019376420862924,0.3901592580122215,0.0008925798478122,-0.0,-0.0,0.0,-0.0,0.0,0.0,0.0,0.0
207,Orphium,1.0,6.944383994383995,1.388876798876799,0.6944383994383995,5.0,0.0063081115770685,0.7303576269955581,6.0538498820235865e-05,0.6730116670092565,0.7070860020527115,0.48,0.9709505944546688,0.3807289115045549,0.4000050520890865,0.5915693977211068,0.9709505944546688
208,Orthanthera,1.0,1.3846153846153846,0.4615384615384615,0.4615384615384615,3.0,0.0020962522484699,0.4854111405835543,1.2070550375066696e-05,0.6365141682948128,1.0662472192320789,0.4444444444444444,0.9182958340544894,0.3600819396326721,0.603185854663513,0.5477494423343582,0.9182958340544894
209,Orthosia,1.0,490.8536460066453,11.686991571586791,0.5700971498335021,42.0,0.0530809117795401,0.5995849334455798,0.0042790754217671,0.4135132270756885,0.5695492693404947,0.1780045351473922,0.2982867410220438,0.2339282490255809,0.32219925792402,0.2193792409349342,0.2982867410220438
210,Oxyanthus,3.0,19.85289350938037,2.4816116886725466,0.709031911049299,8.0,0.0112711821781196,0.7457059754139179,0.0001730699758636,0.9743147528693494,1.147477030398024,0.59375,0.8868595071429147,0.5511788480149405,0.6491383056416026,0.7317590206185566,0.8868595071429147
211,Oxyceros,1.0,11.160035506851534,1.860005917808589,0.7440023671234356,6.0,0.0084479234393094,0.7824852481815443,9.728894555826653e-05,0.4505612088663046,0.716345036462323,0.2777777777777777,0.6500224216483541,0.2548866342542695,0.4052429729792743,0.3423434014589737,0.6500224216483541
212,Oxystelma,1.0,12.075606735970386,1.725086676567198,0.5750288921890659,7.0,0.0078351364532122,0.6047717659229831,0.000105270547356,0.410116318288409,0.6556701949606576,0.2448979591836735,0.5916727785823274,0.23200658637327,0.3709186573162392,0.301821121286279,0.5916727785823274
213,Paederia,1.0,306.2305395144524,9.878404500466209,0.6585603000310805,31.0,0.0448665265650281,0.6926237638257915,0.002669601388706,0.3795349255810945,0.4908659924368944,0.1789802289281999,0.3454675771388097,0.2147064102715843,0.2776874047901796,0.2205817213146689,0.3454675771388097
214,Palicourea,24.0,2241.592833160426,30.291795042708458,0.8299121929509167,74.0,0.1375816941816795,0.8728386856897572,0.0195413538760926,1.2630329288140556,1.3135134688122665,0.646652049249452,0.7049120992552694,0.7145093848353322,0.7430666453396982,0.7969574235617037,0.7049120992552694
215,Parahancornia,2.0,34.92658350744273,3.4926583507442728,0.776146300165394,10.0,0.0158632346619173,0.8162917984498109,0.0003044766729734,0.5004024235381879,0.5391223794591277,0.3199999999999998,0.7219280948873623,0.2830822693974414,0.3049864865828079,0.3943795984807376,0.7219280948873623
216,Parepigynum,1.0,36.98400060051726,2.311500037532329,0.3082000050043105,16.0,0.0104985554938667,0.3241413845734989,0.0003224124527866,-0.0,-0.0,0.0,-0.0,0.0,0.0,0.0,0.0
217,Parsonsia,4.0,198.19480493035556,8.617165431754588,0.7833786756140535,23.0,0.0391381302254643,0.823898262283746,0.001727786938936,0.9183987247993112,0.9298545627973556,0.5444234404536862,0.8359625449963987,0.5195466348656982,0.5260272749669046,0.6709671807800833,0.8359625449963987
218,Pauridiantha,2.0,7.307071503636754,1.4614143007273508,0.7307071503636754,5.0,0.0066375681966658,0.7685023477962792,6.370027060140018e-05,0.6730116670092565,0.7070860020527115,0.48,0.9709505944546688,0.3807289115045549,0.4000050520890865,0.5915693977211068,0.9709505944546688
219,Pavetta,2.0,149.18030762870757,7.103824172795599,0.7103824172795599,21.0,0.0322647160224083,0.7471263354147095,0.0013004971909224,0.5940241655824704,0.710408810383085,0.3219954648526077,0.5407040970774402,0.3360449529421082,0.4018847953104408,0.3968388816912187,0.5407040970774402
220,Pentagonia,1.0,0.0,0.0,0.0,2.0,0.0,0.0,0.0,-0.0,-0.0,0.0,-0.0,0.0,0.0,0.0,0.0
221,Pentalinon,2.0,6.629315647773168,1.3258631295546337,0.6629315647773167,5.0,0.0060219110607332,0.6972211284726952,5.779185279014617e-05,-0.0,-0.0,0.0,-0.0,0.0,0.0,0.0,0.0
222,Pentanisia,1.0,0.9508196721311476,0.4754098360655737,0.9508196721311476,2.0,0.0021592543652272,1.0,8.288884319490244e-06,0.6931471805599453,-0.0,0.5,1.0,0.3921197573583957,0.0,0.6162181226261529,1.0
223,Pentas,3.0,75.27363030277736,5.018242020185157,0.7168917171693082,15.0,0.0227922524227219,0.7539723232297897,0.0006562068835716,0.6365141682948128,0.6373523863030217,0.4444444444444444,0.9182958340544894,0.3600819396326721,0.3605561045504028,0.5477494423343582,0.9182958340544894
224,Pergularia,2.0,285.77815326185146,10.206362616494696,0.7560268604810885,28.0,0.0463560729309736,0.7951316980921792,0.0024913052630849,0.7549967581308245,0.8361933258674088,0.3673469387755104,0.5446150394212923,0.4271086342232206,0.4730422521434734,0.4527316819294187,0.5446150394212923
225,Periploca,6.0,5359.662713697393,45.420870455062655,0.776425135983977,118.0,0.2062961372742527,0.8165850568107345,0.0467235013404257,0.564520636983617,0.5759420143958263,0.2710428037920138,0.4072155617278715,0.3193545345145916,0.3258156925747225,0.334042975408087,0.4072155617278715
226,Petchia,3.0,178.4447131633794,8.111123325608155,0.7724879357722052,22.0,0.0368397477693329,0.8124442083121468,0.0015556131495687,0.4741393130578373,0.4779349055550814,0.2975206611570247,0.6840384356390417,0.2682249854065976,0.2703721700567638,0.3666752465213471,0.6840384356390417
227,Picralima,1.0,79.66060377866106,4.978787736166316,0.6638383648221755,16.0,0.022613055804285,0.6981748319681501,0.0006944508500356,-0.0,-0.0,0.0,-0.0,0.0,0.0,0.0,0.0
228,Pleiocarpa,2.0,108.67555220753866,6.0375306781965925,0.7102977268466579,18.0,0.0274217390619806,0.7470372644421747,0.0009473921364983,-0.0,-0.0,0.0,-0.0,0.0,0.0,0.0,0.0
229,Plocama,2.0,842.6342330469662,17.554879855145128,0.7470161640487288,48.0,0.0797321554639289,0.7856549311546975,0.0073457648028187,0.9451082776667624,0.945127419459344,0.5564236111111112,0.8602746277420159,0.5346564754353091,0.5346672703944656,0.6857566260475071,0.8602746277420159
230,Plumeria,3.0,12015.169705518754,72.3805403946913,0.8773398835720156,166.0,0.3287437195203183,0.9227195327222923,0.1047436803078173,1.3442492827929382,1.351191424799059,0.6613652310468108,0.6908074781590172,0.7604542258574171,0.7643814114407866,0.8150904820917553,0.6908074781590172
231,Pogonopus,2.0,9.082391417616194,1.2974844882308847,0.4324948294102949,7.0,0.0058930186809191,0.4548652516211722,7.917683448451811e-05,-0.0,-0.0,0.0,-0.0,0.0,0.0,0.0,0.0
232,Posoqueria,1.0,0.5882352941176471,0.2941176470588235,0.5882352941176471,2.0,0.0013358470210837,0.6186612576064909,5.128011597250558e-06,-0.0,-0.0,0.0,-0.0,0.0,0.0,0.0,0.0
233,Potalia,1.0,,,,,,,,,,,,,,,
234,Prestonia,1.0,,,,,,,,,,,,,,,
235,Prismatomeris,3.0,71.22371284343934,4.748247522895956,0.6783210746994224,15.0,0.0215659698500184,0.7134066475287029,0.0006209012432826,0.5799151714181009,0.5833098935524508,0.3911111111111112,0.8366407419411673,0.3280633647261187,0.3299837695516048,0.4820195092542352,0.8366407419411673
236,Psychotria,15.0,676.8694226819254,16.509010309315254,0.8254505154657626,41.0,0.0749819416253161,0.8681462317829572,0.0059006902238732,0.921611463470836,0.9834021856093642,0.5224445646295295,0.6648021439878977,0.5213641107837514,0.5563196574917781,0.643879617584493,0.6648021439878977
237,Psydrax,5.0,109.40242731782544,6.435436901048555,0.8044296126310694,17.0,0.0292289813263701,0.8460380408706074,0.0009537287572903,1.4264444338582805,1.5483500003241963,0.7283950617283951,0.8862997589642573,0.806952781424998,0.8759158302297242,0.8977004749368648,0.8862997589642573
238,Pyrostria,1.0,,,,,,,,,,,,,,,
239,Rauvolfia,32.0,14682.81549149779,77.277976271041,0.8177563626565185,190.0,0.3509872849499781,0.8600541055525454,0.1279992018051743,0.6285458020394818,0.6652057353229224,0.2711588541666666,0.3230086457715552,0.3555741612989868,0.3763130001659524,0.3341860000960842,0.3230086457715552
240,Rennellia,1.0,30.39533742390418,2.7632124930821984,0.5526424986164397,11.0,0.012550179203518,0.581227455441428,0.0002649749927806,-0.0,-0.0,0.0,-0.0,0.0,0.0,0.0,0.0
241,Rhazya,1.0,1233.6062551040063,21.642215001824678,0.7729362500651669,57.0,0.0982963406954627,0.8129157112754342,0.010754110210444,0.0883197822000174,0.1454769691360359,0.0344721452754692,0.1274185117923585,0.0499633159269875,0.0822976589100747,0.0424847212890913,0.1274185117923585
242,Rhodopentas,2.0,24.234735524580945,2.692748391620105,0.6731870979050263,9.0,0.012230139719411,0.7080071202104586,0.0002112692082047,0.6931471805599453,0.6938247437862991,0.5,1.0,0.3921197573583957,0.3925030363679102,0.6162181226261529,1.0
243,Richardia,3.0,24.843523426791016,3.105440428348877,0.8872686938139649,8.0,0.014104537374234,0.9331619021146872,0.0002165763896235,1.2130075659799042,1.5783733070193486,0.65625,0.875,0.6862095753771926,0.8929002908520768,0.8087862859468258,0.875
244,Ridsdalea,1.0,1.6143018018018018,0.5381006006006006,0.5381006006006006,3.0,0.0024439882868093,0.5659333902868385,1.4072869213873589e-05,-0.0,-0.0,0.0,-0.0,0.0,0.0,0.0,0.0
245,Rondeletia,1.0,1.330856819833643,0.4436189399445476,0.4436189399445476,3.0,0.0020148639340322,0.4665647471830587,1.1601903650857758e-05,-0.0,-0.0,0.0,-0.0,0.0,0.0,0.0,0.0
246,Rosenbergiodendron,2.0,45.92845002316773,3.061896668211182,0.4374138097444545,15.0,0.0139067668465271,0.460038661972616,0.0004003867614163,-0.0,-0.0,0.0,-0.0,0.0,0.0,0.0,0.0
247,Rothmannia,3.0,81.97801672122587,5.123626045076617,0.683150139343549,16.0,0.0232708940041735,0.7184854913785601,0.0007146531747922,0.8222653373287878,1.0991339812717986,0.4140625,0.5931390622295665,0.465163090322488,0.6217901983000016,0.5103056327997829,0.5931390622295665
248,Rubia,10.0,29305.931259075696,109.76004216882284,0.8252634749535551,267.0,0.4985169262418533,0.8679495167614977,0.2554779641201052,1.366317908673616,1.3667996796375397,0.7162675868647337,0.8489410483733469,0.7729386511977525,0.7732111447003355,0.8827541353515023,0.8489410483733469
249,Rudgea,2.0,51.8031074026452,3.984854415588092,0.6641424025980154,13.0,0.0180987300617539,0.6984945958358437,0.0004515997904084,-0.0,-0.0,0.0,-0.0,0.0,0.0,0.0,0.0
250,Ruehssia,1.0,4.618583684386713,1.1546459210966782,0.7697639473977854,4.0,0.0052442630679519,0.809579323987326,4.026305618389236e-05,0.5623351446188083,0.8922673623509298,0.375,0.8112781244591328,0.3181181813130895,0.5047638501093799,0.4621635919696147,0.8112781244591328
251,Salzmannia,1.0,,,,,,,,,,,,,,,
252,Saprosma,2.0,335.6319407709445,10.170664871846803,0.6356665544904252,33.0,0.0461939380630928,0.6685458590330334,0.0029259116239578,0.6365141682948128,0.6365147341591451,0.4444444444444444,0.9182958340544894,0.3600819396326721,0.3600822370314995,0.5477494423343582,0.9182958340544894
253,Sarcolobus,1.0,151.62079780740498,7.220037990828809,0.7220037990828809,21.0,0.032792545223345,0.7593488231733747,0.0013217724562192,-0.0,-0.0,0.0,-0.0,0.0,0.0,0.0,0.0
254,Schenkia,1.0,170.18084720476332,7.735493054761969,0.7367136242630447,22.0,0.0351336802029811,0.7748195013800987,0.0014835719087631,1.2319253440933458,1.2479253835491553,0.6631944444444445,0.8886462923344499,0.6969115370552451,0.7059628625099846,0.8173448709833002,0.8886462923344499
255,Schizozygia,1.0,46.67647704283301,3.889706420236084,0.7072193491338334,12.0,0.0176665792968334,0.7437996602959283,0.0004069077765105,-0.0,-0.0,0.0,-0.0,0.0,0.0,0.0,0.0
256,Schultesia,1.0,0.6046511627906976,0.3023255813953488,0.6046511627906976,2.0,0.0013731264728349,0.6359262229350441,5.2711188976389445e-06,0.6365141682948128,1.0662472192320789,0.4444444444444444,0.9182958340544894,0.3600819396326721,0.603185854663513,0.5477494423343582,0.9182958340544894
257,Schumanniophyton,2.0,100.76251867889476,5.927206981111456,0.740900872638932,17.0,0.0269206620828198,0.779223331568532,0.000878409319401,0.7607552592443028,1.0221227815731773,0.3765432098765431,0.5487689199209766,0.4303662714504846,0.5782242546135734,0.4640654997554977,0.5487689199209766
258,Scleromitrion,3.0,2051.2764155387263,29.30394879341037,0.8493898200988514,70.0,0.1330950151856732,0.893323776310861,0.0178822477216835,1.160393582897528,1.1614633583102454,0.6399523903987305,0.83704703376282,0.6564453595532839,0.6570504999274769,0.7887005211632493,0.83704703376282
259,Scyphiphora,1.0,116.62610686347524,6.138216150709223,0.6820240167454692,19.0,0.0278790403829568,0.71730112105989,0.0010167020485147,0.5010469137590965,0.6428660897866849,0.2539682539682539,0.4560725552838436,0.2834468634636517,0.3636752573023789,0.3129996813339189,0.4560725552838436
260,Secamone,1.0,80.97523843173335,5.060952401983334,0.6747936535977779,16.0,0.022986237846123,0.709696773611456,0.0007059113350056,-0.0,-0.0,0.0,-0.0,0.0,0.0,0.0,0.0
261,Sherardia,1.0,,,,,,,,,,,,,,,
262,Simira,8.0,155.98586898664098,7.799293449332049,0.8209782578244262,20.0,0.0354234539308844,0.8634426504705173,0.0013598254867901,1.0466304865832217,1.0504287341243403,0.6349206349206351,0.952684124671582,0.5920885260059421,0.5942371922078536,0.7824992033347976,0.952684124671582
263,Singaporandia,1.0,10.153250594162438,1.6922084323604063,0.6768833729441626,6.0,0.007685807417633,0.7118945818895502,8.851217755431536e-05,-0.0,-0.0,0.0,-0.0,0.0,0.0,0.0,0.0
264,Sinomarsdenia,1.0,4.231902964329361,0.7053171607215601,0.282126864288624,6.0,0.0032034658154351,0.2967196331311391,3.689212071518396e-05,-0.0,-0.0,0.0,-0.0,0.0,0.0,0.0,0.0
265,Skytanthus,1.0,,,,,,,,,,,,,,,
266,Solenandra,1.0,42.1311815600621,3.2408601200047773,0.5401433533341296,13.0,0.0147195973459957,0.5680818026445156,0.0003672836189979,-0.0,-0.0,0.0,-0.0,0.0,0.0,0.0,0.0
267,Solenostemma,1.0,926.5895786351766,18.16842311049366,0.7267369244197464,51.0,0.0825187952258044,0.7643267653380091,0.0080776555787255,0.5876929781664841,0.5876930058542259,0.3983083429450211,0.8478617451660525,0.3324633417879785,0.3324633364776846,0.4908896386318296,0.8478617451660525
268,Spermacoce,9.0,1091.6353797705124,21.40461528961789,0.8561846115847156,51.0,0.0972171913450726,0.9004700225287526,0.0095164621086347,1.496729385658594,1.4983418023370765,0.755428978284087,0.9299702548916304,0.8467136273446504,0.8476257328686566,0.9310180535512258,0.9299702548916304
269,Spigelia,1.0,1.7259865971705135,0.4314966492926284,0.2876644328617523,4.0,0.0019598059461216,0.3025436276649464,1.5046494787882017e-05,-0.0,-0.0,0.0,-0.0,0.0,0.0,0.0,0.0
270,Stapelia,2.0,0.5,0.25,0.5,2.0,0.0011354699679212,0.5258620689655172,4.358809857662974e-06,-0.0,-0.0,0.0,-0.0,0.0,0.0,0.0,0.0
271,Stenostomum,5.0,269.8093968584242,10.377284494554775,0.8301827595643821,26.0,0.0471323795685653,0.8731232471280571,0.0023520957174332,1.001768065425116,1.0055645287110455,0.6065088757396451,0.9118485891320204,0.5667094403046692,0.5688570987380601,0.7474835215287655,0.9118485891320204
272,Stephanotis,2.0,210.1816238791876,7.78450458811806,0.5988080452398508,27.0,0.0353562846998115,0.62978087516605,0.0018322834681284,0.3153962874226614,0.5110563258597707,0.1399176954732509,0.2870860727445791,0.1784225907057805,0.2891092620311204,0.1724396392534089,0.2870860727445791
273,Strempeliopsis,1.0,204.01432775671017,8.500596989862924,0.739182346944602,24.0,0.0386086903655629,0.7774159166141504,0.0017785193258608,-0.0,-0.0,0.0,-0.0,0.0,0.0,0.0,0.0
274,Streptocaulon,1.0,144.6306328313335,6.574119674151522,0.6261066356334783,22.0,0.0298588618220759,0.6584914616145203,0.0012608348562105,0.304636097349238,0.3351658012076001,0.165289256198347,0.4394969869215132,0.1723354518714098,0.1896063751528375,0.2037084702896372,0.4394969869215132
275,Strophanthus,10.0,1061.6508161395468,16.851600256183282,0.5436000082639768,63.0,0.0765379440092375,0.5717172500707343,0.0092550680855699,0.3971172706605968,0.4965885146976214,0.1768707482993197,0.2864595585167016,0.2246529051571244,0.2809246882441553,0.2179819209289792,0.2864595585167016
276,Strumpfia,1.0,0.1159420289855072,0.0579710144927536,0.1159420289855072,2.0,0.0002632973838657,0.1219390304847575,1.01073851771895e-06,-0.0,-0.0,0.0,-0.0,0.0,0.0,0.0,0.0
277,Strychnos,89.0,114710.21134839792,220.17315038080216,0.8468198091569313,521.0,1.0,0.8906208337684968,1.0,0.9860239029625972,0.9864423464207576,0.4972548846904773,0.5503104182769614,0.5578028222908343,0.5580395044130724,0.6128349430213001,0.5503104182769614
278,Swertia,49.0,25516.789061621497,103.3068383061599,0.8398929943590236,247.0,0.4692072495101458,0.8833357354465593,0.222445663395405,1.1429276800198038,1.157942397011977,0.6334316877321238,0.6378800835986161,0.6465647370959784,0.655058659750428,0.7806641708524097,0.6378800835986161
279,Syringantha,1.0,6.4504454780199225,1.2900890956039843,0.6450445478019923,5.0,0.0058594296960038,0.6784089209641643,5.623253067182158e-05,-0.0,-0.0,0.0,-0.0,0.0,0.0,0.0,0.0
280,Tabernaemontana,75.0,100485.61906977808,199.3762283130517,0.7927484227159115,504.0,0.9055428782674864,0.8337526514770793,0.8759954139094304,0.4259049322008284,0.4376357156857095,0.1934633859425546,0.2646296131776176,0.2409383509825728,0.2475745478494946,0.2384312889648397,0.2646296131776176
281,Tabernanthe,1.0,118.51218818136324,5.925609409068162,0.6237483588492803,20.0,0.0269134061025128,0.6560112049966568,0.0010331441881962,-0.0,-0.0,0.0,-0.0,0.0,0.0,0.0,0.0
282,Tamilnadia,1.0,15.512229770170322,2.216032824310046,0.7386776081033487,7.0,0.0100649548797266,0.776885070591453,0.0001352297200731,0.9556998911125344,1.1825433026691297,0.5714285714285715,0.8699155297736259,0.5406482489155604,0.6689756182537225,0.7042492830013177,0.8699155297736259
283,Tarenna,5.0,2849.5745737896827,33.52440675046686,0.7982001607254013,85.0,0.15226382823012,0.8394863759353359,0.0248415074847604,0.7683911123797953,0.8151654330472633,0.4631141868512112,0.5542770236467425,0.4346859440433889,0.4611465798512379,0.5707587095659815,0.5542770236467425
284,Telosma,2.0,120.68535335709642,5.247189276395496,0.4770172069450451,23.0,0.0238321033573811,0.5016905107525474,0.0010520890157769,0.4620369094664569,0.4658402059648452,0.2873345935727789,0.6665783579949204,0.2613785439973261,0.2635300873036765,0.354121567633933,0.6665783579949204
285,Thevetia,1.0,25.981806413944494,1.9986004933803456,0.3331000822300576,13.0,0.0090774033524235,0.350329396828164,0.0002264995078339,-0.0,-0.0,0.0,-0.0,0.0,0.0,0.0,0.0
286,Thiollierea,1.0,0.2987012987012987,0.1493506493506493,0.2987012987012987,2.0,0.0006783327081087,0.3141513658755038,2.6039643305519063e-06,-0.0,-0.0,0.0,-0.0,0.0,0.0,0.0,0.0
287,Timonius,2.0,7.352852785307254,1.470570557061451,0.7352852785307255,5.0,0.0066791548130097,0.7733172756961078,6.409937440508382e-05,0.6730116670092565,0.7070860020527115,0.48,0.9709505944546688,0.3807289115045549,0.4000050520890865,0.5915693977211068,0.9709505944546688
288,Tinadendron,1.0,10.743664974337989,1.534809282048284,0.5116030940160946,7.0,0.0069709193850101,0.5380653230169271,9.365918559514568e-05,-0.0,-0.0,0.0,-0.0,0.0,0.0,0.0,0.0
289,Tocoyena,2.0,81.77503458364235,5.451668972242824,0.7788098531775463,15.0,0.0247608255721183,0.8190931214453504,0.0007128836537078,0.6365141682948128,0.6373523863030217,0.4444444444444444,0.9182958340544894,0.3600819396326721,0.3605561045504028,0.5477494423343582,0.9182958340544894
290,Trachelospermum,4.0,4152.263063320386,39.92560637808064,0.7752544927782647,104.0,0.1813373079734154,0.8153538630943818,0.0361978503440215,0.96663652432474,0.9929107969420397,0.5704511834319527,0.6972808599927233,0.5468352032620004,0.5616987663418755,0.7030447146086102,0.6972808599927233
291,Tricalysia,1.0,0.2403846153846154,0.1201923076923077,0.2403846153846154,2.0,0.000545899023039,0.2528183023872679,2.0955816623379683e-06,-0.0,-0.0,0.0,-0.0,0.0,0.0,0.0,0.0
292,Tripterospermum,4.0,976.5749537855304,18.780287572798663,0.7364818655999475,52.0,0.0852978101113467,0.7745757551999448,0.0085134090706142,0.7506793691085897,0.7583620153641727,0.443758573388203,0.6832978083821248,0.4246662474065377,0.4290123642350321,0.5469041499850767,0.6832978083821248
293,Uncaria,27.0,11573.661035083049,68.48320139102395,0.8152762070359995,169.0,0.3110424739464295,0.8574456660206201,0.1008947756179396,1.0787582578637975,1.0957785104012316,0.6404021750282138,0.7781595944690591,0.6102635027386303,0.6198919775793706,0.7892548520431819,0.7781595944690591
294,Urceola,3.0,117.09949836201876,5.57616658866756,0.557616658866756,21.0,0.0253262787902305,0.5864588998426228,0.0010208288955755,0.3144922012814106,0.3456795371103076,0.1723356009070293,0.4537163391869447,0.1779111408315244,0.1955540922130034,0.2123926409051591,0.4537163391869447
295,Utania,1.0,37.38843187103797,3.398948351912543,0.6797896703825086,11.0,0.0154376151044478,0.7149512050574659,0.000325938130804,0.304636097349238,0.4937704283327738,0.165289256198347,0.4394969869215132,0.1723354518714098,0.2793304708789551,0.2037084702896372,0.4394969869215132
296,Vallaris,1.0,1.856586679460772,0.6188622264869239,0.6188622264869239,3.0,0.002810797889827,0.6508723416500407,1.6185016640078758e-05,0.6365141682948128,1.0662472192320789,0.4444444444444444,0.9182958340544894,0.3600819396326721,0.603185854663513,0.5477494423343582,0.9182958340544894
297,Vallesia,2.0,163.2980568205977,7.422638946390805,0.7069179948943624,22.0,0.0337127344253962,0.7434827187682087,0.0014235703596136,-0.0,-0.0,0.0,-0.0,0.0,0.0,0.0,0.0
298,Vangueria,2.0,9.48433154255956,1.354904506079937,0.451634835359979,7.0,0.0061538135042195,0.4749952578785986,8.268079564210496e-05,-0.0,-0.0,0.0,-0.0,0.0,0.0,0.0,0.0
299,Veratrilla,1.0,,,,,,,,,,,,,,,
300,Vinca,5.0,7257.794539977357,53.761441036869314,0.8024095677144674,135.0,0.2441780069181269,0.8439135108721122,0.0632706927714916,0.4639446861387,0.4892099542306779,0.2150735294117647,0.3346653489695445,0.2624577908684013,0.2767505687518249,0.2650644130413966,0.3346653489695445
301,Vincetoxicum,26.0,24276.41146648403,98.68459945725216,0.8055885669979768,246.0,0.4482135959201722,0.8472569411530445,0.211632523217586,1.1398941020981002,1.14316852456466,0.5768329262895638,0.6361870115240421,0.6448486140676408,0.6467009442806115,0.7109098058142101,0.6361870115240421
302,Voacanga,5.0,1481.930809735646,23.15516890211947,0.7350847270514118,64.0,0.1051679955619986,0.7731063508644158,0.0129189092437004,-0.0,-0.0,0.0,-0.0,0.0,0.0,0.0,0.0
303,Wendlandia,2.0,29.31820271814054,3.2575780797933933,0.8143945199483483,9.0,0.0147955283110552,0.8565183744284353,0.0002555849420335,0.3488320958430319,0.5623257226734768,0.1975308641975308,0.5032583347756457,0.1973375361208165,0.3181128311634559,0.243444196593048,0.5032583347756457
304,Wrightia,5.0,1206.6589347558702,21.16945499571702,0.7560519641327508,57.0,0.0961491215395847,0.7951581002085827,0.0105191937193019,0.7474359091744861,0.7537589706449754,0.4575999999999999,0.6803454839201113,0.4228313921867055,0.4264083795184266,0.563962825827455,0.6803454839201113
305,Xestaea,1.0,21.54215821103234,2.393573134559149,0.5983932836397873,9.0,0.0108713216412597,0.6293446603797763,0.0001877963431311,0.9433483923290392,1.087256154627757,0.58,0.858672711073255,0.5336608920571165,0.6150708025664388,0.7148130222463374,0.858672711073255
306,Xysmalobium,1.0,5.534602458460926,0.9224337430768208,0.3689734972307283,6.0,0.0041895832506434,0.3880583332943867,4.824855950837042e-05,-0.0,-0.0,0.0,-0.0,0.0,0.0,0.0,0.0
307,Zeltnera,1.0,0.3636363636363636,0.1818181818181818,0.3636363636363636,2.0,0.0008257963403063,0.3824451410658307,3.1700435328457998e-06,-0.0,-0.0,0.0,-0.0,0.0,0.0,0.0,0.0
