,Genus,FAD,MFAD,APWD,N,MFAD_minmax,APWD_minmax,FAD_minmax
0,Acokanthera,164.0720505269872,8.20360252634936,0.8635371080367747,20,0.04098294581252466,0.9082028205214355,0.0017328941146944887
1,Adenium,172.4935375707863,5.948053019682286,0.4248609299773061,29,0.029714839768588956,0.44683649532095987,0.0018218400703786041
2,Adina,4519.395095674552,41.846250885875484,0.7821729137546819,108,0.20905237997632753,0.8226301334316481,0.047732890142586415
3,Afrocanthium,0.0,0.0,0.0,1,0.0,0.0,0.0
4,Aganosma,27.677796213836988,3.075310690426332,0.768827672606583,9,0.015363407841567677,0.8085946211896822,0.0002923269990995964
5,Aidia,5.994266898001324,1.1988533796002647,0.5994266898001324,5,0.005989142323206132,0.6304315185828978,6.33101725497477e-05
6,Alafia,84.88363834264499,4.993155196626176,0.624144399578272,17,0.02494443242460695,0.6564277305909412,0.0008965229412649432
7,Alberta,4.935655130046826,1.2339137825117066,0.8226091883411377,4,0.006164294469847776,0.8651579394622311,5.212934012556259e-05
8,Alibertia,138.9859177727294,6.618377036796638,0.6618377036796639,21,0.033063594511641634,0.69607068835275,0.0014679397140475146
9,Allamanda,1103.4070890643275,20.43346461230236,0.7710741363132966,54,0.10207997892125875,0.8109572812950188,0.011653951081919606
10,Alstonia,68105.0963354127,166.51612795944425,0.8162555292129621,409,0.8318688560488047,0.8584756427929429,0.7193115478307847
11,Alyxia,65.82680680684561,5.063600523603508,0.8439334206005847,13,0.02529635793647623,0.8875851492523391,0.0006952487382118203
12,Amaioua,0.0,0.0,0.0,1,0.0,0.0,0.0
13,Amalocalyx,1.0853878289819237,0.36179594299397455,0.36179594299397455,3,0.0018074331952686166,0.38050952625228357,1.1463635487961628e-05
14,Amsonia,934.7184801571426,19.473301669940472,0.8286511348910839,48,0.09728326848683422,0.8715124004888986,0.009872297859129055
15,Anodendron,1502.6607175347526,23.47907371148051,0.7453674194120796,64,0.11729500576792082,0.7839209066230493,0.015870783021452287
16,Anthocleista,196.678263883336,8.939921085606182,0.8514210557720173,22,0.04466139116843432,0.8954600758981561,0.0020772740078341544
17,Antirhea,0.4918032786885246,0.2459016393442623,0.4918032786885246,2,0.0012284570745703274,0.5172413793103449,5.194321668373478e-06
18,Antonia,21.003634742940182,2.33373719366002,0.583434298415005,9,0.011658710260674188,0.6136119345399191,0.0002218359246217076
19,Apocynum,926.2735854114858,19.707948625776293,0.856867331555491,47,0.0984555002527207,0.9011880556014646,0.009783104676274574
20,Apteranthes,0.0,0.0,0.0,1,0.0,0.0,0.0
21,Araujia,298.8554900750255,8.789867355147809,0.5327192336453217,34,0.04391176393032881,0.5602736767649072,0.0031564481472117958
22,Argostemma,0.0,0.0,0.0,1,0.0,0.0,0.0
23,Asclepias,24532.1539422598,95.08586799325504,0.7399678443054867,258,0.47502288939376264,0.7782420431488739,0.2591033942147796
24,Asperula,7.89077903324495,1.57815580664899,0.789077903324495,5,0.007884033106172254,0.8298922776343827,8.334073050922045e-05
25,Aspidosperma,4967.103905973243,44.34914201761824,0.7990836399570854,112,0.22155613686818035,0.8404155523686588,0.05246149541064735
26,Baroniella,7.0331443669186555,1.406628873383731,0.7033144366918656,5,0.007027131642599411,0.7396927696242034,7.428257550316503e-05
27,Bathysa,0.0,0.0,0.0,1,0.0,0.0,0.0
28,Beaumontia,74.91571552044407,4.994381034696271,0.7134830049566102,15,0.024950556375034863,0.7503872983164349,0.00079124385967341
29,Benkara,0.0,0.0,0.0,1,0.0,0.0,0.0
30,Blackstonia,15.393761366081398,1.9242201707601747,0.5497771916457642,8,0.009612875652658458,0.5782139429377865,0.00016258563471726782
31,Boucerosia,7.1606066025249016,1.0229438003607003,0.34098126678690005,7,0.0051103463636599,0.35861822886208455,7.562880453619303e-05
32,Bousigonia,3.796756500945188,0.949189125236297,0.6327927501575313,4,0.004741888257073782,0.6655234096484381,4.0100534943541496e-05
33,Bouvardia,2.156648437601003,0.7188828125336677,0.7188828125336677,3,0.0035913411524989276,0.7560664062854091,2.2778062278005884e-05
34,Breonadia,0.8823529411764706,0.4411764705882353,0.8823529411764706,2,0.0022039965161408815,0.9279918864097363,9.319224169728887e-06
35,Breonia,52.24099103344999,4.353415919454165,0.7915301671734847,12,0.021748470644855595,0.8324713827169408,0.0005517582404614528
36,Buchozia,0.0,0.0,0.0,1,0.0,0.0,0.0
37,Burchellia,0.0,0.0,0.0,1,0.0,0.0,0.0
38,Callichilia,122.58364799733928,6.4517709472283835,0.7168634385809315,19,0.03223127623209538,0.7539425819558072,0.0012947024279277213
39,Calotropis,1273.70585807322,21.96044582884862,0.7705419589069692,58,0.10970835782594794,0.8103975774711227,0.013452610473372054
40,Calycophyllum,50.621739350168426,3.8939799500129557,0.6489966583354926,13,0.0194532546858356,0.682565451008018,0.0005346560484479129
41,Canscora,230.12364379445992,8.218701564087855,0.6087927084509521,28,0.04105837645942283,0.6402819864742773,0.0024305169997121336
42,Canthium,47.44534536946958,3.3889532406763982,0.5213774216425229,14,0.016930279907847633,0.5483452193136878,0.0005011076505494016
43,Caralluma,144.2050184869808,6.0085424369575335,0.5224819510397856,24,0.030017028289115174,0.5495068795418434,0.0015230627461707488
44,Carapichea,1961.7803886641677,28.431599835712575,0.8362235245797817,69,0.1420364665021036,0.8794764655063221,0.020719907375571143
45,Carissa,1143.0092844460291,21.980947777808254,0.8619979520709119,52,0.10981077993386518,0.906584053040097,0.012072221049811815
46,Cascabela,1784.5842365222943,25.863539659743395,0.7606923429336293,69,0.12920714295833086,0.8000384986026101,0.018848399289904505
47,Catharanthus,39379.99168765256,130.39732346904822,0.8664273984654366,302,0.6514292257170566,0.9112426087308902,0.415923099717867
48,Catunaregam,472.2718279527186,13.493480798649102,0.7937341646264178,35,0.06740972525389607,0.8347893800381291,0.004988034638237554
49,Centaurium,875.8553170498628,19.040332979344843,0.8462370213042153,46,0.0951202757859803,0.8900079017165022,0.009250597645148191
50,Cephalanthus,344.72135170533375,11.490711723511124,0.7924628774835258,30,0.05740444084162146,0.8334523366637082,0.0036408736263184864
51,Cerbera,1668.5198639725977,25.280603999584812,0.7778647384487635,66,0.12629495645298358,0.8180991214719754,0.017622552063207012
52,Ceriscoides,0.0,0.0,0.0,1,0.0,0.0,0.0
53,Ceropegia,147.16985778940023,5.6603791457461625,0.452830331659693,26,0.02827770007912503,0.47625259019381505,0.0015543767485354139
54,Chassalia,3.4478404661628215,0.8619601165407054,0.5746400776938035,4,0.004306116079525034,0.6043628403331383,3.6415357966385066e-05
55,Chimarrhis,263.4416035164628,9.757096426535659,0.7505458789642815,27,0.048743774805266545,0.7893672175313995,0.0027824142066431223
56,Chiococca,206.78213544998442,8.990527628260192,0.8173206934781994,23,0.04491420756082863,0.8595959017615545,0.0021839889511608003
57,Chione,21.22630457479039,2.653288071848799,0.7580823062425139,8,0.013255098711125263,0.7972934600136784,0.00022418771604440193
58,Chironia,147.67393477079733,6.712451580490788,0.6392811029038845,22,0.03353356510250972,0.6723473668471889,0.0015597007024423125
59,Chonemorpha,5.03391821719995,1.2584795542999876,0.8389863695333251,4,0.006287018320839858,0.8823822162333246,5.316717396059077e-05
60,Ciliosemina,46.80250234414252,3.9002085286785433,0.7091288233960987,12,0.019484370954709052,0.7458079004683107,0.000494318079189236
61,Cinchona,2479.1405964033947,30.989257455042434,0.7845381634187958,80,0.15481382172906777,0.8251177235956301,0.02618415589497975
62,Coccochondra,524.7427984737617,14.182237796588154,0.787902099810453,37,0.0708505661081268,0.8286556566972005,0.005542221873151568
63,Coelospermum,34.21031217361191,3.421031217361191,0.760229159413598,10,0.017090532671926065,0.7995513573143014,0.00036132204380393375
64,Coffea,49581.33734671015,149.7925599598494,0.9078336967263599,331,0.748322502002753,0.9547906120742751,0.5236675436848018
65,Comastoma,0.2195121951219512,0.1097560975609756,0.2195121951219512,2,0.0005483113284057802,0.23086627417998315,2.318441134908162e-06
66,Coprosma,79.4044708096553,4.962779425603456,0.6617039234137941,16,0.024792683412652835,0.695929988417956,0.0008386531386943878
67,Coptosperma,0.9148936170212766,0.4574468085106383,0.9148936170212766,2,0.00228527865716168,0.9622157006603081,9.662911869605413e-06
68,Cordiera,765.9702782809736,17.813262285604036,0.8482505850287637,43,0.08899016750877013,0.8921256152888721,0.008090015228070013
69,Corynanthe,30.886087824074718,3.088608782407472,0.6863575072016604,10,0.015429841457935918,0.7218587575741601,0.0003262122929796177
70,Coussarea,431.1002075051184,13.063642651670255,0.816477665729391,33,0.06526237188941886,0.858709269129187,0.0045531887364710835
71,Coutarea,57.37110901159876,3.5856943132249226,0.47809257509665637,16,0.017913144288399508,0.5028215013947592,0.0006059414558443809
72,Coutoubea,3.955447767013188,0.988861941753297,0.659241294502198,4,0.004940082755688768,0.6933399821488635,4.1776598356776054e-05
73,Craspidospermum,0.8202247191011236,0.4101123595505618,0.8202247191011236,2,0.0020488087464650443,0.8626501356063542,8.663039097103782e-06
74,Crioceras,41.13528403469207,3.7395712758810973,0.7479142551762195,11,0.018681871344845554,0.7865994752715412,0.00043446212429873384
75,Crossopteryx,54.85633429268543,4.219718022514264,0.7032863370857106,13,0.021080552660294877,0.739663216590144,0.0005793809399235379
76,Crucianella,28.94240136024833,2.894240136024833,0.6431644746721851,10,0.01445882906712738,0.6764316026724705,0.0003056834897912765
77,Cruciata,107.26442241292067,5.9591345784955925,0.7010746562935991,18,0.029770200193829616,0.7373371385156818,0.0011329040242894991
78,Cruckshanksia,1.8220957125066715,0.6073652375022238,0.6073652375022238,3,0.0030342299662879557,0.6387806808213043,1.924458752402509e-05
79,Cryptolepis,1290.474056152123,23.463164657311328,0.8690060984189381,55,0.1172155285013358,0.9139546897164693,0.013629712616434397
80,Cryptostegia,275.7814931177613,9.509706659233148,0.6792647613737962,29,0.0475078834520023,0.7143991455827856,0.002912745497057223
81,Curtia,7.006378497421447,1.1677297495702412,0.46709189982809646,6,0.005833657212986252,0.49125182568127385,7.399988008016388e-05
82,Cyclocotyla,0.0,0.0,0.0,1,0.0,0.0,0.0
83,Cynanchum,5195.299867541829,44.02796497916805,0.7526147859686846,118,0.21995162456754735,0.7915431369670648,0.05487165264052978
84,Cyrtophyllum,10.696077910302009,1.7826796517170014,0.7130718606868006,6,0.008905778081366892,0.7499548879637041,0.0001129697008207217
85,Damnacanthus,124.77495675132104,6.238747837566052,0.6567102986911634,20,0.03116707126457462,0.6906780727613959,0.0013178465650982927
86,Debia,1.0779340709683347,0.2694835177420837,0.17965567849472244,4,0.0013462656643248017,0.18894821358927705,1.1384910480548006e-05
87,Decalepis,20.603445950379953,2.575430743797494,0.7358373553707126,8,0.01286614487695474,0.7738979082347149,0.00021760921567788143
88,Deppea,0.0,0.0,0.0,1,0.0,0.0,0.0
89,Desmidorchis,237.9925793441209,7.67717997884261,0.5118119985895073,31,0.038353083301552786,0.5382850329993094,0.0025136270239918316
90,Dimetia,355.2130478838236,11.840434929460788,0.8165817192731577,30,0.0591515619573486,0.8588187047528038,0.003751684690740926
91,Dioecrescis,7.317555957577405,1.463511191515481,0.7317555957577405,5,0.007311300086182171,0.7696050231245202,7.72864702556255e-05
92,Diplorhynchus,2.210631364168222,0.7368771213894073,0.7368771213894073,3,0.0036812357789633306,0.7749914552543766,2.33482184712262e-05
93,Diplospora,1336.715162439058,21.913363318673085,0.7304454439557695,61,0.1094731465322457,0.7682271048500334,0.014118101349824498
94,Dischidanthus,73.47600035209196,4.898400023472798,0.6997714319246853,15,0.024471061595836507,0.7359665059897552,0.00077603789415972
95,Dischidia,36.79759562279208,3.679759562279208,0.8177243471731573,10,0.0183830684457988,0.8600204340959069,0.00038864838151794507
96,Diyaminauclea,0.0,0.0,0.0,1,0.0,0.0,0.0
97,Dolichopentas,49.27535444306389,4.106279536921991,0.746596279440362,12,0.020513845132333765,0.7852133283769325,0.0005204358173107932
98,Dunnia,0.8255813953488372,0.4127906976744186,0.8255813953488372,2,0.002062188988358174,0.8682838813151564,8.719615172761836e-06
99,Duroia,6.509039436510763,1.3018078873021526,0.6509039436510763,5,0.006503474776143643,0.6845713890123388,6.874709065690955e-05
100,Dyera,2.2071066410049465,0.7357022136683155,0.7357022136683155,3,0.003675366262575431,0.7737557764442627,2.331099109455876e-05
101,Echites,0.0,0.0,0.0,1,0.0,0.0,0.0
102,Emmenopterys,0.28395061728395066,0.14197530864197533,0.28395061728395066,2,0.0007092696607498641,0.2986377181779481,2.9990260496823007e-06
103,Enicostema,0.0,0.0,0.0,1,0.0,0.0,0.0
104,Eumachia,93.55824575287699,4.677912287643849,0.4924118197519841,20,0.023369565405500576,0.5178813966357074,0.0009881423004439991
105,Eustoma,140.39323971579864,7.0196619857899325,0.7389117879778876,20,0.03506830393864655,0.7771313632181232,0.0014828035492028139
106,Exacum,10.411246410845877,1.7352077351409794,0.6940830940563918,6,0.00866862142020457,0.7299839437489638,0.0001099613710808191
107,Exallage,31.378604252138086,3.4865115835708984,0.8716278958927246,9,0.01741765460299687,0.9167120974044173,0.00033141414678006725
108,Exostema,86.00143585578142,4.777857547543412,0.5621008879462838,18,0.023868864482647023,0.5911750718055743,0.0009083288809463983
109,Fadogia,17.754405311239122,2.2193006639048902,0.6340859039728258,8,0.011087016778101854,0.666883450730041,0.00018751825417508424
110,Fagraea,286.27464546686235,10.22409448095937,0.7573403319229163,28,0.051076768864587244,0.7965131077120327,0.0030235719412440654
111,Faramea,70.38921306127747,5.027800932948391,0.773507835838214,14,0.025117513010821088,0.8135168618298458,0.0007434359030687004
112,Feretia,6.115233134872138,1.2230466269744276,0.6115233134872138,5,0.006110005144506855,0.6431538297020697,6.458779222523104e-05
113,Forsteronia,0.3367231638418078,0.11224105461393592,0.11224105461393592,3,0.0005607254915640779,0.11804662640431192,3.556398466579776e-06
114,Frasera,46.5645781989272,3.5818906306867078,0.596981771781118,13,0.017894142134790653,0.6278601392870379,0.000491805174951963
115,Funastrum,1.0410972272879744,0.2602743068219936,0.17351620454799574,4,0.001300258975080422,0.18249118064530587,1.0995847569390463e-05
116,Funtumia,23.63266628084773,2.625851808983081,0.6564629522457702,9,0.013118034674842136,0.6904179325343446,0.0002496031967728948
117,Galianthe,0.19999999999999996,0.09999999999999998,0.19999999999999996,2,0.0004995725436585998,0.21034482758620685,2.112357478471881e-06
118,Galium,6562.190098737277,50.86969068788587,0.7948389169982167,129,0.2541310077207333,0.8359512747739866,0.0693084566511091
119,Gardenia,29949.188422036503,112.16924502635395,0.8433777821530372,267,0.560366750580804,0.8870007708850908,0.3163169606872614
120,Gardneria,286.42096976110247,9.876585164175948,0.7054703688697105,29,0.049340707731281686,0.7419602155353852,0.0030251173873301665
121,Geissospermum,105.4894631662226,6.205262539189565,0.7756578173986957,17,0.030999787907723533,0.8157780493331109,0.0011141572820957718
122,Gelsemium,6486.728177626398,49.14188013353332,0.7502577119623407,132,0.24549934058475256,0.7890641453397031,0.068511443884117
123,Geniostoma,1.6802785182461624,0.5600928394153875,0.5600928394153875,3,0.002798070044717128,0.5890631586954937,1.7746744469664663e-05
124,Genipa,162.22218728543197,7.373735785701453,0.702260551019186,22,0.036837159427293195,0.7385843726236268,0.0017133562524322416
125,Gentiana,49657.63545070438,144.3535914264662,0.8417119033613191,344,0.7211509085517398,0.8852487259489735,0.524473388037629
126,Gentianella,2086.6670167475904,28.19820292902149,0.7725535049046984,74,0.14087047963852647,0.8125131689514932,0.022038933389536913
127,Gentianopsis,364.4991835559929,11.390599486124778,0.7348773862015986,32,0.056904307590796954,0.7728882854878881,0.0038497628814069826
128,Gomphocarpus,463.4035735610846,12.52442090705634,0.6958011615031301,37,0.06256856810389085,0.731790876753292,0.004894370020811758
129,Gongronemopsis,304.1936346050784,8.4498231834744,0.48284703905568,36,0.04221299661233714,0.5078218859033876,0.003212828494807901
130,Gonioma,26.67854738100101,2.9642830423334456,0.7410707605833614,9,0.014808744195825724,0.7794020068204318,0.0002817731453751195
131,Guettarda,480.42449517595855,12.984445815566447,0.7213581008648027,37,0.06486672624079794,0.7586697267716028,0.005074141376130071
132,Guettardella,0.0,0.0,0.0,1,0.0,0.0,0.0
133,Gymnema,4917.225936937285,39.97744664176655,0.6553679777338778,123,0.19971634707803265,0.689266321409768,0.051934694906126885
134,Gynochthodes,1128.808585455627,20.523792462829583,0.7601404615862808,55,0.10253123206176974,0.7994580716683298,0.011922236286252297
135,Halenia,833.0770697157604,17.00157285134205,0.7083988688059187,49,0.08493518995541943,0.7450401896062249,0.008798782891787637
136,Hamelia,34.36246661352622,3.436246661352622,0.7636103691894717,10,0.017166544852503008,0.8031074572509961,0.0003629290666491123
137,Hancornia,2.6859985785358917,0.895332859511964,0.895332859511964,3,0.004472837140475197,0.9416431798315483,2.8368945922675668e-05
138,Haplophyton,142.43878886141493,7.121939443070747,0.7496778361127102,20,0.03557925403357365,0.7884542759116435,0.0015044082043794355
139,Hedyotis,627.2306230855863,14.934062454418722,0.7284908514350596,42,0.07460647567510353,0.7661714127161834,0.00662467648700708
140,Heinsia,1.8118018543193426,0.6039339514397809,0.6039339514397809,3,0.0030170882032256067,0.6351719144452868,1.9135865982403424e-05
141,Helia,576.9234411842363,15.59252543741179,0.8662514131895439,37,0.07789597594829231,0.9110575207683134,0.0060933427274562696
142,Hemidesmus,206.29178211312302,8.969207917961871,0.8153825379965337,23,0.04480770014179066,0.8575574968584234,0.0021788099434697362
143,Heterophyllaea,62.28529689790958,4.448949778422113,0.6844538120649405,14,0.022225731574156995,0.7198565954476098,0.0006578440635057038
144,Heterostemma,26.910640292999567,2.9900711436666185,0.7475177859166546,9,0.014937574469617115,0.7861824989813092,0.00028422446136692185
145,Himalrandia,29.230061440122817,3.247784604458091,0.8119461511145227,9,0.01622504016104368,0.8539433658273429,0.00030872169439617996
146,Himatanthus,307.0409586892465,11.371887358860981,0.8747605660662293,27,0.05681082694065257,0.9200068022420688,0.003242901326422029
147,Hintonia,231.95164645782913,8.921217171454966,0.7136973737163973,26,0.04456795154874537,0.7506127551155213,0.002449823975195306
148,Hoffmannia,237.3212517748938,9.888385490620575,0.85985960788005,24,0.04939965892226113,0.904335104839363,0.0025065366049350254
149,Holarrhena,2844.07199981751,33.45967058608835,0.7966588234782941,85,0.1671553274467099,0.837865314347861,0.03003848379063498
150,Hoodia,427.41558085925783,10.176561449029949,0.49641763165999747,42,0.05083930688789938,0.5220944057113767,0.004514272493217282
151,Hoppea,27.448690055948546,2.744869005594855,0.60997089013219,10,0.013712611911346732,0.6415211085873033,0.0002899072285696983
152,Hoya,3955.1525116785297,39.9510354715003,0.8153272545204143,99,0.19958440412292355,0.8574993538921599,0.04177347993270493
153,Hunteria,1980.3504834805372,27.50486782611857,0.7747850091864387,72,0.13740676782887637,0.8148600958684958,0.02091604076887759
154,Hydnophytum,7.523235376800358,1.5046470753600716,0.7523235376800358,5,0.007516803667461039,0.7912368241117618,7.945881255244228e-05
155,Hymenodictyon,388.5040052359484,12.532387265675755,0.8354924843783836,31,0.06260836584428282,0.8787076128807139,0.004103296704382173
156,Ichnocarpus,2.2530881893525923,0.7510293964508641,0.7510293964508641,3,0.003751936659473412,0.7898757445431501,2.379663843217809e-05
157,Isertia,392.9614189395496,11.907921786046957,0.7442451116279348,33,0.05948870776343136,0.7827405484362763,0.004150374960239398
158,Ixanthus,4.317211963094316,1.079302990773579,0.719535327182386,4,0.005391901404790912,0.7567526716918197,4.559747488195274e-05
159,Ixora,1686.5567571247252,26.77074217658294,0.863572328276869,63,0.13373927764784102,0.9082398624980864,0.017813053893898485
160,Jasminanthes,173.4022475795938,6.936089903183752,0.5780074919319793,25,0.034650800759782385,0.6079044311698403,0.001831437672292938
161,Keetia,15.84371749639959,2.26338821377137,0.75446273792379,7,0.01130726607240658,0.7934866726439861,0.00016733797570157733
162,Kibatalia,54.734646154402185,4.210357396492475,0.701726232748746,13,0.02103378954277546,0.7380224172012674,0.0005780956956788182
163,Knoxia,8.77455605906285,1.4624260098438082,0.5849704039375233,6,0.007305878816501679,0.6152274937963608,9.267499555816084e-05
164,Kopsia,31985.549135528792,111.83758438996081,0.78482515361376,286,0.5587098651032605,0.8254195581110235,0.33782456959732027
165,Ladenbergia,0.2857142857142857,0.14285714285714285,0.2857142857142857,2,0.0007136750623694283,0.3004926108374384,3.0176535406741158e-06
166,Lamprothamnus,0.5,0.25,0.5,2,0.0012489313591464996,0.5258620689655172,5.280893696179703e-06
167,Lasianthus,247.1900268338155,9.50730872437752,0.7605846979502016,26,0.04749590402784876,0.7999252857752119,0.0026107685089303756
168,Leichhardtia,9.520759688053563,1.5867932813422605,0.6347173125369042,6,0.007927183558205294,0.6675475183577786,0.00010055623963896779
169,Leptactina,0.0,0.0,0.0,1,0.0,0.0,0.0
170,Leptadenia,575.6008402018908,13.70478190956883,0.6685259468082356,42,0.06846532758849663,0.7031048750914203,0.006079373697075812
171,Leptopetalum,54.12260555083493,4.510217129236245,0.8200394780429535,12,0.02253180643705139,0.8624553131141408,0.0005716314529484495
172,Leptostigma,0.0,0.0,0.0,1,0.0,0.0,0.0
173,Lerchea,0.0,0.0,0.0,1,0.0,0.0,0.0
174,Leuconotis,719.3560084217502,16.349000191403412,0.7604186135536471,44,0.08167511611894339,0.799750610806422,0.007597685220366827
175,Lisianthius,0.295774647887324,0.147887323943662,0.295774647887324,2,0.0007388044659739859,0.3110733365711511,3.123908947035881e-06
176,Lomatogonium,51.06176245078343,3.9278278808294944,0.654637980138249,13,0.019622349654791583,0.6884985653178136,0.0005393034788843353
177,Luculia,4.128511015430029,0.8257022030860058,0.4128511015430029,5,0.004124981499001857,0.4342054688641927,4.3604455591985814e-05
178,Macoubea,0.0,0.0,0.0,1,0.0,0.0,0.0
179,Malouetia,10.143390992703589,1.6905651654505982,0.6762260661802393,6,0.00844559939924777,0.7112032764999068,0.00010713233910250872
180,Mandevilla,230.15081901696794,9.589617459040332,0.8338797790469853,24,0.04790709586725698,0.8770114917563121,0.0024308040186346034
181,Marsdenia,1096.09024590546,20.29796751676778,0.7659610383685954,54,0.10140307263451313,0.805579712766971,0.011576672140092408
182,Mascarenhasia,0.0,0.0,0.0,1,0.0,0.0,0.0
183,Matelea,325.05766525296525,10.485731137192428,0.6990487424794951,31,0.05238383376327404,0.7352064360560208,0.0034331899506585524
184,Melanopsidium,1.8382352941176472,0.6127450980392157,0.6127450980392157,3,0.0030611062724178917,0.6444388100067614,1.941505035360185e-05
185,Melodinus,6690.2710261928,50.68387141055151,0.7737995635198704,132,0.2532027056303461,0.8138236788743465,0.07066122017591053
186,Metagentiana,344.52686547701217,11.113769854097166,0.7409179902731444,31,0.055521342756475876,0.7792413345976174,0.003638819504124212
187,Mexotis,0.575,0.2875,0.575,2,0.0014362710630184746,0.6047413793103448,6.073027750606658e-06
188,Microplumeria,0.7621487119437939,0.25404957064793127,0.25404957064793127,3,0.001269161902239622,0.26719006568144493,8.049652656910923e-06
189,Mitchella,20.261681858838973,2.5327102323548716,0.7236314949585347,8,0.012652724931276867,0.7610607102150106,0.00021399957600468273
190,Mitracarpus,293.7931991304664,10.492614254659514,0.7772306855303344,28,0.05241821992828737,0.8174322727129378,0.0031029813065370964
191,Mitragyna,1835.9827478196944,27.402727579398423,0.8303856842241947,67,0.13689650320023738,0.8733366678909633,0.019391259438511426
192,Mondia,38.501166702538995,3.5001060638671815,0.7000212127734363,11,0.017485568894010175,0.7362292065375796,0.0004066411370700041
193,Morinda,18647.53369184939,87.54710653450417,0.8259160993821149,213,0.4373613070139268,0.8686358976260173,0.1969512862451721
194,Mostuea,47.82943922890821,3.9857866024090174,0.7246884731652758,12,0.019911895514458412,0.7621723597083073,0.000505164368231503
195,Mussaenda,676.8462886259438,15.740611363394041,0.7495529220663829,43,0.07863577257552223,0.7883229007939544,0.0071487065977747484
196,Mycetia,15.44118645448405,2.2058837792120074,0.735294593070669,7,0.011019989705961878,0.7733270720226002,0.00016308652841804047
197,Nauclea,2351.89822709889,30.94602930393276,0.8252274481048737,76,0.1545978657549926,0.8679116264551258,0.024840249043085495
198,Neolamarckia,90.70164725418026,5.668852953386266,0.7558470604515022,16,0.02832003289549743,0.7949425980610626,0.0009579715144354312
199,Neonauclea,2295.1268414273604,30.19903738720211,0.805307663658723,76,0.15086609923565716,0.8469615083307259,0.02424064173765316
200,Nerium,4115.974672736456,39.96091915278113,0.7835474343682575,103,0.1996337802809053,0.8240757499390294,0.043472049405778534
201,Nernstia,14.037100409964463,2.005300058566352,0.6684333528554506,7,0.010017928510567316,0.7030074917962498,0.00014825687013524571
202,Notopleura,0.725,0.3625,0.725,2,0.0018109504707624245,0.7625,7.657295859460569e-06
203,Ochrosia,919.758393608958,18.77057946140731,0.7821074775586377,49,0.09377266127481121,0.8225613126047742,0.009714292605635833
204,Odontadenia,0.8571428571428572,0.4285714285714286,0.8571428571428572,2,0.0021410251871082854,0.9014778325123153,9.052960622022348e-06
205,Oldenlandia,779.6469284178867,16.948846269954057,0.7532820564424025,46,0.0846717824315952,0.7922449214308026,0.008234465099055772
206,Oncinotis,5.445458638949738,1.0890917277899477,0.5445458638949738,5,0.0054408032472956355,0.5727120292688518,5.751377639847395e-05
207,Ophiorrhiza,2714.1528491262807,33.50805986575655,0.8377014966439138,81,0.16739706700200643,0.8810308844013576,0.028666305342838313
208,Orbea,102.388022987863,4.266167624494291,0.3709710977821123,24,0.021312602118425797,0.39015925801222157,0.0010814005303218163
209,Orphium,6.944383994383995,1.388876798876799,0.6944383994383995,5,0.006938447152432961,0.7303576269955581,7.334510731958732e-05
210,Orthanthera,1.3846153846153846,0.4615384615384615,0.4615384615384615,3,0.0023057194322704607,0.48541114058355433,1.4624013312497639e-05
211,Orthosia,490.8536460066453,11.686991571586793,0.5700971498335021,42,0.05838500107134232,0.5995849334455798,0.005184291849886633
212,Oxyanthus,19.852893509380372,2.4816116886725466,0.709031911049299,8,0.012397450636830575,0.7457059754139179,0.00020968204036922748
213,Oxyceros,11.160035506851534,1.860005917808589,0.7440023671234356,6,0.009292078875796854,0.7824852481815443,0.00011786992231454783
214,Oxystelma,12.075606735970386,1.725086676567198,0.5750288921890659,7,0.008618059390442355,0.6047717659229831,0.00012753999097906235
215,Paederia,228.26790299101418,8.45436677744497,0.6503359059573054,27,0.04223569516030943,0.6839739700585453,0.0024109170598908135
216,Palicourea,2135.005255691677,29.652850773495516,0.8352915710843807,72,0.14813750087644034,0.8784963075197797,0.022549471592185424
217,Parahancornia,34.92658350744273,3.4926583507442728,0.776146300165394,10,0.017448362164117666,0.8162917984498109,0.0003688871493470966
218,Parepigynum,36.98400060051726,2.311500037532329,0.3082000050043105,16,0.011547619534169745,0.32414138457349895,0.0003906171512615559
219,Parsonsia,181.38632426223597,8.244832921010726,0.7852221829534025,22,0.041188921543894925,0.8258371234509922,0.001915763792739299
220,Pauridiantha,7.307071503636754,1.4614143007273508,0.7307071503636754,5,0.007300824595534166,0.7685023477962792,7.717573568217935e-05
221,Pavetta,202.93270604644655,8.45552941860194,0.7352634277045165,24,0.04224150339631093,0.7732942946547501,0.0021433320962187365
222,Pentagonia,0.0,0.0,0.0,2,0.0,0.0,0.0
223,Pentalinon,6.629315647773168,1.3258631295546335,0.6629315647773167,5,0.0066236481617476,0.6972211284726952,7.001742242862157e-05
224,Pentanisia,0.9508196721311475,0.47540983606557374,0.9508196721311475,2,0.0023750170108359663,0.9999999999999999,1.0042355225522057e-05
225,Pentas,75.27363030277736,5.018242020185157,0.7168917171693082,15,0.0250697593071837,0.7539723232297897,0.0007950240795089969
226,Pergularia,276.247886430596,10.231403201133185,0.7870310154717834,27,0.05111328122386846,0.8277395162720481,0.002917671444068602
227,Periploca,5375.858259168899,45.175279488814276,0.765682703200242,119,0.22568329284715122,0.8052869809519787,0.056778671984801264
228,Petchia,147.99763545740603,7.399881772870302,0.7789349234600318,20,0.03696777760045726,0.8192246608803783,0.0015631195602730343
229,Picralima,61.120030151080606,4.365716439362901,0.6716486829789078,14,0.0218099206650469,0.7063891320985065,0.0006455367638703098
230,Pleiocarpa,108.67555220753866,5.719765905659929,0.7102977268466579,19,0.02857438002622266,0.7470372644421747,0.001147808077163278
231,Plocama,809.1784475089112,17.216562712955557,0.7485462049111111,47,0.08600922027569012,0.7872641120616858,0.008546370725068576
232,Plumeria,10910.967395053865,69.05675566489788,0.8797038938203552,158,0.3449885908432346,0.9252058193627873,0.11523931787152446
233,Pogonopus,4.6845300825357405,0.9369060165071481,0.46845300825357405,5,0.0046805252183552215,0.49268333626669,4.947701076485435e-05
234,Posoqueria,0.5882352941176471,0.29411764705882354,0.5882352941176471,2,0.0014693310107605879,0.6186612576064909,6.212816113152592e-06
235,Potalia,4.519937944107965,0.9039875888215929,0.45199379441079646,5,0.004516073791834076,0.47537278377687214,4.773862359232639e-05
236,Prestonia,0.0,0.0,0.0,1,0.0,0.0,0.0
237,Prismatomeris,71.22371284343934,4.748247522895956,0.6783210746994224,15,0.023720940929337787,0.7134066475287029,0.0007522497123468643
238,Psychotria,620.8293282429644,15.918700724178574,0.8378263539041355,39,0.07952545812517886,0.8811621997957287,0.0065570673718435
239,Psydrax,139.56036294447335,7.3452822602354395,0.8161424733594933,19,0.03669501342636208,0.8583567392229153,0.0014740068818200414
240,Pyrostria,0.0,0.0,0.0,1,0.0,0.0,0.0
241,Rauvolfia,11229.974659517222,68.06045248192255,0.8300055180722263,165,0.34001133368949316,0.8729368379725139,0.11860860477540461
242,Remijia,0.0,0.0,0.0,1,0.0,0.0,0.0
243,Rennellia,30.39533742390418,2.7632124930821984,0.5526424986164397,11,0.013804250938382952,0.581227455441428,0.00032102909159030117
244,Rhazya,990.5983836469406,19.423497718567464,0.7769399087426986,51,0.0970344616201176,0.8171264557466312,0.010462489519293863
245,Rhodopentas,42.33051351472777,3.5275427928939806,0.6413714168898147,12,0.017622635259106074,0.6745458005220465,0.0004470858839519512
246,Richardia,24.843523426791016,3.105440428348877,0.8872686938139649,8,0.015513927739705004,0.9331619021146872,0.00026239201251086687
247,Ridsdalea,1.6143018018018018,0.5381006006006006,0.5381006006006006,3,0.0026882028578626236,0.5659333902868385,1.7049912417733343e-05
248,Rondeletia,1.330856819833643,0.44361893994454765,0.44361893994454765,3,0.002216198422432293,0.46656474718305874,1.4056226780754503e-05
249,Rosenbergiodendron,45.92845002316773,3.061896668211182,0.43741380974445454,15,0.015296395069580521,0.460038661972616,0.000485086524405302
250,Rothmannia,51.82768903801681,4.318974086501401,0.7852680157275274,12,0.021576408703890822,0.8258853268858477,0.0005473930326568496
251,Rubia,28432.07184770387,108.10673706351282,0.8252422676604032,263,0.5400715762145054,0.8679272125393895,0.30029349797973554
252,Rudgea,51.803107402645196,3.984854415588092,0.6641424025980154,13,0.019907238565045466,0.6984945958358437,0.0005471334066502983
253,Ruehssia,4.618583684386713,1.1546459210966782,0.7697639473977854,4,0.005768293998272945,0.809579323987326,4.878049892831243e-05
254,Salzmannia,0.0,0.0,0.0,1,0.0,0.0,0.0
255,Saprosma,280.87676058039256,9.362558686013084,0.6456937024836611,30,0.04677277257924475,0.6790916526121263,0.0029665606287047415
256,Sarcolobus,151.62079780740498,7.220037990828809,0.7220037990828809,21,0.03606932744390075,0.7593488231733747,0.0016013866307017246
257,Schenkia,170.18084720476332,7.735493054761969,0.7367136242630447,22,0.0386443994182087,0.7748195013800987,0.0017974139264283118
258,Schizozygia,39.82808212953733,3.620734739048848,0.7241469478097696,11,0.0180881966349969,0.7616028244206198,0.0004206557356976023
259,Schradera,0.0,0.0,0.0,1,0.0,0.0,0.0
260,Schultesia,2.0046511627906973,0.6682170542635658,0.6682170542635658,3,0.003338228935145062,0.702780005346164,2.117269937724141e-05
261,Schumanniophyton,100.76251867889475,5.927206981111456,0.740900872638932,17,0.029610698683448608,0.779223331568532,0.0010642322994051296
262,Scleromitrion,1881.1542862583435,28.076929645646917,0.8508160498680885,67,0.14026463161199382,0.8948237765854034,0.01986835162368623
263,Scyphiphora,133.63445557719237,6.681722778859618,0.7033392398799598,20,0.03338005244656508,0.7397188557358199,0.0014114187081000033
264,Secamone,80.97523843173335,5.060952401983334,0.6747936535977779,16,0.02528312864793915,0.709696773611456,0.000855243252361578
265,Sherardia,0.0,0.0,0.0,1,0.0,0.0,0.0
266,Simira,155.98586898664098,7.799293449332049,0.8209782578244262,20,0.03896312867222667,0.8634426504705173,0.0016474895844493308
267,Singaporandia,10.153250594162438,1.6922084323604063,0.6768833729441626,6,0.0084538087095482,0.7118945818895502,0.00010723647411689048
268,Sinomarsdenia,4.231902964329361,0.7053171607215601,0.28212686428862405,6,0.003523570880677313,0.2967196331311391,4.469645937434224e-05
269,Skytanthus,0.0,0.0,0.0,1,0.0,0.0,0.0
270,Solenandra,42.1311815600621,3.2408601200047773,0.5401433533341296,13,0.016190447337925018,0.5680818026445156,0.00044498058222626897
271,Solenostemma,809.1048293064836,16.85635061055174,0.7172915153426273,48,0.08420969951314525,0.7543928006189701,0.008545593185266327
272,Spermacoce,1045.8163788638935,20.91632757727787,0.8537276562154233,50,0.10449222971777225,0.8978859832610487,0.011045690245007638
273,Spigelia,1.127699180938198,0.37589972697939933,0.37589972697939933,3,0.0018778918276767173,0.39534281630592,1.1910518991607089e-05
274,Stapelia,1.2729528535980148,0.4243176178660049,0.4243176178660049,3,0.0021197743167647785,0.4462650808590741,1.3444657400199441e-05
275,Stenostomum,269.8093968584242,10.377284494554775,0.8301827595643821,26,0.051842064112136765,0.8731232471280571,0.0028496694860794
276,Stephanotis,210.1816238791876,7.78450458811806,0.5988080452398508,27,0.03888924758208181,0.62978087516605,0.0022198936251928304
277,Strempeliopsis,157.50111890535902,7.500053281207572,0.7500053281207573,21,0.03746820695267895,0.788798707161486,0.0016634933319371206
278,Streptocaulon,144.6306328313335,6.574119674151522,0.6261066356334783,22,0.03284249687931921,0.6584914616145203,0.0015275579943869403
279,Strophanthus,725.4431015870124,13.950828876673315,0.5470913284969927,52,0.06969451068065535,0.5753891558330441,0.007661975804215811
280,Strumpfia,0.1159420289855072,0.0579710144927536,0.1159420289855072,2,0.00028960727168614477,0.12193903048475757,1.2245550599836988e-06
281,Strychnos,94680.94393979362,200.171128836773,0.8481827493083601,473,0.9999999999999999,0.8920542708243098,1.0
282,Swertia,24952.367250233572,102.68463888985009,0.8486333792549594,243,0.512984262448672,0.8925282092164228,0.26354159783303865
283,Syringantha,6.4504454780199225,1.2900890956039845,0.6450445478019923,5,0.006444930910371052,0.6784089209641643,6.812823372485255e-05
284,Tabernaemontana,79450.01901498534,178.1390560874111,0.8006249711793757,446,0.8899338137452995,0.8420366076196882,0.8391342091551872
285,Tabernanthe,89.7684970305308,5.280499825325341,0.6600624781656677,17,0.02637992729526573,0.6942036408294091,0.0009481157801681129
286,Tamilnadia,15.512229770170322,2.216032824310046,0.7386776081033487,7,0.011070691548715208,0.776885070591453,0.00016383687281396715
287,Tarenna,2646.2354992332057,32.27116462479519,0.7968188796245727,82,0.1612178779843436,0.8380336492603264,0.02794897673301517
288,Telosma,120.68535335709642,5.247189276395496,0.4770172069450451,23,0.026213516938670262,0.5016905107525474,0.001274653043529421
289,Thevetia,25.981806413944494,1.9986004933803456,0.3331000822300576,13,0.00998445932235352,0.35032939682816405,0.0002744143154135217
290,Thiollierea,0.2987012987012987,0.14935064935064934,0.2987012987012987,2,0.0007461148379316751,0.3141513658755038,3.1548196107047573e-06
291,Timonius,4.61726524860061,1.1543163121501525,0.7695442081001017,4,0.00576664736247466,0.8093482188639001,4.876657388984914e-05
292,Tinadendron,8.172892760243982,1.362148793373997,0.5448595173495988,6,0.006804921375473403,0.5730419061780263,8.632035571425036e-05
293,Tocoyena,81.77503458364235,5.451668972242824,0.7788098531775463,15,0.027235041356480125,0.8190931214453504,0.0008636905292752682
294,Trachelospermum,3243.74861165284,35.258137083183044,0.7749041117183086,92,0.1761399722730936,0.8149853588761522,0.03425978319053829
295,Tricalysia,0.24038461538461542,0.12019230769230771,0.24038461538461542,2,0.0006004477688204326,0.25281830238726793,2.538891200086396e-06
296,Tripterospermum,735.7146264895823,16.349213921990717,0.7431460873632144,45,0.08167618385827496,0.7815846780888979,0.00777046146643208
297,Uncaria,7950.485849077212,56.7891846362658,0.8171105703059828,140,0.28370317421037183,0.8593749101493957,0.08397134120391557
298,Urceola,89.65280654952686,4.980711474973714,0.5859660558792605,18,0.02488226700782195,0.6162746449764637,0.0009468938819044296
299,Utania,21.296778754201743,2.662097344275218,0.7605992412214908,8,0.01329910741746374,0.7999405812846714,0.0002249320493439956
300,Vallaris,1.8565866794607717,0.6188622264869239,0.6188622264869239,3,0.003091665766602971,0.6508723416500407,1.9608873783951192e-05
301,Vallesia,137.683146047631,6.88415730238155,0.7246481370927947,20,0.03439135974496676,0.7621299372872496,0.0014541801160662478
302,Vangueria,9.48433154255956,1.354904506079937,0.451634835359979,7,0.00676873090516853,0.4749952578785986,0.00010017149331116218
303,Veratrilla,0.0,0.0,0.0,1,0.0,0.0,0.0
304,Vinca,5673.654555800778,47.67776937647713,0.8080977860419852,119,0.23818504523374776,0.8498959473889844,0.059923933156059164
305,Vincetoxicum,23417.45750318907,96.7663533189631,0.8030402765059179,242,0.4834181326812119,0.8445768425320861,0.2473302074182945
306,Voacanga,1023.412669432782,19.309673008165696,0.7426797310832961,53,0.09646582461905144,0.7810941999324321,0.01080906702919604
307,Wendlandia,29.31820271814054,3.2575780797933933,0.8143945199483483,9,0.01627396567488883,0.8565183744284353,0.00030965262383509404
308,Wrightia,1167.0607358824873,20.840370283615844,0.7578316466769398,56,0.10411276793373063,0.7970298352981608,0.012326247366361344
309,Xestaea,21.542158211032337,2.3935731345591487,0.5983932836397872,9,0.01195763419264602,0.6293446603797761,0.000227523694997493
310,Xysmalobium,5.534602458460926,0.9224337430768209,0.36897349723072836,6,0.004608225713854108,0.3880583332943867,5.8455294467493976e-05
311,Zeltnera,0.36363636363636365,0.18181818181818182,0.36363636363636365,2,0.0009083137157429088,0.3824451410658307,3.840649960857966e-06
