,Group,PD,SR,APWD_Rare,APWD_Rare_loess_prediction,APWD_Rare_residuals,APWD_Rare_highlight_high,APWD_Rare_highlight_low,R2
0,ABT,-0.7385007097709098,-0.7758306895441908,-0.2587899669068481,-0.7712962692575361,0.5125063023506881,False,False,0.679263779034096
1,AFG,0.3691825928408257,0.4611131282587262,1.0059783508390645,0.4391543717537861,0.5668239790852785,False,False,0.679263779034096
2,AGE,0.5465771888562153,0.4059955480378393,1.0255233723889838,0.6075547264720191,0.4179686459169647,False,False,0.679263779034096
3,AGS,-0.9058457016297332,-1.3606375673589184,-2.208048391152281,-0.925595514124222,-1.282452877028059,False,True,0.679263779034096
4,AGW,-0.1329690172554453,-0.4078260557832601,1.0254960381197755,-0.15449370200956813,1.1799897401293435,True,False,0.679263779034096
5,ALA,-0.1474256745288218,-0.2373600847840067,-0.367666844827324,-0.17076849464004681,-0.19689835018727717,False,False,0.679263779034096
6,ALB,-0.0345757146385128,0.433913264707048,-0.0678801233014869,-0.0381488181713001,-0.029731305130186805,False,False,0.679263779034096
7,ALD,-1.2513469347384405,-1.7447056892362882,0.6768219460861913,-1.173920327764812,1.8507422738510033,True,False,0.679263779034096
8,ALG,-0.1942775305972008,0.1145389224482926,0.1951799030412865,-0.22234345917097853,0.41752336221226505,False,False,0.679263779034096
9,ALT,-0.14427155534903,0.220928367474343,-0.7042710352221347,-0.16711016177857738,-0.5371608734435573,False,False,0.679263779034096
10,ALU,-1.1829095744412936,-1.3606375673589184,-1.9674220830151847,-1.1329153788846447,-0.8345067041305401,False,False,0.679263779034096
11,AMU,-0.5173802077877031,-0.3478112764350301,-0.019961777209623,-0.5575495597608721,0.5375877825512491,False,False,0.679263779034096
12,AND,1.2506958371546515,0.981757459988118,1.2245234682344823,1.0841599535079245,0.14036351472655784,False,False,0.679263779034096
13,ANG,1.1904967604162071,1.204599274217144,1.2947462197653166,1.053872101774156,0.24087411799116065,False,False,0.679263779034096
14,ARI,-0.0399348950649968,-0.0465899257343305,-0.0793335910301172,-0.044739254266895824,-0.03459433676322137,False,False,0.679263779034096
15,ARK,-0.2295782476755851,-0.4715702278899226,-0.4064765151207253,-0.2616115549570703,-0.14486496016365502,False,False,0.679263779034096
16,ARU,-0.7446799850308468,-1.213130445937304,0.1914232618249942,-0.7770676192491933,0.9684908810741875,False,False,0.679263779034096
17,ASK,-0.9019672955167786,-0.9708682891234034,-1.898949688134892,-0.9220630454376892,-0.9768866426972027,False,False,0.679263779034096
18,ASS,1.847171750854199,1.6504701239951474,1.3144385722469445,1.35102159675344,-0.03658302450649553,False,False,0.679263779034096
19,AUT,0.0621139741541596,0.6341746128716227,-0.4458043978904188,0.0785050769445698,-0.5243094748349886,False,False,0.679263779034096
20,AZO,-1.0606646912619926,-1.3606375673589184,0.4972836687296686,-1.053763027237148,1.5510466959668168,True,False,0.679263779034096
21,BAH,-0.1302358631697786,-0.3478112764350301,0.0767063096943782,-0.15123287069813762,0.22793918039251582,False,False,0.679263779034096
22,BAL,-0.5231611265605729,-0.3478112764350301,0.3648272490085801,-0.5632498259560202,0.9280770749646003,False,False,0.679263779034096
23,BAN,1.801597551339997,1.7113299291882984,1.1378031329082203,1.3322659539800266,-0.19446282107180624,False,False,0.679263779034096
24,BEN,1.0229664843569537,1.1495104228008612,1.517615647343007,0.9596097858619805,0.5580058614810264,False,False,0.679263779034096
25,BER,-1.6792306604068477,-1.7447056892362882,-0.8029586855055086,-1.3981019699544943,0.5951432844489857,False,False,0.679263779034096
26,BGM,-0.48912678370378,-0.0465899257343305,-0.5004325559792727,-0.5295728188670682,0.029140262887795476,False,False,0.679263779034096
27,BIS,0.1417759728485544,-0.0465899257343305,0.8772138994752572,0.1764433739495536,0.7007705255257036,False,False,0.679263779034096
28,BKN,0.7352659049197241,0.6788568558602504,0.7700846948922525,0.7653842424094334,0.00470045248281914,False,False,0.679263779034096
29,BLR,-0.5127861878304757,-0.0910936706383567,-0.4189500408506399,-0.5530132042066683,0.13406316335602841,False,False,0.679263779034096
30,BLT,-0.6727600580773268,-0.1862733238983291,-0.925252469058491,-0.7090997136664179,-0.21615275539207313,False,False,0.679263779034096
31,BLZ,0.940224459336712,0.8219889543502039,0.9607128262097384,0.9064374327539496,0.0542753934557888,False,False,0.679263779034096
32,BOL,1.6523911644984683,1.685656484757793,1.256348067293399,1.2689213095911356,-0.012573242297736487,False,False,0.679263779034096
33,BOR,1.653523366173444,1.4765469632901145,1.1294106155871364,1.2694126938502113,-0.14000207826307487,False,False,0.679263779034096
34,BOT,0.3050456994469861,0.0370833440830452,-0.3045326978238764,0.36893138404416986,-0.6734640818680462,False,False,0.679263779034096
35,BRC,-0.4299535387756404,-0.6123776352883421,-0.5763199933054439,-0.47005597970526497,-0.10626401360017895,False,False,0.679263779034096
36,BRY,-0.2471081507580919,0.0370833440830452,-0.3470559311259452,-0.28155516434003924,-0.06550076678590594,False,False,0.679263779034096
37,BUL,0.1728491368733148,0.7425575116536355,-0.2910544921751192,0.21376823959808972,-0.5048227317732089,False,False,0.679263779034096
38,BUR,0.7625868551740667,0.5634271192824869,0.8291004419454713,0.7847118947897468,0.04438854715572449,False,False,0.679263779034096
39,BZC,1.409874915967665,1.444682692005843,1.339998424426113,1.1600990773627229,0.17989934706339006,False,False,0.679263779034096
40,BZE,1.484716403585402,1.4869659638476924,1.1175361748612147,1.1944428737089767,-0.07690669884776202,False,False,0.679263779034096
41,BZL,1.5305017385344175,1.566940682918563,1.2371497658092607,1.2151122767726859,0.022037489036574875,False,False,0.679263779034096
42,BZN,1.8494895487409813,1.8687789953376424,1.170249937537821,1.3519677780226955,-0.1817178404848745,False,False,0.679263779034096
43,BZS,0.7688385016925147,0.8596013411073246,1.4346532831879062,0.7890728481901118,0.6455804349977944,False,False,0.679263779034096
44,CAB,0.201255213047368,0.4611131282587262,1.166279328878551,0.24765968801703733,0.9186196408615136,False,False,0.679263779034096
45,CAF,1.2902945074547207,1.4229133206964009,1.393137011012025,1.1035158507529053,0.28962116025911966,False,False,0.679263779034096
46,CAL,-0.0397668852614965,0.0370833440830452,-0.5675200654364719,-0.0445310750891731,-0.5229889903472988,False,False,0.679263779034096
47,CAY,-0.1840408559639587,-0.4715702278899226,-0.2951934832079545,-0.2111275601629227,-0.08406592304503183,False,False,0.679263779034096
48,CBD,1.902878785959765,1.8238450678272684,1.106762121387711,1.3735540242621136,-0.2667919028744026,False,False,0.679263779034096
49,CHA,0.6119698841332201,0.4611131282587262,-0.0340067854433365,0.6673804723444807,-0.7013872577878172,False,False,0.679263779034096
50,CHC,2.571750269882863,2.345528929111655,1.027929837669344,1.6092026013131633,-0.5812727636438193,False,False,0.679263779034096
51,CHH,1.5678535907796654,1.2947602093750512,1.0855719853435226,1.2317902973576005,-0.14621831201407787,False,False,0.679263779034096
52,CHI,0.1697057670206973,0.5875361130708013,-0.0070234780991299,0.21003294708404904,-0.21705642518317894,False,False,0.679263779034096
53,CHM,-0.1583073156335223,0.220928367474343,-0.2906004071554242,-0.18247496429566137,-0.1081254428597628,False,False,0.679263779034096
54,CHN,0.8470867279739338,1.0914737743627525,-0.0164990494881453,0.8445838987741544,-0.8610829482622997,False,False,0.679263779034096
55,CHQ,0.0132368605440539,0.3478443658847058,0.0734008622675666,0.019520027187139837,0.053880835080426764,False,False,0.679263779034096
56,CHS,2.267053046174749,2.0939710691392035,1.003778370255784,1.5098211013901401,-0.506042731134356,False,False,0.679263779034096
57,CHT,1.094321223322122,1.1495104228008612,-0.1008372679068673,1.002312200564734,-1.1031494684716012,False,True,0.679263779034096
58,CHX,-0.0491812737650045,0.1866512807783093,-0.1558087433229751,-0.05617964632094462,-0.09962909700203047,False,False,0.679263779034096
59,CKI,-0.8841991460483198,-1.5340381556825426,-0.2909855118498015,-0.9055934602162667,0.6146079483664653,False,False,0.679263779034096
60,CLC,-0.7715598349487119,-0.9708682891234034,-1.1156389498539088,-0.8020576879904758,-0.31358126186343294,False,False,0.679263779034096
61,CLM,1.8846344886448885,1.816176128021224,1.2865631879897084,1.3662226593109723,-0.07965947132126394,False,False,0.679263779034096
62,CLN,-0.8743459233620694,-1.213130445937304,0.3919711741721942,-0.8965406292633461,1.2885118034355403,True,False,0.679263779034096
63,CLS,-1.16981538538618,-1.5340381556825426,-2.318536496636648,-1.1249382852888894,-1.1935982113477588,False,True,0.679263779034096
64,CMN,1.5211431950754806,1.7113299291882984,1.400119857005339,1.2109077221520317,0.18921213485330735,False,False,0.679263779034096
65,CNT,-0.5786479220544717,-0.7758306895441908,-1.2674693229784055,-0.6176107161879913,-0.6498586067904142,False,False,0.679263779034096
66,CNY,-0.8516857509688187,-0.9708682891234034,-0.335577754882181,-0.8757965973975275,0.5402188425153465,False,False,0.679263779034096
67,COL,-0.2441315092787649,-0.0910936706383567,-0.7524528723415616,-0.2781833865353049,-0.47426948580625666,False,False,0.679263779034096
68,COM,0.2005744948053958,-0.1375911635537256,0.4784439343019329,0.24684143165105588,0.231602502650877,False,False,0.679263779034096
69,CON,1.3059815270387394,1.497286990686708,1.2199204898578908,1.111084436287798,0.10883605357009274,False,False,0.679263779034096
70,COO,-0.8636777676002957,-1.3606375673589184,-1.3602762812757687,-0.8867778670628823,-0.4734984142128864,False,False,0.679263779034096
71,COR,-0.3640957800078013,-0.0039131215192864,0.6837002351818685,-0.40354111969319884,1.0872413548750672,False,False,0.679263779034096
72,COS,1.3619356687419308,1.2947602093750512,1.419600367387618,1.1376996112931788,0.2819007560944393,False,False,0.679263779034096
73,CPI,-2.900139546856515,-1.7447056892362882,-2.313675062979993,-1.946712359172217,-0.36696270380777607,False,False,0.679263779034096
74,CPP,0.5244243646117056,0.3478443658847058,0.4999282592840086,0.5875628024443126,-0.087634543160304,False,False,0.679263779034096
75,CPV,-0.0484653674682219,-0.4078260557832601,-0.3375756742306713,-0.0552951139426677,-0.28228056028800363,False,False,0.679263779034096
76,CRL,-0.1263393588527728,-0.4715702278899226,-0.4127690552984261,-0.1466098442932693,-0.2661592110051568,False,False,0.679263779034096
77,CTA,-0.4139263340529477,-0.1375911635537256,-0.3454561838127588,-0.45400315053986895,0.10854696672711017,False,False,0.679263779034096
78,CTM,-3.53289647622703,-1.7447056892362882,-2.139753138675832,-2.2364709384651595,0.0967177997893276,False,False,0.679263779034096
79,CUB,0.6664595587851398,0.656749766401354,0.5436800564457634,0.7118151144804137,-0.16813505803465023,False,False,0.679263779034096
80,CVI,-1.1788400300551116,-1.5340381556825426,0.0474192084723368,-1.1304431134568778,1.1778623219292146,True,False,0.679263779034096
81,CYP,-0.5860372579881165,-0.4715702278899226,0.089457641737008,-0.6249184780773275,0.7143761198143355,False,False,0.679263779034096
82,CZE,-0.1374094235615766,0.433913264707048,-0.6365235451624065,-0.15962277669492825,-0.47690076846747825,False,False,0.679263779034096
83,DEL,-1.0789276246140262,-0.8686427403087341,-1.0756882720747958,-1.0665259202066333,-0.0091623518681625,False,False,0.679263779034096
84,DEN,-0.8535070539849265,-0.4715702278899226,-0.8955602439205045,-0.877464938211509,-0.018095305708995535,False,False,0.679263779034096
85,DJI,-0.4866557336771762,-0.4715702278899226,-0.2650126895478437,-0.5270987658259103,0.2620860762780666,False,False,0.679263779034096
86,DOM,0.3978280470231371,0.3773202831553167,0.680433006090059,0.46793300212098543,0.21250000396907354,False,False,0.679263779034096
87,EAI,-0.3753895894845951,-0.0465899257343305,0.122525203990697,-0.4153431177590989,0.5378683217497959,False,False,0.679263779034096
88,ECU,1.3505365438779209,1.3665171774227878,1.0030618006436576,1.1323216688285311,-0.12925986818487356,False,False,0.679263779034096
89,EGY,-0.5396121911449238,-0.4078260557832601,-0.0240224457017177,-0.5794198649261667,0.555397419224449,False,False,0.679263779034096
90,EHM,1.7834453921737297,1.6141250212300915,1.1656685436080458,1.3247162368917291,-0.1590476932836833,False,False,0.679263779034096
91,ELS,0.7914396779477082,0.5875361130708013,1.0830198534224522,0.805525501683661,0.2774943517387912,False,False,0.679263779034096
92,EQG,0.1038711315156461,0.2862986308019837,0.4085781537298303,0.1303190870499506,0.2782590666798797,False,False,0.679263779034096
93,ERI,-0.0186693267924406,-0.0910936706383567,-0.5833555955661491,-0.01912796109572385,-0.5642276344704252,False,False,0.679263779034096
94,ETH,0.8089200919170635,0.700515240754854,1.729524854640948,0.8174835284118069,0.9120413262291411,False,False,0.679263779034096
95,FIJ,-0.1381954598541714,-0.2373600847840067,1.1321224014151596,-0.16047551980731475,1.2925979212224743,True,False,0.679263779034096
96,FIN,-0.6841179199811426,-0.4715702278899226,-1.170295845641287,-0.7199130398605138,-0.4503828057807733,False,False,0.679263779034096
97,FLA,0.2336274023696958,0.0765290130562803,-0.083239595992272,0.28610644086737463,-0.3693460368596466,False,False,0.679263779034096
98,FOR,-1.4498858831265256,-2.0137945668490214,-1.809004631241004,-1.2908724239749407,-0.5181322072660632,False,False,0.679263779034096
99,FRA,0.216155748997503,0.7425575116536355,-0.0182393108445797,0.26558526411304967,-0.28382457495762936,False,False,0.679263779034096
100,FRG,1.3343457765587403,1.3070521355377744,0.7675793805777553,1.1246457757183153,-0.35706639514055993,False,False,0.679263779034096
101,GAB,1.2928285191133315,1.4660280750138088,1.1811842833791877,1.1047419761833646,0.07644230719582312,False,False,0.679263779034096
102,GAL,-1.4498858831265256,-2.0137945668490214,-1.5396601446468927,-1.2908724239749407,-0.24878772067195198,False,False,0.679263779034096
103,GAM,0.2808849784330062,0.220928367474343,0.6626650951421167,0.34120735175621303,0.32145774338590366,False,False,0.679263779034096
104,GEO,-0.2179050377587534,-0.3478112764350301,-0.2303038004322845,-0.24881084679646123,0.018507046364176744,False,False,0.679263779034096
105,GER,-0.0341579531521061,0.4876317759548556,-0.4673948721688141,-0.037630387371866,-0.42976448479694807,False,False,0.679263779034096
106,GGI,0.3821707702610564,0.3478443658847058,0.8052926276723363,0.45184260671920695,0.3534500209531294,False,False,0.679263779034096
107,GHA,1.2028093963679782,1.3070521355377744,1.5714613254874372,1.060167087987331,0.5112942375001062,False,False,0.679263779034096
108,GIL,-0.7150932295904245,-1.0846843279216114,-0.0401587534461317,-0.749317002039057,0.7091582485929253,False,False,0.679263779034096
109,GNB,0.785635851848584,0.721743096981282,1.3852045971807356,0.8015329949691182,0.5836716022116174,False,False,0.679263779034096
110,GNL,-0.9823443133281768,-1.0846843279216114,-2.082695678225151,-0.9930487736618331,-1.0896469045633177,False,True,0.679263779034096
111,GRB,-0.8175933747809684,-0.1862733238983291,-1.243176549469322,-0.8445195001560019,-0.39865704931332024,False,False,0.679263779034096
112,GRC,0.1211015489692543,0.6341746128716227,-0.0936275289456131,0.15135512354308808,-0.24498265248870119,False,False,0.679263779034096
113,GST,-0.4540905243205775,-0.6908187644805573,-0.2330702443519377,-0.49424041308069855,0.26117016872876087,False,False,0.679263779034096
114,GUA,1.2795617502156234,1.0612459368974017,0.9820434912485684,1.098306830450947,-0.11626333920237852,False,False,0.679263779034096
115,GUI,1.2062923168595912,1.354880366926274,1.737326625209022,1.061937599475805,0.6753890257332171,False,False,0.679263779034096
116,GUY,1.306089590930998,1.2947602093750512,0.9987769626831784,1.1111363975986597,-0.11235943491548128,False,False,0.679263779034096
117,HAI,0.2741595527441054,0.2862986308019837,0.9775724292763476,0.3331600489104765,0.644412380365871,False,False,0.679263779034096
118,HON,1.1418299071548492,0.9981301919424256,1.0039775874183103,1.0283668949561824,-0.02438930753787205,False,False,0.679263779034096
119,HUN,-0.4096144533246616,0.1145389224482926,-0.2569200299868724,-0.4496998220768153,0.1927797920899429,False,False,0.679263779034096
120,ICE,-0.965374096862864,-0.8686427403087341,-1.6991992296686205,-0.9786852306238601,-0.7205139990447603,False,False,0.679263779034096
121,IDA,-0.3559014021731879,-0.4078260557832601,-1.1007606699434391,-0.3953444387215443,-0.7054162312218948,False,False,0.679263779034096
122,ILL,-0.3024651526936323,-0.2911066102048046,-0.7369683153842753,-0.33957732686020403,-0.3973909885240713,False,False,0.679263779034096
123,IND,2.0613012041690264,1.8465391515831195,1.3310331081100095,1.4352133166501448,-0.10418020854013532,False,False,0.679263779034096
124,INI,-0.435398374887247,-0.5395487887108873,-1.1639251589373514,-0.47558539383094023,-0.6883397651064111,False,False,0.679263779034096
125,IOW,-1.1081376707160158,-0.7758306895441908,-1.2365947331962177,-1.0860806642868872,-0.1505140689093305,False,False,0.679263779034096
126,IRE,-0.94922349189759,-0.5395487887108873,-1.0248909852104275,-0.9646516121495686,-0.060239373060858914,False,False,0.679263779034096
127,IRK,-0.3962815978849715,-0.1375911635537256,-1.0719027344914227,-0.4364018711978402,-0.6355008632935826,False,False,0.679263779034096
128,IRN,0.2372713336422473,0.53875848842133,0.5500472132460489,0.29029502898770876,0.2597521842583401,False,False,0.679263779034096
129,IRQ,-0.057504424754854,0.1145389224482926,0.3690495770545994,-0.06644620306143911,0.4354957801160385,False,False,0.679263779034096
130,ITA,0.3155511240127948,0.8219889543502039,0.0979817955727208,0.3808588719322846,-0.28287707635956383,False,False,0.679263779034096
131,IVO,1.2769435601176833,1.400702438085161,1.711349545039584,1.0970321330771882,0.6143174119623958,False,False,0.679263779034096
132,JAM,0.2711787327538849,0.1145389224482926,0.8869584519554535,0.3295938746293969,0.5573645773260567,False,False,0.679263779034096
133,JAP,1.032293092945288,1.0458092442334497,0.4358515696908041,0.9652256266196336,-0.5293740569288296,False,False,0.679263779034096
134,JAW,1.7059785710309283,1.497286990686708,1.3541991365964348,1.292002798366635,0.062196338229799863,False,False,0.679263779034096
135,KAM,-0.8446231483659629,-0.7758306895441908,-1.628923095958244,-0.8693250667985769,-0.759598029159667,False,False,0.679263779034096
136,KAN,-1.166837205767435,-0.7758306895441908,-1.666676601023951,-1.1231142812706831,-0.543562319753268,False,False,0.679263779034096
137,KAZ,0.12489810489125,0.4611131282587262,-0.6632291193377238,0.15591869604733335,-0.8191478153850571,False,False,0.679263779034096
138,KEN,1.324937504351327,1.3070521355377744,1.9311957648308304,1.120164250296161,0.8110315145346694,False,False,0.679263779034096
139,KGZ,-0.0142869141859617,0.1512156976782091,-0.1748323638391697,-0.014058357527743053,-0.16077400631142663,False,False,0.679263779034096
140,KHA,-0.3590965185691552,-0.1375911635537256,-0.1167755462834453,-0.3985399294451821,0.2817643831617368,False,False,0.679263779034096
141,KOR,0.5357290798300853,0.656749766401354,0.4113396304524684,0.597159301708325,-0.18581967125585658,False,False,0.679263779034096
142,KRA,-0.2706564349073708,0.0370833440830452,-0.7842491123375239,-0.3063992393877196,-0.4778498729498043,False,False,0.679263779034096
143,KRI,-0.5543515629821311,-0.3478112764350301,-0.4068762772923144,-0.5938423233313614,0.18696604603904704,False,False,0.679263779034096
144,KRY,-0.2550136075142512,0.1866512807783093,-0.1597783301513972,-0.2899981340584216,0.13021980390702442,False,False,0.679263779034096
145,KTY,-0.316076465277092,-0.4715702278899226,-0.987903239797081,-0.354198751988002,-0.633704487809079,False,False,0.679263779034096
146,KUR,-0.7043448340749994,-0.8686427403087341,-1.2206848800038554,-0.7390791514362467,-0.48160572856760875,False,False,0.679263779034096
148,KZN,-2.289487945482032,-2.0137945668490214,-0.4041948421602515,-1.6612116671846793,1.2570168250244278,True,False,0.679263779034096
149,LAB,-1.1472098202811292,-1.213130445937304,-2.1433973906243238,-1.1109847633096512,-1.0324126273146725,False,False,0.679263779034096
150,LAO,1.7998782333000327,1.6682034251296716,1.0693256394425488,1.3315527917214123,-0.2622271522788635,False,False,0.679263779034096
151,LBR,0.9513961585247428,1.204599274217144,1.595957955075508,0.9136359101755418,0.6823220448999663,False,False,0.679263779034096
152,LBS,-0.1995583022388139,0.0765290130562803,0.2752760350335028,-0.22846915044577248,0.5037451854792753,False,False,0.679263779034096
153,LBY,-0.5163956959416253,-0.2373600847840067,-0.2694823505746448,-0.5565778762754494,0.2870955257008046,False,False,0.679263779034096
154,LDV,-0.4103955426171011,-0.6123776352883421,0.9948583281035523,-0.45047926620832,1.4453375943118725,True,False,0.679263779034096
155,LEE,0.360152584295806,0.3175208796893813,0.6534341699715884,0.4301119799480645,0.22332219002352394,False,False,0.679263779034096
156,LES,-0.6803996225191898,-0.9708682891234034,-0.4304817066137399,-0.7163768895450371,0.2858951829312972,False,False,0.679263779034096
157,LOU,-0.2075495706840561,-0.3478112764350301,-0.4464547024569817,-0.23734929633375118,-0.20910540612323053,False,False,0.679263779034096
158,LSI,0.9976906283526756,0.762974568606399,1.091634458479491,0.9441375210786206,0.14749693740087044,False,False,0.679263779034096
159,MAG,-1.3086737389980398,-0.7758306895441908,-1.7478322658615169,-1.2082392532125141,-0.5395930126490027,False,False,0.679263779034096
160,MAI,-0.4809653179802796,-0.6123776352883421,-1.0820552039569769,-0.5213860951432124,-0.5606691088137644,False,False,0.679263779034096
161,MAN,-0.66961133933481,-0.5395487887108873,-0.6030303249181823,-0.7060959339280662,0.10306560900988393,False,False,0.679263779034096
162,MAS,-0.5404369373855582,-0.6908187644805573,-1.2466035100509805,-0.5802284912425235,-0.666375018808457,False,False,0.679263779034096
163,MAU,-0.9940005198661872,-1.213130445937304,-0.1296535558691488,-1.0027785854939795,0.8731250296248306,False,False,0.679263779034096
164,MCI,-1.2685440601244593,-1.7447056892362882,-0.1082249956721148,-1.1841473816842873,1.0759223860121725,False,False,0.679263779034096
165,MDG,0.9781801691062716,1.0301489093247012,0.9466497972519272,0.9319510773803578,0.014698719871569454,False,False,0.679263779034096
166,MDR,-3.0945798514948133,-2.0137945668490214,-1.6457815653009624,-2.036805552421259,0.39102398712029673,False,False,0.679263779034096
167,MDV,-0.7094015441326795,-0.9708682891234034,-0.081065783631528,-0.7438518488135251,0.662786065181997,False,False,0.679263779034096
168,MIC,-0.5720765914359263,-0.4715702278899226,-1.1002129076275826,-0.6111085612487828,-0.48910434637879985,False,False,0.679263779034096
169,MIN,-0.5028182619198294,-0.5395487887108873,-0.9369708481085156,-0.543152140031056,-0.39381870807745956,False,False,0.679263779034096
170,MLI,0.6619265743628597,0.5634271192824869,0.4942363047338506,0.7081429551498738,-0.2139066504160232,False,False,0.679263779034096
171,MLW,1.2059390387077846,1.106276940078676,1.1110549232638451,1.061758211917453,0.04929671134639224,False,False,0.679263779034096
172,MLY,2.1609233842024707,1.9190054333660689,1.0596586791273546,1.472116889119263,-0.4124582099919085,False,False,0.679263779034096
173,MNT,-0.3248631738209807,-0.3478112764350301,-0.5965853006800446,-0.3635799083660804,-0.23300539231396417,False,False,0.679263779034096
174,MOL,0.8621709834605815,0.7425575116536355,1.0309864530065125,0.8546864075785977,0.17630004542791478,False,False,0.679263779034096
175,MON,-0.0753347481786902,0.220928367474343,-0.1791732699266592,-0.0880507517710683,-0.09112251815559089,False,False,0.679263779034096
176,MOR,-0.080154327032154,0.0765290130562803,0.2454883170116678,-0.09346668551834908,0.33895500253001687,False,False,0.679263779034096
177,MOZ,1.3226037308474576,1.269752601649205,1.241796562993043,1.119050081910099,0.12274648108294395,False,False,0.679263779034096
178,MRN,-0.5829021382217695,-1.0846843279216114,-0.2352540596378732,-0.6218193599099423,0.38656530027206915,False,False,0.679263779034096
179,MRQ,-0.995162151666187,-1.5340381556825426,-1.0166615844173987,-1.0037288886618982,-0.01293269575550049,False,False,0.679263779034096
180,MRS,-1.010767461190324,-1.5340381556825426,-0.7960723797396069,-1.0162892617566959,0.220216882017089,False,False,0.679263779034096
181,MRY,-0.4971522033657607,-0.6123776352883421,-0.8030371195782884,-0.5375367915145995,-0.26550032806368884,False,False,0.679263779034096
182,MSI,-0.6679474595856733,-0.7758306895441908,0.2878799510210504,-0.7045076553090904,0.9923876063301409,False,False,0.679263779034096
183,MSO,-0.3760425069554514,-0.5395487887108873,-1.3885627468499024,-0.416023271823444,-0.9725394750264584,False,False,0.679263779034096
184,MTN,-0.502154520371769,-0.4715702278899226,-1.2738090971163332,-0.5424946896956285,-0.7313144074207046,False,False,0.679263779034096
185,MXC,0.7768010971342538,0.6341746128716227,1.0861174348569005,0.7946013841527605,0.29151605070414,False,False,0.679263779034096
186,MXE,0.9780504752335092,0.8596013411073246,0.778779128771266,0.9318694179419075,-0.1530902891706415,False,False,0.679263779034096
187,MXG,1.1969417183514002,0.965132346865476,1.2582102536532471,1.0571742906978288,0.20103596295541837,False,False,0.679263779034096
189,MXN,0.5852583832485266,0.4611131282587262,1.0498488441463454,0.6431018984721729,0.40674694567417247,False,False,0.679263779034096
190,MXS,1.248807563307913,1.0612459368974017,1.1374311754720876,1.0832269925600764,0.054204182912011234,False,False,0.679263779034096
191,MXT,1.3008223652125086,1.1352899663565683,1.1721721125538174,1.1086009469239337,0.06357116562988363,False,False,0.679263779034096
192,MYA,2.31634791131532,2.06356860745182,1.3897352922827086,1.5267724917635863,-0.13703719948087767,False,False,0.679263779034096
193,NAM,0.1533848758001277,-0.1375911635537256,-0.6201557956576824,0.19047051895203213,-0.8106263146097146,False,False,0.679263779034096
194,NAT,0.6741487353994743,0.656749766401354,0.9492042606035904,0.7182999760446818,0.23090428455890866,False,False,0.679263779034096
195,NBR,-0.6241662108297968,-0.8686427403087341,-0.8926138023642921,-0.6622133186900714,-0.23040048367422072,False,False,0.679263779034096
196,NCA,-0.1599613700747242,-0.3478112764350301,-0.1102402195059718,-0.18424883657861552,0.07400861707264371,False,False,0.679263779034096
197,NCB,0.8501532614131411,0.6341746128716227,1.3011246490438704,0.8466418034137243,0.45448284563014607,False,False,0.679263779034096
198,NCS,-0.0853965133329883,0.3175208796893813,0.1257791068644996,-0.0994894828678251,0.22526858973232472,False,False,0.679263779034096
199,NDA,-1.201021922890697,-0.8686427403087341,-0.9344417819385544,-1.1438556120572303,0.20941383011867587,False,False,0.679263779034096
200,NEB,-0.7803204835596383,-0.6123776352883421,-1.2702147430083872,-0.8101667236305834,-0.4600480193778038,False,False,0.679263779034096
201,NEP,1.6560597304958482,1.5572562346308276,1.1260743087880056,1.270512918778261,-0.14443860999025526,False,False,0.679263779034096
202,NET,-0.48912678370378,-0.0465899257343305,-0.6219769412644559,-0.5295728188670682,-0.09240412239738771,False,False,0.679263779034096
203,NEV,-0.4188256842497161,-0.1375911635537256,-0.5546386651069758,-0.45889431988651674,-0.09574434522045905,False,False,0.679263779034096
204,NFK,-2.1235021938365857,-2.0137945668490214,-1.39777784841755,-1.585425175282545,0.18764732686499497,False,False,0.679263779034096
205,NFL,-0.8841297636953138,-1.0846843279216114,-0.2360865341059696,-0.9055289203035602,0.6694423861975907,False,False,0.679263779034096
206,NGA,1.4964621600742338,1.6324472564544497,1.4149112222252092,1.199769293964279,0.21514192826093015,False,False,0.679263779034096
207,NGR,-0.2731072356650171,-0.3478112764350301,-0.9362113146012614,-0.30912989654245826,-0.6270814180588031,False,False,0.679263779034096
208,NIC,1.2479395697347755,1.106276940078676,1.2548588384880572,1.082797803144082,0.17206103534397532,False,False,0.679263779034096
209,NLA,-0.6877780655495506,-1.0846843279216114,-0.3906304823034754,-0.7233900669806339,0.3327595846771585,False,False,0.679263779034096
210,NNS,0.7143608773083021,0.700515240754854,0.2204621955415126,0.7502136366158213,-0.5297514410743087,False,False,0.679263779034096
211,NOR,-0.5618226096281547,-0.1862733238983291,-1.1315712356262164,-0.6011299735692855,-0.5304412620569309,False,False,0.679263779034096
212,NRU,-0.9992542342584176,-1.5340381556825426,-0.3517214614671085,-1.0070600419724198,0.6553385805053114,False,False,0.679263779034096
213,NSC,-0.8308643319415635,-0.9708682891234034,-1.2678913753039451,-0.8567068599086977,-0.4111845153952475,False,False,0.679263779034096
214,NSW,-0.133742418478339,-0.2373600847840067,1.071750952962097,-0.15541605364432062,1.2271670066064175,True,False,0.679263779034096
215,NTA,0.4720901400797102,0.1512156976782091,1.0050857695068272,0.5410284053674017,0.46405736413942544,False,False,0.679263779034096
216,NUE,-0.7621917823031715,-1.3606375673589184,-0.0002130374701846,-0.7933681838559911,0.7931551463858064,False,False,0.679263779034096
217,NUN,-1.1134390664821303,-1.3606375673589184,-2.0614958356806703,-1.089533375478388,-0.9719624602022823,False,False,0.679263779034096
218,NWC,0.345642286431532,0.7425575116536355,0.2098886302816638,0.4139597130664764,-0.2040710827848126,False,False,0.679263779034096
219,NWG,1.1498333899807414,1.0914737743627525,1.0860181036986345,1.0326367017521925,0.05338140194644203,False,False,0.679263779034096
220,NWH,-0.5175832519500445,-0.6123776352883421,-1.1920445138399998,-0.5577499258256045,-0.6342945880143953,False,False,0.679263779034096
221,NWJ,-0.6179218027073942,-0.6908187644805573,-1.386444768861146,-0.6561963975128688,-0.7302483713482772,False,False,0.679263779034096
222,NWM,0.0702458220704505,0.0370833440830452,-0.4049451453837614,0.08870431199123757,-0.493649457374999,False,False,0.679263779034096
223,NWT,-1.6783077373150332,-1.213130445937304,-2.065799361624887,-1.3977128381913613,-0.6680865234335258,False,False,0.679263779034096
224,NWY,-0.411609163748422,-0.4715702278899226,-1.1505003809756351,-0.45169041571705265,-0.6988099652585824,False,False,0.679263779034096
225,NZN,-1.0631595424876008,-0.5395487887108873,-2.085955444642716,-1.0555339130970482,-1.030421531545668,False,False,0.679263779034096
226,NZS,-1.0625806749819375,-0.6123776352883421,-1.5957334657682565,-1.0551238248056156,-0.5406096409626409,False,False,0.679263779034096
227,OFS,-0.4093914925531765,-0.6123776352883421,-0.1529068148378709,-0.44947733876426876,0.2965705239263978,False,False,0.679263779034096
228,OGA,-1.1590590916384884,-1.5340381556825426,-0.5529212841945492,-1.1183313072088585,0.5654100230143093,False,False,0.679263779034096
229,OHI,-0.63543017758971,-0.6123776352883421,-1.3991449117201864,-0.6730460763347142,-0.7260988353854722,False,False,0.679263779034096
230,OKL,-0.6174764099192638,-0.5395487887108873,-1.1203661439497468,-0.6557668765893739,-0.4645992673603728,False,False,0.679263779034096
231,OMA,-0.0352769838609279,-0.1375911635537256,-0.3480108847821265,-0.03901895498540963,-0.30899192979671686,False,False,0.679263779034096
232,ONT,-0.202052412826854,-0.1375911635537256,-0.5954736698217424,-0.23135912135653566,-0.36411454846520674,False,False,0.679263779034096
233,ORE,-0.4011617829370851,-0.5395487887108873,-0.5661516230080789,-0.44126774839808924,-0.12488387460998962,False,False,0.679263779034096
234,PAK,0.8469182976567861,0.965132346865476,1.2523285243485969,0.8444708077618237,0.40785771658677317,False,False,0.679263779034096
235,PAL,-0.0604079990674312,0.1866512807783093,0.2719865699448028,-0.070019947782366,0.34200651772716884,False,False,0.679263779034096
236,PAN,1.455317510930172,1.354880366926274,1.320322792988837,1.181037245364633,0.1392855476242041,False,False,0.679263779034096
237,PAR,0.7147619640076209,0.7830094256513634,1.0207720917626384,0.7505083493224896,0.27026374244014884,False,False,0.679263779034096
238,PEI,-1.2489387444590836,-1.3606375673589184,-1.9814972443283527,-1.1724875034280247,-0.8090097409003281,False,False,0.679263779034096
239,PEN,-0.4126762827699386,-0.5395487887108873,-1.1189931985152444,-0.4527554460758947,-0.6662377524393497,False,False,0.679263779034096
240,PER,1.7246517634634757,1.6769644200842262,1.2263582892264528,1.2999601870849906,-0.07360189785853777,False,False,0.679263779034096
241,PHI,1.517056838656032,1.400702438085161,1.4304320574071865,1.2090685741845597,0.22136348322262678,False,False,0.679263779034096
242,PIT,-1.4498858831265256,-2.0137945668490214,-1.4393598609650846,-1.2908724239749407,-0.14848743699014388,False,False,0.679263779034096
243,POL,-0.2761032666333507,0.220928367474343,-0.7644699840801047,-0.31246077577408904,-0.45200920830601565,False,False,0.679263779034096
244,POR,-0.3357550127418187,0.0765290130562803,0.4207761956622411,-0.3750361389137652,0.7958123345760063,False,False,0.679263779034096
245,PRM,-0.4313942747688793,-0.0465899257343305,0.1332433917899874,-0.4715323120725503,0.6047757038625377,False,False,0.679263779034096
246,PUE,0.0967561324462617,0.1866512807783093,0.7230066627664818,0.12151371029099793,0.601492952475484,False,False,0.679263779034096
247,QLD,0.9326708352773694,0.8779247069864101,1.0073218592235902,0.9015438972651408,0.10577796195844935,False,False,0.679263779034096
248,QUE,-0.2807466703457117,-0.2911066102048046,-0.9625078866586602,-0.31760670949847725,-0.6449011771601829,False,False,0.679263779034096
249,REU,-0.7027848670185388,-1.0846843279216114,0.0848085744903727,-0.7376052798202768,0.8224138543106495,False,False,0.679263779034096
250,RHO,-0.5786479220544717,-0.7758306895441908,-1.2606905758092877,-0.6176107161879913,-0.6430798596212963,False,False,0.679263779034096
251,ROD,-2.1235021938365857,-2.0137945668490214,0.6845105263205583,-1.585425175282545,2.2699357016031034,True,False,0.679263779034096
252,ROM,0.1145044574750321,0.6111107467498976,-0.3953113150918965,0.14327503274219486,-0.5385863478340913,False,False,0.679263779034096
253,RUC,-0.4689908793542097,-0.0465899257343305,-0.2786118993285472,-0.5093113235792055,0.2306994242506583,False,False,0.679263779034096
254,RUE,-0.394705652499324,0.0765290130562803,-0.8081464553474805,-0.4348309394980099,-0.37331551584947065,False,False,0.679263779034096
255,RUN,-0.5631584649720442,0.0370833440830452,-1.1689456998314034,-0.6024314796222638,-0.5665142202091396,False,False,0.679263779034096
256,RUS,-0.2732152044184576,0.1145389224482926,-0.4377570065721212,-0.30925007260785653,-0.12850693396426466,False,False,0.679263779034096
257,RUW,-0.8688808504026836,-0.1375911635537256,-1.1356200868006925,-0.8915400227277271,-0.24408006407296534,False,False,0.679263779034096
258,RWA,0.5795562218746101,0.3773202831553167,0.7319094159591842,0.6382467846259042,0.09366263133328001,False,False,0.679263779034096
259,SAK,-0.8284499846361024,-0.9708682891234034,-1.0252076273857422,-0.8544909683807057,-0.17071665900503652,False,False,0.679263779034096
260,SAM,-0.2960187621422182,-0.6908187644805573,0.7381927075009007,-0.33305958440686606,1.0712522919077667,False,False,0.679263779034096
261,SAR,-0.4033153588279262,-0.0465899257343305,0.613289575202867,-0.44341558258195296,1.0567051577848199,False,False,0.679263779034096
262,SAS,-0.7622170668415115,-0.8686427403087341,0.7587963236047839,-0.7933916641149829,1.5521879877197668,True,False,0.679263779034096
263,SAU,0.2863106888344157,0.1866512807783093,-0.2828054673920077,0.34747543898139754,-0.6302809063734052,False,False,0.679263779034096
264,SCA,-0.2466862362147162,-0.4078260557832601,-0.3947560301044739,-0.28107764605539115,-0.11367838404908276,False,False,0.679263779034096
265,SCI,-0.4773454213474875,-0.8686427403087341,-0.3936648538107185,-0.5177437753286194,0.1240789215179009,False,False,0.679263779034096
266,SCS,-0.7422190783495282,-1.0846843279216114,-0.1062567727498739,-0.7747704432078527,0.6685136704579788,False,False,0.679263779034096
267,SCZ,-0.8397294618942052,-1.3606375673589184,0.1151114024325719,-0.864838834344428,0.9799502367769999,False,False,0.679263779034096
268,SDA,-0.5672218609601208,-0.5395487887108873,-1.0993243411541165,-0.6063875540292119,-0.49293678712490463,False,False,0.679263779034096
269,SEL,-1.402983837357319,-1.7447056892362882,-0.4644826589832318,-1.2641447171292859,0.7996620581460541,False,False,0.679263779034096
270,SEN,0.9201742291930696,0.8596013411073246,0.9102875441266124,0.8934041337024189,0.0168834104241935,False,False,0.679263779034096
271,SEY,-0.9064940610999714,-1.213130445937304,0.5667260120039103,-0.926185782048947,1.4929117940528571,True,False,0.679263779034096
272,SIC,-0.4365014865268516,-0.0039131215192864,0.2799858028123854,-0.476686487594655,0.7566722904070404,False,False,0.679263779034096
273,SIE,1.0019125264198845,1.1495104228008612,1.3904687357646734,0.9467473959863273,0.44372133977834616,False,False,0.679263779034096
274,SIN,-0.5189623471388264,-0.3478112764350301,-0.3014952511006888,-0.5591105360066044,0.2576152849059156,False,False,0.679263779034096
275,SOA,-2.1235021938365857,-2.0137945668490214,-1.1004243374853104,-1.585425175282545,0.4850008377972346,False,False,0.679263779034096
276,SOC,-0.5309246053193378,-0.6908187644805573,-0.1251527336767996,-0.5708902929236983,0.44573755924689873,False,False,0.679263779034096
277,SOL,0.3533910639904763,0.2541216101099962,1.198677057395777,0.4228248369453014,0.7758522204504756,False,False,0.679263779034096
278,SOM,0.4861934874034022,0.3773202831553167,0.6604148041044475,0.5538752575592867,0.10653954654516085,False,False,0.679263779034096
279,SPA,0.0978095884013859,0.53875848842133,0.0464511202277088,0.12281979616365579,-0.07636867593594698,False,False,0.679263779034096
280,SRL,1.662087258637728,1.3894256513837262,1.2910410934110474,1.2731243365276215,0.017916756883425977,False,False,0.679263779034096
281,SUD,1.082546770871424,1.1352899663565683,2.077823808883051,0.995652791576543,1.0821710173065082,False,False,0.679263779034096
282,SUL,1.1062649535201607,0.9981301919424256,1.1249104201065074,1.0089828658145237,0.11592755429198376,False,False,0.679263779034096
283,SUM,1.7392959331114026,1.4660280750138088,1.113183910236758,1.3061690469225335,-0.19298513668577555,False,False,0.679263779034096
284,SUR,1.2215500215378388,1.204599274217144,0.8347103987281952,1.0696439818864703,-0.23493358315827506,False,False,0.679263779034096
285,SWC,-0.1444965297402069,-0.4078260557832601,0.0436559098468453,-0.16737712246994715,0.21103303231679246,False,False,0.679263779034096
286,SWE,-0.6314434592779613,-0.2373600847840067,-0.879751798939342,-0.6692147794399121,-0.21053701949942982,False,False,0.679263779034096
287,SWI,0.0441075438922741,0.5875361130708013,-0.7072101220555812,0.05660430287829328,-0.7638144249338745,False,False,0.679263779034096
288,SWZ,0.5135735098200488,0.3773202831553167,1.0519496237353754,0.5783125893348484,0.47363703440052696,False,False,0.679263779034096
289,TAI,1.4232895284000626,1.354880366926274,0.6347991446853147,1.1663084200237395,-0.5315092753384247,False,False,0.679263779034096
290,TAN,1.5841250342152209,1.566940682918563,1.4060039792781769,1.2390039313893988,0.1670000478887781,False,False,0.679263779034096
291,TAS,-1.4498858831265256,-2.0137945668490214,-1.1262797651790328,-1.2908724239749407,0.1645926587959079,False,False,0.679263779034096
292,TCI,-0.6790305689427815,-0.9708682891234034,-0.5118696054213592,-0.7150739338214606,0.20320432840010139,False,False,0.679263779034096
293,TCS,0.0456340922906444,0.4611131282587262,-0.0937969172023735,0.058522383037293485,-0.152319300239667,False,False,0.679263779034096
294,TEN,-0.2075114955471064,-0.4715702278899226,-0.4450185503281386,-0.23730946437162614,-0.20770908595651244,False,False,0.679263779034096
295,TEX,0.1630881364575602,0.1512156976782091,0.068538617283028,0.20213256847307504,-0.13359395119004702,False,False,0.679263779034096
296,THA,2.417828198020495,2.2400104353614547,1.297057110186887,1.5605777652805297,-0.26352065509364264,False,False,0.679263779034096
297,TKM,-0.4633121465310171,-0.2911066102048046,-0.3251463816580333,-0.5035576995726224,0.17841131791458914,False,False,0.679263779034096
298,TOG,0.7356004306094368,0.7830094256513634,1.5900648496999552,0.76562402881006,0.8244408208898952,False,False,0.679263779034096
299,TON,-0.3548803458366834,-0.6908187644805573,0.7733006437554973,-0.39432343335258,1.1676240771080773,False,False,0.679263779034096
300,TRT,0.6392615160772857,0.6111107467498976,0.6951812702160114,0.6900241097562074,0.005157160459803967,False,False,0.679263779034096
301,TUA,-1.1233760112743676,-1.5340381556825426,-0.6407798456517109,-1.0959370413312701,0.45515719567955926,False,False,0.679263779034096
302,TUB,-0.9989096324544816,-1.3606375673589184,-1.3163540391805948,-1.0067805227121613,-0.30957351646843345,False,False,0.679263779034096
303,TUE,-0.1597115222762207,0.1145389224482926,0.2013741658360592,-0.1839809798305645,0.38535514566662366,False,False,0.679263779034096
304,TUN,-0.4588625371026864,-0.2373600847840067,0.1452674214427121,-0.4990362883168852,0.6443037097595973,False,False,0.679263779034096
305,TUR,0.3231343796611457,0.700515240754854,0.1952094286680717,0.3890657938671858,-0.19385636519911412,False,False,0.679263779034096
306,TVA,-0.4188943448450438,-0.2373600847840067,-1.2504089875489304,-0.458962877132067,-0.7914461104168633,False,False,0.679263779034096
307,TVL,0.8633240976580049,0.700515240754854,0.9643741779816314,0.8554565771494567,0.10891760083217472,False,False,0.679263779034096
308,TZK,-0.0468225408884728,0.1145389224482926,0.2130656659715307,-0.053264504999279955,0.2663301709708107,False,False,0.679263779034096
309,UGA,1.1303205024586551,1.191086799262218,1.45614353370174,1.0221692377607268,0.43397429594101333,False,False,0.679263779034096
310,UKR,0.0547930031295272,0.5135030942945985,-0.0513454407880199,0.06956980170655241,-0.1209152424945723,False,False,0.679263779034096
311,URU,-0.1999206354944906,-0.3478112764350301,0.9171252867469732,-0.22888912299158345,1.1460144097385567,False,False,0.679263779034096
312,UTA,-0.2536980282037941,-0.0910936706383567,-0.6429543243879495,-0.28851610201386796,-0.35443822237408157,False,False,0.679263779034096
313,UZB,-0.139881912956015,0.0370833440830452,0.3684739929839844,-0.16230379113920762,0.530777784123192,False,False,0.679263779034096
314,VAN,0.1961569892547853,-0.0465899257343305,0.7918105058483653,0.24153368257214994,0.5502768232762154,False,False,0.679263779034096
315,VEN,1.722744494425738,1.6324472564544497,1.3971112191400292,1.2991494864018291,0.09796173273820008,False,False,0.679263779034096
316,VER,-0.4673941951580295,-0.5395487887108873,-1.119749235652047,-0.5076954273868218,-0.6120538082652253,False,False,0.679263779034096
317,VIC,-1.7916431982894347,-1.7447056892362882,-1.7283387522152835,-1.444265633570302,-0.28407311864498164,False,False,0.679263779034096
318,VIE,2.4038250694649537,2.218741337222272,1.2101457426675606,1.5559986965926476,-0.34585295392508697,False,False,0.679263779034096
319,VNA,-0.0407250963514931,-0.2373600847840067,0.5553957783054997,-0.04571824848148556,0.6011140267869852,False,False,0.679263779034096
320,VRG,-0.128258165745159,-0.4078260557832601,-0.2049955878944144,-0.14887197523523793,-0.05612361265917648,False,False,0.679263779034096
321,WAL,-0.45702917436053,-0.9708682891234034,0.699979150029687,-0.49717092916396793,1.197150079193655,True,False,0.679263779034096
322,WAS,-0.5289457384981022,-0.7758306895441908,-0.2455456821287367,-0.5689444044265546,0.32339872229781785,False,False,0.679263779034096
323,WAU,-0.0826868697094607,-0.3478112764350301,0.8758861458714987,-0.09645612982033065,0.9723422756918294,False,False,0.679263779034096
324,WDC,-2.155405867884763,-1.3606375673589184,-1.586497047204966,-1.599805160263732,0.013308113058766002,False,False,0.679263779034096
325,WHM,1.331415546304621,1.269752601649205,1.040065903462602,1.1232517045891057,-0.08318580112650364,False,False,0.679263779034096
326,WIN,0.3130715864823575,0.2541216101099962,0.7735379089196642,0.3781873076715327,0.39535060124813154,False,False,0.679263779034096
327,WIS,-0.4343155922829657,-0.4715702278899226,-1.0256157037471472,-0.4745046430485112,-0.551111060698636,False,False,0.679263779034096
328,WSA,-3.023969764977934,-2.0137945668490214,-1.7540282119671058,-2.004201946234636,0.2501737342675303,False,False,0.679263779034096
329,WSB,-0.0849230804129376,0.3175208796893813,-0.8667811518830508,-0.09895986561109729,-0.7678212862719536,False,False,0.679263779034096
330,WVA,-0.8444831018195256,-0.8686427403087341,-1.450558692291563,-0.8691967056150325,-0.5813619866765305,False,False,0.679263779034096
331,WYO,-0.6425115143770274,-0.4078260557832601,-0.7014173436384432,-0.6798927843529218,-0.02152455928552144,False,False,0.679263779034096
332,XMS,-1.1436225237504456,-1.7447056892362882,-0.166067229761495,-1.1087446234001155,0.9426773936386205,False,False,0.679263779034096
333,YAK,-0.6475134135690396,-0.3478112764350301,-1.152675604319453,-0.6847979987594103,-0.46787760556004276,False,False,0.679263779034096
334,YEM,0.2594528371293268,0.1512156976782091,-0.3694566576855549,0.3162856956753117,-0.6857423533608666,False,False,0.679263779034096
335,YUG,0.2491069564569007,0.8219889543502039,-0.0965407196834511,0.30417742770031525,-0.4007181473837663,False,False,0.679263779034096
336,YUK,-1.6169643546153625,-1.213130445937304,-1.842489887082293,-1.3713606673253886,-0.47112921975690436,False,False,0.679263779034096
337,ZAI,1.6987213896018574,1.8006774286986813,1.452531127644724,1.2888981608605101,0.1636329667842138,False,False,0.679263779034096
338,ZAM,1.2481235032927127,1.076465400425215,1.026950047573585,1.082888768650574,-0.05593872107698883,False,False,0.679263779034096
339,ZIM,1.1323574092006017,0.9981301919424256,1.0365856283684831,1.02327115218573,0.013314476182753054,False,False,0.679263779034096
